,Temperature,A1,A2,A3,A4,A5,A6,A7,A8,A9,A10,A11,A12,B1,B2,B3,B4,B5,B6,B7,B8,B9,B10,B11,B12,C1,C2,C3,C4,C5,C6,C7,C8,C9,C10,C11,C12,D1,D2,D3,D4,D5,D6,D7,D8,D9,D10,D11,D12,E1,E2,E3,E4,E5,E6,E7,E8,E9,E10,E11,E12,F1,F2,F3,F4,F5,F6,F7,F8,F9,F10,F11,F12,G1,G2,G3,G4,G5,G6,G7,G8,G9,G10,G11,G12,H1,H2,H3,H4,H5,H6,H7,H8,H9,H10,H11,H12
,55,4732.55141462519,4382.77541777498,4519.85870579554,2740.20826195765,4503.79872134417,4265.43729440258,4589.33109458406,4256.61280460136,4608.65754771766,2579.29887996446,4399.70191391668,4505.13637197364,4915.12230991153,4388.67041461545,4244.03612600589,4213.66798477924,4382.75602070507,4520.51163837216,4450.22833874641,4569.61061500101,4566.72796127591,2358.25583289524,2806.6737963818,4615.40504301102,4591.40599405682,3088.09260968382,4708.05184773444,2743.22674570716,4615.93721024609,3337.00349651256,4618.26745066873,4566.16809864769,4173.40241931172,4492.26977805095,2266.68329309243,2282.24356579777,4897.60253369342,2550.77984575759,2701.13187040356,4683.38799329513,4752.81336227356,3685.43573364693,4404.82404801199,2733.27941226034,4699.81829689624,2437.77461535425,2264.18687770643,2277.78401628129,4969.24937884542,4693.09102263728,4112.15415406662,2718.35013988496,4209.82672172972,4670.20839168791,4414.79537054614,4854.93883418782,4679.79917055576,4404.22069395262,2267.40303752578,2271.61616207774,5150.48487165482,4619.25567379332,4430.90530935549,2608.62971335962,4817.94184586317,4618.03718492295,4745.78534790929,4914.20564604288,3272.40193417069,2323.03094485253,2264.26032099823,2282.13208245316,4943.09015594926,4494.01357864885,4639.42329871366,2707.65275228916,4529.52277194448,4630.38636938301,4652.47295395653,4719.0790307166,4729.65681182022,2701.00885866073,2266.8245698835,2269.96054682352,4918.6606030891,4496.56484121453,4324.70551391119,2583.04215258735,4480.0000395637,4490.41120530396,4556.38383826538,4398.97131408282,3604.42310336636,2523.74729331551,2266.08567974976,2272.82863124483
,55.5,4746.27714418021,4411.18265410967,4547.12524699579,2732.58301969243,4533.36441583248,4302.45164143361,4618.31306982812,4280.22868059889,4636.13788351485,2575.89410498698,4422.29266109074,4536.88867056516,4929.58100825021,4416.46073481853,4269.81330134394,4244.07725860738,4414.31188946159,4550.07277590084,4475.05179572178,4598.35976624136,4594.50632686428,2356.93032256617,2796.84277075664,4651.79594379427,4615.43391919438,3076.05977957301,4733.7265968896,2734.1516219337,4644.11154685658,3332.35589652531,4647.6783047972,4592.88210797184,4188.11747861548,4513.53365962728,2266.80898414296,2282.76377968652,4910.9310795646,2544.29414341423,2692.27112768686,4705.42547628819,4777.41291559807,3695.24104328931,4429.20043136494,2724.79033714936,4727.25775625058,2433.10002442221,2264.61543380808,2278.06777293018,4984.87620059809,4718.43588044551,4143.83763046199,2709.7843274762,4242.64387599769,4694.68451165647,4444.82060346792,4885.39534232259,4707.14160030812,4427.00841352942,2267.94377179163,2272.32976011468,5173.54772777579,4646.03772540216,4456.73113101193,2601.18301745112,4841.96590464117,4646.35970629218,4774.34371989432,4941.78468522116,3299.94806049324,2322.29500167555,2264.95986177382,2282.39004167198,4963.15140954271,4522.07803361666,4667.88815067198,2699.97859465513,4560.21560387073,4644.16388795659,4680.58143561138,4748.32198201379,4753.7979287167,2690.81492643674,2267.31940262735,2270.44558983128,4941.40427419474,4523.9061105646,4346.24583724924,2579.54433001954,4508.00778374697,4517.52055022118,4581.98854125726,4428.43376367413,3619.44775481658,2529.60949436466,2266.60467892886,2273.15210499439
,56,4760.00287373523,4439.58989044436,4574.39178819604,2724.95777742721,4562.93011032078,4339.46598846465,4647.29504507218,4303.84455659642,4663.61821931203,2572.48933000949,4444.88340826481,4568.64096915668,4944.03970658888,4444.25105502161,4295.59047668198,4274.48653243553,4445.86775821811,4579.63391342951,4499.87525269715,4627.10891748172,4622.28469245264,2355.60481223709,2787.01174513148,4688.18684457753,4639.46184433193,3064.02694946221,4759.40134604476,2725.07649816024,4672.28588346708,3327.70829653805,4677.08915892568,4619.59611729598,4202.83253791924,4534.7975412036,2266.9346751935,2283.28399357528,4924.25962543578,2537.80844107086,2683.41038497016,4727.46295928126,4802.01246892258,3705.04635293169,4453.57681471789,2716.30126203839,4754.69721560492,2428.42543349018,2265.04398990973,2278.35152957908,5000.50302235075,4743.78073825374,4175.52110685737,2701.21851506745,4275.46103026566,4719.16063162504,4474.84583638971,4915.85185045736,4734.48403006048,4449.79613310622,2268.48450605748,2273.04335815163,5196.61058389677,4672.819777011,4482.55695266837,2593.73632154262,4865.98996341917,4674.68222766143,4802.90209187934,4969.36372439943,3327.4941868158,2321.55905849858,2265.65940254941,2282.6480008908,4983.21266313616,4550.14248858447,4696.35300263029,2692.30443702109,4590.90843579698,4657.94140653017,4708.68991726624,4777.56493331098,4777.93904561318,2680.62099421275,2267.8142353712,2270.93063283904,4964.14794530037,4551.24737991468,4367.78616058729,2576.04650745174,4536.01552793024,4544.62989513839,4607.59324424915,4457.89621326545,3634.4724062668,2535.47169541381,2267.12367810796,2273.47557874396
,56.5,4773.72860329025,4467.99712677905,4601.65832939629,2717.332535162,4592.49580480909,4376.48033549569,4676.27702031625,4327.46043259395,4691.09855510922,2569.084555032,4467.47415543887,4600.3932677482,4958.49840492756,4472.04137522469,4321.36765202003,4304.89580626368,4477.42362697463,4609.19505095819,4524.69870967252,4655.85806872207,4650.063058041,2354.27930190802,2777.18071950631,4724.57774536079,4663.48976946949,3051.9941193514,4785.07609519992,2716.00137438677,4700.46022007757,3323.0606965508,4706.50001305415,4646.31012662012,4217.54759722299,4556.06142277993,2267.06036624404,2283.80420746403,4937.58817130696,2531.3227387275,2674.54964225346,4749.50044227432,4826.61202224709,3714.85166257406,4477.95319807084,2707.81218692742,4782.13667495925,2423.75084255814,2265.47254601138,2278.63528622797,5016.12984410342,4769.12559606198,4207.20458325274,2692.6527026587,4308.27818453363,4743.63675159361,4504.87106931149,4946.30835859213,4761.82645981285,4472.58385268302,2269.02524032333,2273.75695618857,5219.67344001774,4699.60182861984,4508.3827743248,2586.28962563413,4890.01402219717,4703.00474903067,4831.46046386436,4996.94276357771,3355.04031313835,2320.8231153216,2266.358943325,2282.90596010961,5003.27391672962,4578.20694355229,4724.81785458861,2684.63027938705,4621.60126772324,4671.71892510375,4736.79839892109,4806.80788460816,4802.08016250966,2670.42706198876,2268.30906811504,2271.41567584681,4986.89161640601,4578.58864926476,4389.32648392533,2572.54868488393,4564.02327211351,4571.73924005561,4633.19794724103,4487.35866285677,3649.49705771702,2541.33389646296,2267.64267728706,2273.79905249352
,57,4787.45433284527,4496.40436311373,4628.92487059653,2709.70729289678,4622.06149929739,4413.49468252673,4705.25899556031,4351.07630859148,4718.5788909064,2565.67978005451,4490.06490261294,4632.14556633972,4972.95710326624,4499.83169542777,4347.14482735808,4335.30508009183,4508.97949573115,4638.75618848686,4549.52216664789,4684.60721996242,4677.84142362936,2352.95379157894,2767.34969388115,4760.96864614405,4687.51769460705,3039.9612892406,4810.75084435508,2706.92625061331,4728.63455668806,3318.41309656354,4735.91086718263,4673.02413594427,4232.26265652675,4577.32530435626,2267.18605729457,2284.32442135279,4950.91671717814,2524.83703638413,2665.68889953676,4771.53792526738,4851.21157557159,3724.65697221644,4502.32958142379,2699.32311181645,4809.57613431359,2419.07625162611,2265.90110211303,2278.91904287687,5031.75666585609,4794.47045387021,4238.88805964811,2684.08689024994,4341.09533880161,4768.11287156217,4534.89630223328,4976.7648667269,4789.16888956521,4495.37157225982,2269.56597458918,2274.47055422551,5242.73629613872,4726.38388022867,4534.20859598124,2578.84292972563,4914.03808097517,4731.32727039991,4860.01883584939,5024.52180275599,3382.5864394609,2320.08717214462,2267.0584841006,2283.16391932843,5023.33517032307,4606.2713985201,4753.28270654692,2676.95612175301,4652.29409964949,4685.49644367732,4764.90688057595,4836.05083590535,4826.22127940614,2660.23312976477,2268.80390085889,2271.90071885457,5009.63528751164,4605.92991861484,4410.86680726338,2569.05086231612,4592.03101629678,4598.84858497283,4658.80265023292,4516.82111244809,3664.52170916723,2547.19609751211,2268.16167646616,2274.12252624308
,57.5,4801.1800624003,4524.81159944845,4656.19141179668,2702.08205063159,4651.62719378565,4450.50902955778,4734.24097080429,4374.69218458903,4746.05922670356,2562.27500507697,4512.65564978702,4663.89786493119,4987.41580160485,4527.62201563083,4372.92200269615,4365.71435391996,4540.53536448766,4668.31732601553,4574.3456236233,4713.35637120275,4705.61978921772,2351.62828124987,2757.51866825599,4797.35954692729,4711.54561974466,3027.92845912981,4836.42559351031,2697.85112683982,4756.80889329864,3313.76549657628,4765.32172131118,4699.73814526844,4246.97771583051,4598.58918593262,2267.31174834515,2284.84463524155,4964.24526304928,2518.35133404077,2656.82815682004,4793.57540826053,4875.81112889608,3734.4622818588,4526.70596477669,2690.83403670545,4837.01559366795,2414.40166069409,2266.32965821466,2279.20279952574,5047.38348760881,4819.81531167843,4270.57153604353,2675.52107784118,4373.91249306959,4792.58899153079,4564.9215351551,5007.22137486162,4816.51131931767,4518.15929183664,2270.10670885507,2275.18415226243,5265.79915225974,4753.16593183746,4560.03441763768,2571.39623381712,4938.0621397532,4759.64979176916,4888.57720783439,5052.10084193427,3410.13256578341,2319.35122896763,2267.75802487615,2283.42187854723,5043.3964239166,4634.33585348793,4781.7475585052,2669.28196411897,4682.98693157572,4699.27396225089,4793.01536223084,4865.29378720262,4850.36239630255,2650.03919754079,2269.29873360276,2272.38576186234,5032.37895861729,4633.27118796492,4432.40713060142,2565.55303974833,4620.03876048004,4625.95792989005,4684.40735322472,4546.28356203931,3679.54636061743,2553.05829856123,2268.68067564529,2274.44599999265
,58,4814.90579195533,4553.21883578313,4683.45795299693,2694.45680836638,4681.19288827396,4487.52337658882,4763.22294604836,4398.30806058655,4773.53956250075,2558.87023009948,4535.24639696109,4695.65016352271,5001.87449994352,4555.41233583391,4398.6991780342,4396.12362774811,4572.09123324418,4697.8784635442,4599.16908059867,4742.1055224431,4733.39815480608,2350.3027709208,2747.68764263082,4833.75044771055,4735.57354488222,3015.89562901901,4862.10034266547,2688.77600306636,4784.98322990913,3309.11789658903,4794.73257543966,4726.45215459258,4261.69277513426,4619.85306750895,2267.43743939568,2285.36484913031,4977.57380892046,2511.8656316974,2647.96741410334,4815.61289125359,4900.41068222059,3744.26759150118,4551.08234812964,2682.34496159447,4864.45505302229,2409.72706976205,2266.75821431631,2279.48655617463,5063.01030936148,4845.16016948666,4302.2550124389,2666.95526543243,4406.72964733757,4817.06511149936,4594.94676807688,5037.67788299639,4843.85374907003,4540.94701141344,2270.64744312093,2275.89775029937,5288.86200838071,4779.9479834463,4585.86023929412,2563.94953790862,4962.0861985312,4787.9723131384,4917.13557981941,5079.67988111255,3437.67869210597,2318.61528579065,2268.45756565175,2283.67983776604,5063.45767751006,4662.40030845574,4810.21241046352,2661.60780648493,4713.67976350198,4713.05148082446,4821.1238438857,4894.53673849981,4874.50351319903,2639.8452653168,2269.79356634661,2272.87080487011,5055.12262972293,4660.612457315,4453.94745393947,2562.05521718053,4648.04650466331,4653.06727480726,4710.01205621661,4575.74601163063,3694.57101206765,2558.92049961038,2269.19967482439,2274.76947374222
,58.5,4822.05332001414,4576.15555345955,4708.75922733055,2686.45813165887,4710.56032066912,4521.5421762812,4788.15364215232,4422.05811043535,4798.58327412719,2555.5938292124,4558.97589490642,4726.32687272634,5011.23188340288,4581.94588878152,4419.7675477234,4422.82191343965,4601.25835476986,4720.74858598752,4620.71580517929,4767.83523198352,4753.80386950638,2349.22258514592,2737.99075125207,4867.98660814088,4756.08174793946,3002.04081047739,4883.96521629946,2679.02543622339,4807.76882547602,3298.81727051207,4817.95006558899,4749.16254699042,4275.03833431441,4635.196347071,2267.85684689204,2285.72976061664,4985.69420348971,2505.43233752749,2638.71671427297,4831.16378590103,4920.76644133418,3747.58691664129,4571.33336913716,2673.29558001322,4886.91095087001,2405.36875058332,2267.25128586144,2279.60902457835,5073.07150353067,4864.65331349822,4328.01594077579,2656.97595329739,4436.62678090773,4830.05061312656,4620.81215354445,5063.64926185221,4865.99480396755,4561.21917463052,2271.09503052317,2276.63946312461,5307.01887891142,4801.2335707299,4607.91214394542,2555.81419759788,4975.66486299435,4809.99639748527,4939.42438403318,5100.90176265961,3459.06000048896,2318.0563625336,2269.40146467061,2283.85738635298,5078.41765686709,4683.74277973809,4833.70293214263,2652.44861539791,4738.64136474834,4717.3771792454,4844.65002778672,4920.20995685307,4891.95813831399,2628.41326286917,2270.06675641361,2273.3075408913,5071.28574162621,4685.90845287419,4470.73540386483,2558.51998229432,4672.14654903727,4675.75585821815,4731.78033971532,4604.04559897212,3708.09360770533,2564.28293555356,2269.93553247357,2275.11954269431
,59,4822.89192055073,4591.28795057817,4729.62483548023,2677.68547723415,4737.50512013558,4549.7236734464,4806.02601840463,4443.97752409011,4818.27746675545,2552.27513724742,4583.07547887915,4754.06786713206,5014.26757799443,4605.02316899056,4434.03269842967,4444.49151558324,4625.96324926877,4735.16873239723,4636.53049338022,4788.24431120463,4764.96964649854,2348.01292736768,2728.51811329097,4898.15814543446,4771.86086313957,2985.99836366287,4899.84246233896,2668.7220259722,4822.98729020674,3283.02766104035,4832.5225544903,4766.13533110203,4286.2470011046,4643.26701356805,2268.2896880385,2286.03982460212,4987.76733905654,2498.62917779455,2628.94077647265,4838.64365360706,4934.68246091076,3744.13450299263,4585.64496273207,2663.2164540058,4902.78055454043,2401.2942847219,2267.75966588056,2279.78757397474,5075.98055605003,4876.07829267272,4346.60371891559,2645.60637425025,4461.23357855137,4832.70468274552,4639.73003385908,5082.94516987362,4881.01488307669,4577.81502054279,2271.63348254571,2277.17972774882,5317.53114174356,4815.02163967947,4624.3310439745,2546.72665118228,4978.74362328262,4823.42515216239,4953.35083071664,5113.1953462692,3473.43630127248,2317.44544435992,2270.17154696033,2284.50483267762,5086.20493773517,4696.26085477298,4849.32361122239,2641.93336858739,4756.28946312731,4713.71733031342,4860.72960329533,4940.12327785282,4900.80362361174,2616.16934476361,2270.19555955195,2273.89259116336,5078.7263531453,4707.44982146903,4481.07625451031,2554.75495701311,4690.00172134695,4692.19169952411,4747.544551778,4628.83023612612,3719.45470761633,2569.02114018864,2270.54917117162,2275.36921200169
,59.5,4817.67388274082,4597.93202751948,4743.72570712019,2668.16028823273,4758.99928081628,4569.84320574189,4814.51777128396,4462.88007387004,4831.37453001501,2548.31173971284,4605.52844665512,4776.66908673383,5010.65208862656,4622.65445862631,4440.0287277506,4458.92945019508,4643.91953925537,4740.4201698339,4644.56489654902,4801.19277404367,4766.75618707004,2346.46530132846,2718.90892199215,4921.85606065751,4781.54612302179,2967.33171395846,4907.38113535848,2657.51301909252,4829.72788126958,3263.27010836057,4837.30230977806,4775.16509264339,4294.17571615586,4643.35645276427,2268.74826105954,2286.49570798125,4983.37522286896,2491.1401031452,2618.225723475,4837.61144439603,4940.55039339685,3734.17212698344,4592.63069694488,2652.20576011939,4909.49606981871,2397.0932589382,2268.04384791891,2279.92346795842,5071.92623295134,4878.34681259487,4357.10072351102,2633.19208973297,4478.25795083456,4827.57156765276,4649.88323086417,5093.12793039961,4887.3639110924,4588.85389889068,2272.07265693939,2277.68885049049,5318.79886848391,4819.53848785595,4633.36065272741,2537.3526351502,4972.8731251281,4827.35329788,4957.28448196803,5115.55282234126,3480.61668434155,2316.67962473075,2270.62221895785,2284.98756251496,5086.00031777341,4699.84323893305,4855.72149093841,2630.32705593964,4765.2093867638,4704.37152303139,4868.01120900936,4952.08745952479,4900.65894219145,2603.07329979087,2270.60526239609,2274.34610204271,5076.45218319145,4724.13613383271,4484.74936634961,2550.25658636857,4699.8796795648,4701.50779608947,4755.74753475597,4648.05750238229,3727.91499267394,2573.26721818031,2271.40698766156,2275.65213841979
,60,4806.83697131382,4596.52055646421,4749.30411599241,2657.49092606508,4772.45456616609,4580.54755561469,4813.98146647934,4476.53574773637,4835.86195158977,2543.66589298275,4624.75344496334,4792.09259468911,5000.44021214571,4632.55365898224,4437.98635161858,4465.0962542799,4654.12231814097,4737.73149779055,4644.69253907328,4805.6196833761,4760.97879959298,2344.79275300138,2708.73923772062,4936.77827400034,4784.44456553655,2946.35535701887,4906.24110758438,2645.32098292144,4828.35011383982,3240.94062087595,4833.26997072248,4775.66786816609,4298.44265353102,4636.49000988858,2269.28502739355,2286.84113387532,4972.8091517105,2482.86922974519,2606.15072488892,4828.7547013069,4938.23671427836,3718.6122025086,4592.13325355164,2640.30103696294,4907.09473208705,2393.10835254369,2268.3247019802,2280.33155472645,5061.06359466894,4872.52550995088,4359.93165921501,2620.19913269214,4486.60994642209,4817.0983652015,4651.72973882997,5093.36454222872,4886.01807438317,4593.13520713773,2272.47031883244,2278.2014931337,5310.12893266873,4815.62269135476,4634.33618686858,2527.41211196713,4960.30177010702,4822.79883449663,4952.59209894736,5108.80537902775,3480.46464936245,2315.99883564758,2271.16742524499,2285.56481919348,5077.1412923108,4695.76173695956,4853.22624817826,2617.8070098939,4765.66992640323,4691.65923913333,4866.52569011029,4954.91880032262,4892.69112194743,2589.34574930515,2270.72916358252,2274.8308435921,5065.04532625803,4734.12947401535,4481.13900768585,2545.0682628152,4701.41291608744,4702.58173386408,4755.7287734565,4659.93038237533,3733.02844590752,2576.4824467179,2272.43630995421,2275.76130306537
,60.5,4791.61604820345,4589.12014708369,4746.89110002753,2645.79782344047,4776.56526645936,4582.54272492576,4806.08744829211,4483.07565166065,4832.21995804592,2538.10118722744,4638.52694925195,4798.55757530852,4983.91772250632,4633.67191871361,4429.22031753793,4463.88772098439,4656.89831240229,4728.87249476006,4637.77225944069,4802.53606997341,4749.44182614762,2342.64353448938,2697.16590095767,4941.1785761523,4780.25123524905,2923.92843487322,4897.3237456394,2632.33405637964,4820.33803869271,3217.32844909684,4822.31375268816,4768.72285944409,4299.05717184786,4624.95862542746,2269.94242148589,2287.28554989274,4957.51385245954,2474.19380055819,2593.33577597598,4814.002634189,4928.9690833971,3698.90203333752,4585.68223549111,2627.87131145895,4897.19240682245,2389.00995599987,2268.53872592556,2280.59373318376,5044.25473465158,4860.54122473475,4356.53806902371,2607.24750409244,4487.19778234947,4803.49847530047,4646.53130999278,5085.02732047501,4878.06489684038,4590.41154864521,2272.94876208767,2278.49504555742,5292.80523026349,4804.86854629964,4627.82555034385,2517.05902475699,4943.37509884705,4812.18758405938,4940.82821279482,5094.95018783143,3474.34799537512,2315.30694379276,2271.35425480886,2286.15874869476,5060.83296053653,4686.05871015458,4843.09599442542,2604.89291626663,4759.37683257308,4677.52287556621,4857.53111898091,4949.92189609134,4878.73545488163,2575.65962471648,2271.18331742892,2275.32510202346,5046.1291065017,4736.11952402727,4472.13025705324,2539.16115062442,4695.74075143468,4696.93093160858,4748.58607980189,4663.433477867,3733.86999951476,2578.72144260989,2273.19141818557,2276.11383293029
,61,4772.58556335647,4577.04099474012,4737.75912547852,2633.53139989779,4772.1574369406,4577.30433143691,4792.42902783699,4482.2159542563,4821.57553791126,2531.57173931285,4644.4130198425,4795.66047280777,4962.82819764545,4627.2478731679,4416.44506268333,4457.3582156566,4653.19497838242,4716.03435773912,4625.37776943491,4792.95718557871,4734.45092085321,2340.28333788762,2684.35206522928,4935.58989010808,4769.36486377027,2900.29217117321,4882.54222652362,2619.1727259698,4807.58673907976,3193.06865970522,4806.47967780906,4756.14190237618,4295.62466455718,4610.28152435051,2270.55576637617,2287.54797051057,4938.32366128005,2465.26277573505,2579.69671108291,4795.45454479661,4914.30260040853,3675.82362588784,4574.58915870887,2615.06543716461,4882.16083383503,2384.57326303927,2268.69130958298,2281.06380978431,5022.76599929635,4843.96221073972,4348.42170130087,2594.50849285919,4481.06797455592,4788.97981300867,4635.95919868555,5070.14495549567,4865.42151837525,4581.80409668899,2273.34704952551,2279.02116597249,5268.85515122815,4789.20409158219,4615.80621103121,2506.78717314153,4924.5796993776,4797.01339339119,4924.57701177055,5076.29390771429,3463.51001580924,2314.2827731535,2271.1744888534,2286.7954712415,5039.09856151495,4672.79616757645,4827.68559354313,2592.48959550563,4748.26343363507,4662.65892347945,4842.59113082428,4938.70493324365,4860.80247553307,2562.40118489635,2271.7260209106,2276.07480762321,5022.14383442633,4731.10355010466,4459.01290674074,2532.58990305332,4684.36943498729,4685.86392464122,4735.77628928389,4659.43577490951,3730.84935105468,2580.01075064531,2273.77692666752,2276.53372980934
,61.5,4750.3197696774,4562.23578405652,4723.71090736952,2621.02089992926,4761.09408018224,4566.91237090187,4775.17534223653,4475.64050067656,4806.40984773923,2524.39785909648,4642.42846174677,4784.60977099091,4938.29824229062,4615.06895696527,4400.95572725567,4446.59312583934,4644.56113204745,4700.7271456469,4609.19653957618,4778.58134811472,4717.64002507731,2338.09940797968,2670.43947907906,4921.7097641827,4752.61139201185,2876.10217047167,4864.00362339563,2605.87343422717,4792.29180097967,3169.37899421306,4788.15679498162,4739.89489310756,4288.48397144836,4593.97394218221,2271.17985881706,2287.80113080526,4916.18596953245,2456.48000128236,2565.9694236873,4774.59383787948,4896.24562397409,3651.15834757514,4560.74493114328,2602.48521060738,4863.53443567026,2380.12863350591,2268.79565019283,2281.65286194167,4998.25339000399,4825.05395586922,4337.029140446,2582.07418147896,4470.54321867587,4773.79298777906,4622.39939196648,5050.65834114175,4849.62396732461,4568.60362270903,2273.64681245983,2279.50903969396,5241.07383302026,4770.62621721364,4600.09857074917,2496.94049129148,4904.96847630884,4779.60551218787,4905.99831311069,5054.94039460975,3449.49335431871,2313.17354845845,2270.95765839934,2287.04073460463,5013.53739929909,4657.5883479352,4809.14186554508,2580.45981210684,4734.02358750025,4647.76016003345,4824.18586401099,4923.06841056595,4841.09890927331,2549.26022725077,2272.40979527233,2276.70025638746,4994.89019807048,4720.35235459957,4443.41975594316,2525.46764236291,4669.18379642253,4671.40381617374,4719.23530257199,4649.55589052174,3724.73976790166,2580.7078983732,2274.58155624414,2277.06235386872
,62,4725.2298660632,4545.76739593312,4706.87680704317,2608.26013217555,4745.45062688272,4552.93289305628,4756.5004632408,4463.90717929684,4787.79425164738,2516.89173236754,4634.01131692501,4766.85421986594,4911.20883129052,4598.68527895299,4384.30178898142,4433.52650346225,4632.95282210557,4684.38000843821,4591.05139652697,4761.326460188,4700.18462337495,2336.07085397464,2655.53455956798,4901.66090297251,4731.29798602898,2852.23906869982,4843.4509967104,2593.05203206832,4775.40338257471,3145.89582832214,4768.50018000547,4721.72163025512,4278.12342142352,4576.86297382837,2271.70921024464,2288.08069862075,4891.57342366786,2448.01068266049,2552.31371281573,4752.5211433575,4876.57791873974,3625.60422503056,4545.18466516943,2589.72829040592,4843.74592306671,2375.77728147204,2269.19716003092,2282.42424143758,4970.86858902905,4805.01676615345,4323.66637243041,2570.21985896927,4457.19005201149,4757.56519518265,4607.48489725283,5028.89509385073,4832.36755965195,4552.44080901271,2274.01734036234,2279.83976158317,5211.00124836466,4751.11822327864,4582.23088900526,2487.24382238578,4885.11579995715,4761.06557750403,4886.55490656881,5032.30984801537,3433.5639360216,2312.09292225208,2271.1445551201,2287.27994108995,4985.73847767247,4641.40877410631,4788.74903794562,2568.78192635783,4718.24678601837,4632.40221726372,4803.9767128547,4905.08942167499,4820.28003452621,2537.08192488498,2273.09187366062,2277.53966131709,4965.97248682438,4705.30611552769,4426.27363999065,2518.44081510434,4652.15674619386,4654.76125693249,4700.46209497646,4635.59588281083,3716.19110245309,2580.66161768747,2275.25440331855,2277.43800870108
,62.5,4698.14094790839,4528.67682976671,4688.79441509491,2595.90060437766,4727.40236579147,4536.90133010933,4736.85009890412,4449.16377174338,4767.46189225283,2509.02917165335,4620.38527018802,4744.53855486748,4882.3893389974,4580.4530411147,4367.43173131774,4419.39528916959,4619.16644304833,4667.31629483219,4571.9852860302,4742.71162604001,4682.16692883748,2333.94588759834,2640.49338454104,4878.06268911347,4706.48316458156,2828.75623462747,4822.02460141372,2580.68751795559,4757.61485030644,3122.41872885622,4748.01116858822,4702.7166599951,4264.98843115837,4559.38577840586,2272.14208438304,2288.53443923684,4865.12558599498,2440.04118946445,2539.55961854206,4730.13184793874,4855.96102661145,3599.63856053406,4528.99023835636,2577.29762758697,4823.81936774394,2371.65533636075,2269.63700178291,2283.16686599866,4942.08775657396,4784.4532385336,4308.92021429638,2558.85772421606,4442.42795069343,4740.54117588226,4591.6355748375,5006.22033544456,4813.82618875751,4534.50592826918,2274.58116518303,2280.15591318504,5180.32296949633,4731.14889411403,4563.28632460081,2477.81255229775,4865.1341026867,4742.19566417427,4866.90322220583,5009.11389244371,3416.70530863488,2311.00173681508,2271.26341618481,2287.48129824495,4956.92864431288,4624.64252621135,4767.68161712276,2557.4788318492,4701.52519518299,4616.6466178649,4783.03552521132,4886.30098121684,4798.95863327632,2525.59066911143,2273.8643287107,2278.27652428041,4936.38005888706,4687.45788807813,4408.9946819381,2511.36233034891,4634.11650408242,4637.46656947886,4680.86307817415,4618.8406125474,3705.61445754896,2580.18718074989,2275.73150332933,2277.94933006786
,63,4669.31396813149,4510.93741905913,4670.22398687486,2583.79623114873,4708.67645510072,4519.23534040476,4716.11100770278,4432.97583307142,4746.4969686498,2501.21826838293,4603.55865684366,4719.76391317927,4852.8093477037,4561.49588544163,4350.44590661049,4404.51169818018,4603.80425184257,4649.72084521646,4552.4131509684,4723.02861609383,4663.52807641316,2332.20999042495,2626.03241758944,4852.87928888414,4679.70194693883,2805.77214930228,4800.2303613551,2568.74487020554,4739.29919434188,3099.13076086201,4727.06619925922,4683.50068343494,4249.73310577478,4541.4070005262,2272.62225531851,2289.01636652581,4837.17813344928,2432.55069749059,2527.30306748014,4707.40934740545,4835.05601120078,3573.50115065531,4512.20468404593,2565.31920932711,4803.65509587752,2367.54370290787,2270.27596688942,2284.21014116152,4912.22994407491,4763.43298328295,4293.00766907258,2547.77871716354,4426.59876147259,4722.66529625371,4574.42899214934,4983.10903678414,4794.77513511185,4515.87978606709,2275.20067873443,2280.44998180353,5149.44232189352,4710.89276274012,4543.90438909069,2468.70054419401,4845.11164259765,4722.91011683285,4847.20643186887,4985.68851660392,3399.00073646214,2309.86825732173,2271.88595791175,2287.69966048241,4927.40289152661,4607.07963736221,4746.40768244312,2546.70811488616,4684.11437709316,4600.06618551847,4762.10270707663,4866.9316808958,4777.51330858984,2514.49471142212,2274.50384888071,2278.93918797966,4906.78260219227,4668.75105630175,4391.22466984591,2504.35516485849,4615.51203475704,4619.75022708961,4660.90265183324,4601.13418343821,3693.95263787499,2579.10366835363,2276.1752194043,2278.30012111042
,63.5,4639.5013299061,4492.93335015248,4651.26213220602,2572.12578491689,4689.64636188672,4500.00757739499,4694.75644838118,4416.26904422149,4725.17416723211,2493.87957456226,4585.54688183645,4693.89935107054,4822.08256387824,4542.27271285767,4333.05469963864,4388.79727486316,4587.15553426892,4631.5900278858,4532.51414700536,4702.68053322019,4644.4498936803,2330.51684943814,2612.06974679109,4827.40985783123,4651.57217876744,2783.66351631805,4778.37457959484,2557.26475567885,4720.7886037981,3076.18485640593,4705.63723219367,4664.154048967,4233.26604417199,4522.71136215468,2273.01306290447,2289.7383234042,4807.99481356041,2425.44504565362,2515.96520186966,4684.27888647087,4813.95407021631,3547.44009781423,4495.13197170519,2553.78551985756,4783.26866581716,2363.69262524523,2270.95805129844,2284.87592816882,4882.10216043091,4742.27244432619,4276.14033317844,2537.185854601,4410.16341142863,4704.1591784513,4556.60912578773,4959.80190582138,4775.11008617249,4496.73020060348,2276.01854135862,2280.49212511452,5118.73197195199,4690.60277675626,4524.07699734307,2459.87557904475,4824.85131855946,4703.36433317795,4827.58133779124,4961.84397442471,3380.81532576474,2309.02342417503,2272.79761830815,2288.0240528701,4897.32433476271,4588.71184255551,4724.75197579688,2535.81732161985,4666.03031197716,4582.94919694164,4741.22263708581,4846.91901538573,4755.98097737991,2503.83097655872,2275.28247502427,2279.33382608361,4876.88089570442,4649.49489505636,4372.96096166299,2497.56604016111,4596.4880028604,4601.70772840898,4640.83000490078,4582.69492577438,3681.72521011432,2577.61224443636,2276.68851204148,2278.75545550993
,64,4608.73922396487,4474.4435348765,4632.09977029585,2560.70048160237,4670.25572567312,4479.48557815582,4672.92810062636,4398.78564606992,4702.89686144667,2486.47705994251,4566.66750918855,4667.44529150333,4790.9496860393,4523.08154237648,4315.56095105345,4372.51078471781,4569.07390419223,4613.16505606981,4512.47855441363,4682.08686761512,4624.8129254345,2328.72903188632,2598.68321022825,4801.64545851773,4622.60519580026,2762.47186943651,4756.0698787152,2546.33650218722,4701.57956970215,3053.01864567655,4683.64151116104,4644.16515438967,4215.81775517611,4503.42223820901,2273.44174296594,2290.55676602071,4778.09240099712,2418.40535496269,2505.11219995053,4661.01927596947,4792.88554865714,3521.10795332513,4477.17317859368,2542.50457369505,4762.79787972281,2359.91035471436,2271.72876004886,2285.33358353331,4851.46658196057,4720.99009098272,4258.20946102361,2527.17080525387,4392.58193733434,4685.43121970707,4537.53961493494,4936.31759813953,4755.08955222278,4477.17543268903,2276.70831177582,2280.82323383344,5087.66137020023,4670.24269200199,4503.87725209882,2451.3107379286,4804.61797532053,4683.41573702238,4808.05739765813,4937.53514134382,3362.25969920896,2308.21543284546,2273.68178794912,2288.64133438438,4867.04212140487,4569.85362964025,4702.93674619268,2525.22255085948,4647.23686997157,4564.82391032918,4720.53350879073,4826.58903031448,4734.10740631381,2493.90407174149,2275.85956690236,2279.78977480131,4847.01513624843,4629.76104057865,4354.47680345011,2491.03389368758,4577.4774475271,4583.0077556277,4620.69288885728,4563.6148179142,3669.03536026437,2575.53190985026,2277.13296289575,2279.189523871
,64.5,4577.65132289408,4455.67439460613,4612.22709180981,2549.75295686356,4650.74261686802,4457.7573549008,4650.58789766497,4381.05125571154,4680.33396537796,2479.2867471159,4547.2818392236,4641.1803844516,4759.75819549154,4504.00083086398,4297.88430654858,4355.78942173945,4549.82446949333,4594.13510671524,4492.15497806192,4661.33697965886,4604.70928745892,2327.18955353632,2585.86393293774,4775.99452854311,4593.40643340338,2741.93223471852,4733.55988219117,2535.75598762549,4682.14484250681,3030.1586762256,4661.58723505049,4623.68140623235,4197.7886464606,4484.50581170405,2273.97586960453,2291.32717174372,4747.83029890938,2411.68173534821,2495.01720647203,4637.46585935086,4771.95851958782,3494.73692456545,4458.86983363997,2531.90519361929,4742.28294703359,2356.1793373293,2272.07558638367,2285.52064854521,4821.25504544119,4699.71395273534,4239.54075526775,2517.36974058491,4374.13896320279,4666.55201071535,4517.46976410262,4912.50706151652,4734.61079297105,4457.3038392759,2277.29102075522,2281.29273650193,5056.95663569541,4649.73577202577,4483.22878875326,2443.19729025102,4784.38408898075,4663.20601310581,4789.08506803713,4912.97451129328,3343.29135384396,2307.45464749802,2274.43784457262,2289.26886204774,4836.55570383799,4550.49012919581,4681.31915425778,2515.14131406358,4627.85100720293,4546.16106786489,4700.09035113873,4805.69354789814,4712.4799980813,2483.95328190742,2276.42135895759,2279.80698363068,4816.92027455166,4609.91057629071,4335.81839529289,2484.69720292013,4558.19681415305,4564.12898272616,4600.98894516424,4544.02186212489,3656.00786653342,2572.79778684621,2277.66702654706,2279.86788571093
,65,4546.41664858444,4436.4424251824,4592.27299173448,2539.10129492487,4631.05742476394,4435.17854059145,4628.33924596636,4362.82446449549,4657.55278248099,2472.42699811692,4527.79180757661,4614.97316894709,4728.50903029752,4484.61243614401,4279.97839102933,4338.72318184163,4529.73327653719,4574.80325105024,4471.70433157529,4640.26085686537,4584.0795070976,2326.12557583137,2573.25275057508,4750.8723061605,4563.89596142729,2721.88416662518,4711.16260680777,2525.89944393701,4662.54458332358,3007.59219526771,4639.77773673963,4602.85243905279,4179.33308013446,4465.24433786224,2274.64837168025,2291.91376704406,4717.75175740775,2405.2457421949,2485.20550154841,4613.36655181738,4751.4183739035,3468.33826934818,4439.94515515363,2521.71721124824,4721.55436942421,2352.33978781867,2272.35603260989,2285.5362818637,4790.82011047498,4678.49314161148,4219.85290045964,2507.99417781353,4354.77745980554,4647.51915614663,4496.58225968287,4888.62931209868,4713.97227977842,4437.23127410623,2277.70480975465,2281.8681920293,5026.20264882646,4628.922925678,4462.44532921185,2435.57515176807,4763.99281952935,4642.78656299538,4770.54306103907,4888.12064761523,3323.69286979872,2306.66219804117,2275.29544318047,2289.87737090247,4805.94878211676,4530.59882365445,4659.480422238,2505.51299020042,4608.09491815989,4526.48684427325,4679.76873934141,4784.18043214037,4691.21803162547,2474.60109690168,2277.04186714992,2279.9006942091,4786.92682940596,4590.10388830573,4316.78180780412,2478.89954400898,4538.81078463411,4544.68466354794,4581.17713084338,4524.14174844503,3643.12984121229,2569.62652526081,2278.20034719038,2280.43134463068
,65.5,4515.24480175097,4416.63239480913,4572.22405240178,2529.18266287283,4610.94757353149,4411.87062685099,4606.29253581878,4344.26100474577,4634.00157254438,2465.75571223524,4507.70947409903,4588.7837630852,4697.05788545441,4465.16964096088,4261.91380105622,4321.38163762542,4509.00975964667,4554.88450763947,4451.4357896575,4619.1193116798,4563.38443726801,2324.93642318386,2561.02317076455,4726.43192076924,4533.92034185202,2702.31246000256,4688.6791991311,2516.64768734356,4642.38249448117,2985.43842216397,4617.90999878172,4581.04700340859,4160.63362954903,4445.51360491622,2275.14590357089,2292.60454097391,4687.66311856991,2399.23964225248,2475.83864750335,4589.06886640811,4730.94587490507,3441.66449995941,4420.59234300325,2511.8185793662,4700.83818863333,2348.92476933923,2272.55746227844,2285.45171221602,4760.49264722867,4657.1380039345,4199.0457895123,2499.00403186785,4334.51770489715,4628.52868676557,4475.80695783385,4864.37264088455,4692.81503313369,4416.63548511627,2277.97232481335,2282.47465524113,4995.61113442901,4608.25109089313,4441.2062523004,2428.56205817539,4743.76508175939,4621.82249016879,4752.21839704227,4862.61898015396,3303.69276551419,2305.90622585808,2275.72066957299,2290.21458395651,4775.55026281599,4510.12557854578,4637.55112622167,2496.35661373611,4587.79180219938,4506.17013975646,4659.03815368984,4762.01434047616,4669.94888606781,2465.74197984421,2277.43028400846,2279.95371708044,4756.98266325027,4569.95408250083,4297.71825591931,2473.48477063085,4519.15055866014,4524.73278699972,4561.48586475341,4503.64721941021,3630.1917258723,2566.24738459811,2278.72085916119,2281.01356580104
,66,4483.95380232112,4396.39865203975,4551.89747261421,2519.54907478594,4590.51962686766,4388.10868441227,4584.25052483094,4324.9108252895,4610.13529982904,2458.97533455502,4486.97799476695,4562.35996156456,4666.10743851875,4445.40581390532,4243.88922716711,4303.75765221928,4488.12698470997,4534.71463482237,4431.12857617283,4598.16343082616,4542.27147961954,2323.75834167012,2549.23346557691,4702.04299851226,4503.94271643054,2683.51273119116,4665.81755207387,2507.83425087426,4621.66004842082,2963.56036108987,4596.48476355227,4558.63281146925,4141.84264212874,4425.86812390902,2275.63111249414,2293.05706333617,4657.81349021469,2393.72366809029,2466.89777094535,4564.48064766788,4710.4924103037,3414.93924527715,4400.73831513512,2502.52180571749,4680.14032275728,2345.44887955068,2272.92110798686,2285.84321831584,4730.01276592374,4635.88659640472,4177.53340154068,2490.40940891606,4313.67370274709,4609.56658485413,4454.57877869628,4839.86745677514,4671.29119248644,4395.76468574559,2278.18151300292,2283.24217473771,4964.99230789398,4587.5379764904,4419.34826739235,2422.14090056023,4723.66512120678,4600.78696706337,4734.01144227194,4836.79410893863,3283.29542916602,2305.10280651287,2275.89835821616,2290.36450871692,4745.53455565721,4489.02520049975,4615.68699046436,2487.88347171185,4566.94667099999,4485.31923660707,4638.14593333392,4739.61142910367,4648.70379455904,2457.18566181125,2277.77325711441,2280.15570658859,4727.11209858775,4549.31602145564,4278.96089383223,2468.3073698919,4499.6774594487,4504.33393611196,4541.82511061748,4482.74180891853,3617.07947396633,2562.38654192374,2279.29250236253,2281.39759232729
,66.5,4453.14857257514,4376.19360957493,4531.43602024433,2510.49823191422,4570.05870133761,4363.53137847524,4562.20312397668,4305.31657323604,4586.32175079583,2452.64682529942,4465.9501349763,4536.00344728837,4635.30968357004,4425.07166978044,4225.9300497695,4285.76908128375,4467.43247816933,4514.0820836179,4410.75313081597,4577.22824155803,4521.13463312439,2322.66568396654,2537.87762474707,4677.94628733105,4474.11289115584,2665.23667905991,4643.14385299883,2499.3655068204,4600.72120226465,2942.51408790331,4575.13457342353,4535.82978886646,4123.2220958995,4406.21603997903,2275.80378643117,2293.44299256571,4627.99734010946,2388.70496120492,2458.49433547191,4539.50018343393,4690.09627645662,3388.18495907613,4380.43170866134,2493.73827694813,4658.80651491401,2342.23391876192,2273.15779910874,2286.52096211311,4699.82262806737,4614.47425305318,4155.26853478445,2481.91386256136,4292.2283564783,4590.16484956024,4433.39502452205,4815.01363410728,4649.44101972712,4374.72471428556,2278.67874799306,2283.77576631943,4934.38694183592,4566.78397276582,4396.85785127201,2416.05600786404,4703.39257755297,4579.72860371193,4715.67313236116,4810.93556380668,3262.89081352066,2304.46697813703,2276.31836000897,2290.41866882365,4715.62454318616,4467.46116823615,4593.4995369847,2480.0321647441,4545.56892299346,4464.15394090074,4616.94839861488,4716.67730969736,4627.87813507216,2449.09568021819,2278.339544176,2280.38460522656,4697.2674326762,4528.37681245933,4260.10101648874,2463.53911244093,4479.70952059751,4483.82106596012,4522.14227003717,4461.46730232098,3603.82967143258,2558.27256642059,2279.74930423865,2281.90099650753
,67,4422.48483228332,4355.83640052236,4511.26910145677,2502.11413096575,4549.24416919343,4338.73224544932,4540.19505803858,4285.61960380094,4562.14924392768,2446.54212246998,4444.56336740649,4509.48216616541,4604.50858219368,4404.30991078626,4207.98234188156,4267.27596636565,4446.58202714185,4493.30380996182,4390.60783060948,4556.46768060923,4499.77148015109,2321.60885728702,2526.99430973517,4654.00477187632,4444.03160387716,2647.55871126715,4620.41424993226,2491.41468601286,4579.51499302225,2921.96387304125,4553.88723272441,4512.96563116093,4104.66583692806,4385.22504364603,2275.9343741907,2293.74810620021,4598.08750630612,2384.0541255045,2450.49332817944,4514.37349305662,4669.41546455671,3361.54672740024,4359.79596379416,2485.50882910324,4636.77802686389,2339.49235278429,2273.82584874184,2287.41319043104,4669.46927325052,4593.02735963193,4131.99096791401,2474.03956413464,4270.35509967758,4570.70560935787,4412.27971689535,4789.77981333443,4627.41725579933,4353.25197504317,2279.14377651207,2284.42678789165,4903.12639303198,4545.80842551213,4374.22459462623,2410.10087577566,4683.14561803891,4558.45305751053,4696.80157737232,4784.95572380382,3242.47537204853,2303.71084519422,2276.61232324742,2290.76932626486,4685.75365039843,4445.31448595803,4571.15553444219,2472.48062902792,4523.63965953337,4442.40945898014,4595.493269376,4693.4911160971,4607.20491169383,2441.77536077963,2278.95121443368,2280.9942506799,4667.66614518348,4506.87294780726,4241.00646910584,2459.13160482386,4459.50661895174,4462.82734793503,4502.07426394476,4439.64778868472,3590.36155724285,2554.00676829241,2280.32572143488,2282.46816884318
,67.5,4391.71032072746,4335.37217405314,4490.84895192609,2494.10611101962,4528.25665546043,4313.65418661212,4517.7608048179,4265.57522110811,4537.72967483718,2440.92567730802,4422.72589376936,4482.88519919153,4573.777887872,4383.38809444528,4189.81457845701,4248.02826562463,4425.73684820785,4472.19348527297,4370.3962225654,4535.64747743205,4478.42649302773,2320.38430203494,2516.7212502966,4628.82598459289,4414.50790984204,2630.86643527955,4597.43705313445,2483.44438816745,4557.8572135691,2902.16517645399,4532.34901406752,4489.78886163988,4086.28428474552,4364.20055046387,2276.20883605535,2294.12312995546,4567.80720468617,2379.69776568512,2442.71700143659,4489.42014567386,4648.41864263893,3334.82916341096,4338.85697021309,2477.74381265305,4614.07578569726,2337.04934454883,2274.6103304423,2288.28863182931,4639.29811256894,4571.38433742147,4108.14359382398,2466.28204533794,4248.23789008516,4550.84174153126,4391.12938687993,4763.97733526598,4605.08918701207,4331.3843363665,2279.45111395774,2284.91005663465,4871.66228977881,4524.99892117146,4351.1737669107,2404.41897939915,4662.97428424133,4536.83676722505,4676.82120979921,4758.77062324911,3222.41724728252,2303.04199503593,2276.80112191317,2291.15445743209,4655.82708147647,4422.599912542,4548.52904146961,2465.39932925169,4501.13347888708,4420.85464729809,4573.7802440893,4670.14364800384,4586.56682364025,2434.58420044159,2279.69540777503,2281.63481793584,4637.75754591779,4484.63284432898,4221.79921017155,2454.65791288247,4439.1104448913,4441.73492716508,4482.18383719736,4417.3718360197,3576.37229787859,2549.45028544394,2281.01374671994,2283.28857936575
,68,4361.29328159173,4314.74891705844,4470.04063246005,2486.27936721641,4507.38641800189,4288.1339995765,4494.8737240902,4245.15072684771,4513.15792273665,2435.60573869222,4400.80771606224,4456.18847222385,4543.1570674458,4362.28890081766,4171.29058292916,4227.93147452443,4404.77152167739,4451.04058857884,4349.6381682507,4515.03117554433,4456.96771207901,2319.38700869092,2506.82762970567,4602.58986222177,4385.61007274952,2614.97139947883,4574.50974557998,2475.92119850557,4536.34529498991,2882.68296476271,4510.71576326093,4467.04644341841,4067.68070670874,4343.06662795733,2276.54164996206,2294.52153221078,4537.57226522597,2375.31843031125,2435.22907474273,4464.22713205544,4627.23310553367,3308.38589581655,4317.62478471367,2470.54439424163,4590.66827037438,2334.70342776931,2275.34879285003,2289.12158726421,4609.14550837665,4549.61648455241,4083.99639083181,2458.96829228777,4225.80677082009,4530.70840389327,4369.54586498289,4738.00957412903,4582.36562898958,4309.37746267567,2279.94428338891,2285.62417716002,4839.79731412045,4503.78177207238,4327.93835880788,2398.96638854403,4642.37178782216,4515.1730585376,4655.77980309979,4732.5591434245,3202.58225372197,2302.59599959287,2277.34435019233,2291.97412300826,4625.90579904862,4399.59507301131,4525.63943436638,2458.54243842746,4478.41082024739,4399.24496297466,4551.95150994093,4646.67259173992,4565.95623169947,2427.72779204559,2280.7438050331,2282.43022262328,4607.47335494835,4461.89017881152,4202.5128723763,2450.39491472214,4418.67043905125,4420.38247747556,4462.14561465813,4394.69751656093,3562.20246297612,2544.46495785492,2281.95668965004,2284.09555187566
,68.5,4331.32227107312,4293.84257500463,4449.17221865843,2478.87664828712,4486.45361692882,4262.17337575627,4471.65085650132,4224.93824766691,4488.23371336471,2430.66783649272,4378.84306803073,4429.85731484434,4512.49347217549,4341.08645520679,4152.26535030467,4206.75066557613,4383.19438391489,4429.28018615384,4328.57353686859,4494.04325171964,4435.58214790815,2318.64214586397,2497.24461737408,4575.7044543648,4356.75191996764,2599.32599136418,4551.6437134944,2468.99191104642,4514.57480407937,2863.72922658587,4488.4503023967,4443.78545862127,4048.8580791005,4321.53571297971,2276.98126725647,2295.20734275639,4507.17870097464,2370.97040278036,2428.08936837659,4438.88402355021,4605.77798974924,3282.22790020756,4295.9113142221,2463.5006572082,4566.55440399237,2332.86460166065,2275.97573650599,2289.70457002459,4578.89960172125,4527.37177206432,4059.06738906057,2451.95328546085,4202.54432190514,4510.05627721651,4347.67289165181,4711.64564932999,4559.22751256118,4287.1466277193,2280.46460937928,2286.31537829104,4807.23538919039,4482.43736444906,4304.95387059393,2393.62530752762,4621.65146491654,4493.31224509339,4633.86513312038,4706.13949930715,3183.12012098345,2302.33447263993,2278.19170790444,2292.94632319584,4595.49462782289,4376.37312318358,4502.13511678851,2452.13340366699,4455.55361553677,4377.61388534346,4530.1450205401,4622.80027489873,4545.52492631245,2421.34179545828,2281.84490339726,2283.26390782775,4577.03540478571,4438.848703309,4182.77762388822,2446.34198882992,4397.70801036581,4398.96262921565,4441.8556483097,4371.64115241259,3547.81878290081,2539.31013286715,2282.93170898121,2284.9130905124
,69,4301.23270766883,4272.44554383974,4428.17314935453,2471.76080985155,4465.01247537644,4236.14057004088,4448.10311542818,4204.45709480363,4463.06890764436,2425.96209223057,4356.73727856383,4403.60756937523,4481.70388952811,4319.77224840823,4132.79266121281,4184.54649952439,4361.0785102979,4407.3932804376,4307.36544750695,4472.57981979886,4414.02795016492,2317.86619435547,2488.0619883425,4548.14514765187,4327.97154257941,2584.52652129818,4528.37313486809,2462.41296141219,4492.75196271942,2845.02490258884,4465.80199477806,4420.48021831092,4029.59380102992,4299.44869572997,2277.6007409232,2295.85728670936,4476.62144168628,2366.92618359308,2421.35782605827,4413.40701799861,4583.65590060744,3256.32406857285,4274.29142965677,2456.8026521775,4542.67052081612,2330.98237518692,2276.75908993856,2290.32257866189,4548.60334136804,4504.73610104737,4033.88841102852,2445.47038598289,4178.74500661902,4489.01129302501,4325.54111733957,4685.0078154707,4535.76396997069,4264.65693575395,2280.90330287445,2287.10783108625,4774.46248814877,4460.87375948258,4281.97311818551,2388.64779190696,4600.90130167709,4470.80049250258,4610.76183997877,4679.45583616459,3163.43680926043,2301.96316318639,2278.97553553686,2293.98474685416,4564.98062606108,4352.41861604744,4478.60752475684,2445.98386641663,4432.40858824736,4355.90266439171,4507.98069407906,4598.78547245017,4524.73355891348,2415.080387423,2282.84800207721,2284.00154804488,4546.35680538808,4415.4039007385,4162.99338741349,2442.50723004074,4376.4243427953,4377.33554013058,4421.3221074192,4348.41016759897,3533.07242490804,2533.98830410599,2284.07305796188,2285.62711447432
,69.5,4271.32771069516,4250.72130224941,4406.65212065244,2464.78680428684,4443.28462962706,4209.59120537345,4423.96602433719,4183.39490990721,4437.6776625431,2421.32157876418,4334.22905167286,4377.49539360547,4450.69577743191,4298.26714415808,4112.86524173829,4161.42748380005,4338.63151096129,4385.05607665544,4285.73193165311,4450.49069865213,4392.29097779322,2317.00842315198,2479.48335460221,4519.75713459444,4299.58173050812,2570.62389939037,4504.72486544472,2455.99650256715,4470.32876289664,2826.82794308069,4442.59877002008,4396.52072084083,4010.10727722429,4277.61344611207,2278.42506263432,2296.5738478103,4446.17277691047,2362.9243434553,2414.89624751145,4387.55053114136,4560.90012870079,3230.8560366188,4252.06046072151,2450.40415680309,4518.41732908307,2328.94674546191,2277.23800562425,2290.8181520963,4518.14028460658,4481.52189987715,4008.55401286747,2439.02777912061,4154.17652918313,4467.25599298401,4302.99347536629,4658.22638358189,4511.87054197001,4242.04912187401,2281.41092098751,2287.80517929089,4741.63058399352,4439.05310886952,4258.84060607774,2384.23499833717,4579.56341604836,4448.08105609161,4586.48490695063,4652.37532976819,3143.68546813288,2301.84271411741,2280.00529010895,2294.55746431122,4534.31994676123,4328.27415558366,4454.60318393771,2440.330345012,4408.8162039413,4333.94755432382,4485.03158493772,4574.11074142171,4503.72783678941,2408.90808248133,2283.53295431601,2284.72373835901,4515.30603797541,4391.30696145138,4143.20544179284,2438.607399731,4354.74355516294,4355.25223517725,4400.54216053963,4324.73648782717,3518.13335725019,2528.55538027113,2284.87611581016,2286.11353339467
,70,4241.79831225955,4228.45919394599,4384.69180941145,2458.12212720161,4420.86742423363,4182.16958530636,4399.53633294375,4161.99377770731,4411.78156490932,2416.49453352678,4311.03339451899,4351.50911394465,4419.81314233717,4276.53125138258,4092.62330467954,4137.75174309352,4315.84067521084,4362.16985194418,4263.76467026496,4428.11018199384,4370.15633056648,2316.04987542213,2471.03081717049,4491.56281414107,4270.7795027928,2557.22137145253,4480.79652340747,2450.12571636189,4447.49434328249,2809.02537316476,4418.92746487769,4372.17168793881,3990.38065752779,4255.2425043011,2278.94193837966,2297.27375560089,4416.33901489688,2359.16149255377,2409.03428328575,4361.21949701583,4537.6329044436,3206.00199200574,4229.49495265535,2444.32839198026,4494.13263936494,2326.92659004078,2277.63603638891,2291.37630549321,4487.5067853427,4457.89115304081,3982.94352253632,2433.0030414753,4128.99660428965,4445.0967318048,4280.12165112169,4631.43000784704,4487.49634958081,4219.24301641787,2282.14448889344,2288.50486123481,4708.47017917585,4416.79077100703,4235.53374997122,2380.00453462062,4557.42479059707,4424.89540087474,4561.59805119921,4624.89475997488,3123.75227749429,2301.72794126978,2281.14170717161,2295.15932088743,4503.56428552926,4303.82234933472,4430.29671514812,2435.15033963893,4384.6980541361,4311.37243693448,4461.38330694472,4548.69559988678,4482.22794569447,2403.02348308056,2283.95964831489,2285.31699714879,4484.07849375172,4366.89118785476,4123.21838831234,2435.15801383627,4332.66167717219,4332.69744366336,4379.10808916004,4300.95713758737,3503.0209522133,2522.9088428321,2285.53969858738,2286.20705811259
,70.5,4211.9640670685,4205.80256010959,4362.35746545337,2451.71081290956,4397.68198742072,4154.38394478399,4374.79278944887,4140.25655627888,4385.51400114548,2411.69326384799,4287.38021806448,4325.79664567542,4388.85598844569,4254.11955045387,4072.31663001454,4113.49299059428,4292.65606872604,4338.77546756172,4241.67540644772,4404.85413251482,4347.36996916048,2314.94606602417,2462.74250881355,4463.41595185339,4241.41301542616,2544.50964849164,4456.09314664058,2444.54267698154,4423.78217019834,2791.84162795199,4394.4418397506,4346.92999202161,3970.61765607338,4232.55478325875,2279.55077130483,2297.70572534518,4386.75352089031,2355.89542065762,2403.73988841895,4334.49374440484,4513.56643473172,3181.51607620826,4206.28135030901,2438.47438103481,4469.42290181677,2324.91545978585,2278.13560995198,2291.96911796841,4457.30357739671,4433.97919805513,3956.98281709324,2427.20214158609,4103.06476416781,4422.3305385243,4256.92630548281,4604.35818583779,4462.68903482003,4196.26598739867,2282.78366412826,2289.06005421184,4675.3278206498,4394.24761056801,4212.17915393754,2375.99016529172,4534.79247418979,4401.09833354245,4536.15326615999,4596.94498124651,3103.93862865557,2301.46123343765,2282.10232545735,2295.59438460565,4472.58366950191,4279.04239647468,4405.53107167193,2430.1316783379,4359.9687098338,4288.36319196529,4437.11055688251,4522.71848897516,4460.29550458976,2397.61619379686,2284.19303723778,2285.89850679459,4452.82826358223,4342.18188745875,4102.48817638087,2431.94607752708,4310.01561691179,4309.82540370153,4356.93471786632,4276.95189735294,3487.42115267322,2517.42379911765,2285.94849825397,2286.499307014
,71,4181.7998306603,4182.61693025589,4339.28317682067,2445.44490901768,4373.79353260444,4126.16649374911,4349.55483032133,4117.69586231678,4358.90740850484,2407.13395248144,4263.15870139418,4300.03368709738,4357.89944625274,4231.08371112578,4051.63181687645,4089.05159564167,4269.15416443279,4315.19094054942,4219.41530370911,4381.28796621344,4323.78941475252,2313.98861072912,2454.93125917921,4435.04318631979,4212.07238889788,2532.88800784166,4430.86996680789,2439.02160399121,4399.44794425732,2775.10333175515,4369.56213294406,4321.7489048575,3950.7197114538,4209.47955410808,2280.19353978095,2298.06459276889,4357.44238133144,2353.02818362929,2398.57996337428,4307.49181263954,4488.91362812904,3157.32861497451,4182.60446363675,2432.85736014097,4444.14070631192,2322.9119042376,2278.42450689889,2292.56681459641,4427.7569592842,4409.54259410383,3931.05570626203,2421.75532359522,4076.88708634264,4398.95446150126,4233.39334026316,4576.96016243714,4437.3126676826,4172.80055811774,2283.32392451299,2289.3793738982,4642.41874029827,4370.91978977673,4188.47276488246,2372.2990347472,4511.23424597243,4376.35467243341,4509.66216939878,4568.71955747883,3083.7681260544,2300.9390776683,2282.8408457966,2295.95789883292,4441.94717136151,4254.04584834515,4380.58125115618,2424.87645992026,4334.55588911847,4264.63396652305,4411.92798482459,4496.41537538392,4437.72054207625,2392.35806426161,2284.1121544436,2286.31586776434,4421.54478591328,4317.11707554745,4081.36218566934,2428.95016995786,4286.81292584958,4286.44580076123,4334.40238723422,4252.44392293981,3471.39092756472,2512.13702599384,2286.19199328221,2286.90876893572
,71.5,4151.69187535468,4158.81962349704,4315.36897733363,2439.40221702519,4349.28403559805,4097.53192857811,4323.91356821876,4094.73524288601,4331.74531383943,2402.55536985842,4238.64162554314,4274.3432790888,4327.04771014521,4207.58707187874,4030.52473555035,4064.24985743915,4245.18413885058,4290.87535568094,4196.42896311946,4357.4428251909,4299.72815827185,2313.46834215215,2447.54635663363,4406.61212640286,4182.43998767354,2521.74425686681,4405.24324420293,2433.91292022448,4374.08028015762,2758.92599558613,4344.26982296074,4295.99056987795,3930.74519406983,4186.07262870848,2281.03455524214,2298.42973314588,4328.65995890051,2350.08587724861,2393.30890811628,4280.20389657052,4463.77633514984,3133.75218660719,4158.31125863792,2427.56470216452,4417.80810416557,2321.27931742068,2278.73198549323,2292.80976211755,4398.45532046233,4384.79763885615,3904.76046563654,2416.50916678154,4050.42234748624,4375.150025761,4209.28584890195,4549.20657305354,4411.1559628412,4148.77256412051,2283.76924205236,2289.76411917233,4609.22625500537,4347.07658181825,4164.59547133796,2368.73947161064,4486.90596210383,4351.14321845491,4482.4334170412,4539.83898026395,3063.82765395595,2300.5192847597,2283.34407476079,2296.23989770186,4411.31393471822,4228.80771186217,4354.85721990799,2419.72869695729,4308.73605073302,4240.40730778359,4386.16884964944,4469.22944983433,4414.89622189591,2387.53215355367,2283.81805240651,2286.80669073725,4390.30083906752,4291.58362906453,4059.41281280922,2425.95180919233,4263.1348213387,4262.66360809042,4311.25721242772,4227.37131470564,3455.16283243649,2506.91280200867,2286.27697065781,2287.28244117722
,72,4121.12261327826,4134.35182762389,4290.76612463984,2433.55395745304,4324.06106443239,4068.51361289666,4297.99743619855,4071.21645695892,4304.11348488155,2398.36276603497,4213.87249431118,4248.40814847164,4296.4446671413,4183.50099118422,4008.9350299669,4038.73159104515,4220.69764967435,4265.92657545591,4172.95890732048,4333.08674994084,4275.06301446892,2312.94798287095,2440.1477730376,4378.34076915689,4152.35993744487,2510.92833359774,4379.43498961919,2429.39092204765,4348.00721892682,2743.00100628663,4318.42799637577,4270.25168333973,3910.61995262837,4162.09475149511,2281.7631207649,2298.68096147893,4300.36857882334,2347.54588145081,2388.1392797126,4252.91460790044,4438.27192896643,3110.14666459968,4133.53869994499,2422.31273348775,4391.10083497504,2319.92740030842,2279.13065098495,2293.10227607782,4369.70766521058,4359.71407711735,3878.15809850147,2411.57321655068,4023.71103526527,4350.49115746161,4184.60621752284,4521.1199253812,4384.19479239103,4124.02130883948,2284.28285294317,2290.11619727399,4575.94664539458,4322.75886200448,4140.25642081027,2365.1651891335,4461.99730732501,4325.3105229419,4454.65265918892,4510.56734148361,3043.91287595233,2300.01807259392,2283.65091498887,2296.73678264023,4380.80382807029,4203.04686569252,4328.63942750188,2414.45724652788,4282.54925282356,4215.86006157982,4360.00958475926,4441.70103403683,4391.38787711123,2382.8848506794,2283.86684758453,2287.22799749422,4359.34659048734,4265.96481409783,4037.0744851053,2423.2803099197,4238.88361360696,4238.68262350252,4287.58517391793,4202.20201707715,3438.59289522357,2501.72739498668,2286.52044695826,2287.88277595553
,72.5,4090.4350641466,4109.39226586554,4265.9190880181,2427.92200236309,4298.3669848796,4039.45971711494,4271.57095889454,4047.18960446648,4276.19387540567,2394.58016477252,4188.93597674021,4222.24361769927,4265.7452649758,4158.60487769798,3986.96604551384,4012.28359875229,4195.46166653029,4240.39127958837,4148.77705462512,4308.17540319939,4249.94474481942,2312.75872244175,2433.39229579948,4349.86903901961,4122.42744733163,2500.70121906613,4353.13343441496,2425.25285598499,4321.26844149999,2727.40588275024,4292.08360419023,4244.41992606308,3890.09484195666,4137.54705390994,2282.59517521144,2298.98338194064,4271.29218367719,2345.31389798746,2383.08973954167,4225.41235427083,4411.92248529,3086.84347262083,4108.1464539753,2417.16737084352,4363.31356831011,2318.80088145361,2279.65216524449,2293.47182461748,4341.5243303223,4334.16544567256,3851.2532615736,2407.01442843524,3996.5160467973,4324.78969923532,4159.12368771852,4492.65578184727,4356.42779542915,4098.67735915507,2284.91586953219,2290.83061645577,4542.7819101358,4297.98857389997,4115.70165324001,2361.7376434019,4436.73650103457,4298.93532645411,4426.05237596303,4480.94110032927,3024.13704952188,2299.64159034008,2283.83874911794,2297.29805797349,4350.09674866493,4176.62163678686,4302.13046822014,2408.93009933682,4256.07588878657,4191.02849931536,4333.45788092517,4413.85773270952,4367.43371575878,2378.6157927555,2284.07660940175,2287.6786802206,4328.78878068932,4239.90563943027,4014.12354067365,2420.38625774762,4214.00892990976,4214.0402291375,4263.54771549604,4176.37567325928,3421.77781947777,2496.64318411956,2286.99568869423,2288.87219690433
,73,4060.09798795772,4083.83830272027,4240.31438313702,2422.58923854678,4272.0429003037,4010.0106651812,4244.70144617413,4022.46104484428,4247.95837114911,2391.35271178228,4163.32685811116,4195.69806701075,4235.22428200145,4133.57018830195,3964.68150637016,3985.33204747672,4169.44429852549,4214.03268171516,4123.91430447613,4282.87830493141,4224.36916588923,2312.96450273623,2427.30290839353,4320.96401480873,4092.72158126476,2491.02465547429,4326.84871993271,2421.38110483989,4294.04840025948,2712.26708158676,4265.51156318027,4218.52170525685,3869.2424166309,4112.39259055807,2283.5258216387,2299.3990006577,4241.77822485962,2343.16066572262,2378.25197973534,4197.94287370709,4384.96720470615,3063.90966128166,4082.17328799483,2412.35403390567,4335.21094776944,2317.88841715117,2280.16427731473,2293.91831121011,4312.51855154357,4308.01801505527,3824.14299493088,2402.6455287917,3969.21486486183,4297.88215603504,4133.00192758238,4463.82239199574,4328.09243720579,4072.65468157963,2285.50432630223,2291.51107661913,4509.47011323203,4272.80659660348,4090.7214827274,2358.421009275,4411.02532467178,4272.27540314574,4396.93703604125,4450.99437715989,3004.43137481182,2299.35606036814,2284.13310148235,2297.89327028557,4319.46447502932,4149.39632347107,4275.29664534772,2403.89278788966,4228.9841659909,4165.56117323834,4306.55879235366,4385.90116449536,4343.13399837649,2374.31404349392,2284.42956496735,2288.17147242198,4298.46346435109,4213.3581880664,3991.11989313639,2417.34418276037,4188.40574043231,4188.8490941498,4239.14559967227,4149.79478001886,3404.88987832197,2491.51971979533,2287.54772568032,2289.61352604144
,73.5,4029.8510322944,4057.8826159276,4214.31493752478,2417.53341384455,4244.8988464005,3980.21550433012,4217.47455678407,3997.11197124009,4219.43996150749,2388.33461712285,4137.20636969055,4168.80794216502,4204.73528904573,4108.49292021597,3941.80480965233,3957.48745190118,4142.81158933243,4186.68317808834,4097.99759247899,4256.81785447226,4198.60184919632,2313.0451184773,2421.48851525711,4291.99773024939,4062.94817463603,2481.65346564474,4300.30669523405,2417.81760056313,4266.23180834986,2697.67673864923,4238.327531906,4192.09233721144,3847.95236159468,4086.67776810852,2284.30619178891,2299.85569721358,4211.85087015197,2340.93963273791,2373.96633514831,4170.35343210216,4357.51414954419,3041.33182767732,4055.75716262845,2407.68067051131,4306.91947272805,2316.9624007244,2281.0036148606,2294.38687486016,4282.91957871904,4281.62583213097,3796.51932751559,2398.10025530343,3941.44569008063,4269.62380879685,4106.2363989099,4434.66344316477,4299.3664060133,4046.39919056916,2286.08946697079,2292.59406221267,4476.12331809608,4247.67485337041,4065.02259593823,2355.2022772071,4385.02547729702,4245.69682566144,4367.52713252669,4420.74467752236,2985.06342638812,2299.41784298251,2284.4396664004,2298.70687611209,4289.41047636685,4121.21553231178,4248.25696627992,2399.59609871283,4201.47118638519,4139.82153165633,4279.3500219818,4357.22085079071,4318.4925585135,2370.32113387053,2285.08420375413,2288.88105982206,4268.37637547133,4186.01902521751,3967.81219739272,2414.26357343806,4162.23027268751,4162.96643765026,4213.83591836283,4122.95417484949,3387.78856839929,2486.24910348019,2288.1837058378,2290.24692656169
,74,3999.73131406816,4031.77422510821,4187.8087528701,2412.89121580052,4217.19257369885,3949.8766748412,4189.72808478082,3970.61176766666,4190.72374823872,2385.63632642208,4110.03178175132,4141.43743926421,4174.42831745434,4082.78601948968,3918.38162824963,3929.19633494398,4115.42695280955,4158.53912908235,4071.67956875982,4230.12405837308,4172.26098134432,2312.73348990738,2415.90238472118,4263.01218025318,4033.2786303978,2472.85921415416,4273.37002611843,2414.6103572249,4237.94772089546,2683.46043248631,4210.70665489609,4165.47665493033,3826.56380993311,4060.7496780956,2284.9311893593,2300.45293939713,4181.26605771892,2339.30404160756,2370.23970406824,4142.54103311544,4329.33701299131,3018.79161399205,4028.52336699764,2403.0477007009,4278.47710228738,2316.09679133608,2281.86288785746,2295.18364680739,4252.81485401471,4254.79361167744,3768.5323175748,2393.86472622424,3913.2999088647,4240.08707265685,4078.71265726896,4405.14032403996,4270.29339580497,4019.77006923622,2286.83042721003,2293.46395318715,4443.04294686009,4221.80441892814,4039.02177536053,2352.22115449438,4358.37183550351,4218.8631200529,4337.90074546886,4390.41020741094,2965.6393305162,2299.56362216253,2284.98987568915,2299.59954042304,4260.09977258532,4092.66990809517,4221.12250556048,2395.6141711581,4173.3215937797,4113.48800101914,4251.64565161767,4328.37072257509,4292.99553623245,2366.3460293844,2286.05580724937,2289.695542782,4238.44287119752,4158.1427330828,3944.49583330938,2411.48956432752,4135.53064436716,4136.15181037704,4188.1567774431,4095.55182670642,3370.20378912754,2480.94798342429,2288.87452606677,2290.93474617284
,74.5,3970.17433258824,4005.12552215244,4161.00006598168,2408.41254580475,4188.84182566168,3919.25742732445,4161.8129686854,3943.66551184648,4161.83090033188,2383.04484928716,4082.1599957046,4113.98536160442,4144.34770228888,4056.5557636272,3894.73987069921,3900.74444221688,4087.24233266985,4129.59462476911,4044.56619661467,4202.83267964072,4145.61579590086,2312.63411181961,2410.77975291584,4233.67834082642,4003.89649897864,2464.21828722545,4245.78457850518,2411.426363031,4209.15632930558,2669.91228233082,4182.89282883946,4138.16592876208,3804.96758539404,4034.34747650849,2285.58738682774,2301.31240244904,4149.83976512842,2337.58212446278,2366.89460458862,4114.42980795095,4300.58798826408,2996.9150035326,4001.10399407864,2398.83433518351,4249.35623796824,2315.29637430235,2283.03248812553,2295.95403259237,4222.12238407311,4227.67227980428,3740.26783228985,2390.01371085005,3884.5728241561,4209.89526949708,4050.45646972266,4375.18758817538,4240.68994366633,3993.15332009877,2287.49849283158,2294.41083125581,4410.16800943995,4195.53735842183,4013.04466927956,2349.56227947965,4331.23497607918,4191.35117133059,4308.15462360354,4359.96710079771,2946.55546194324,2299.87328706932,2285.62773744965,2300.47894352498,4231.6102445909,4063.28633896649,4193.79144976953,2392.21049489919,4144.35910609634,4086.34406528382,4223.89496483152,4299.38397567828,4267.09195879242,2362.90375878525,2286.88931034128,2290.55953059912,4208.3125130859,4129.44506687376,3920.36446116163,2408.65111160384,4108.32122497964,4108.25449053619,4161.66679497885,4067.25870214556,3352.60085462065,2475.73315240356,2289.78837172009,2291.3689950843
,75,3940.54026559658,3978.09137718126,4133.13559595645,2404.52698397557,4159.83264695196,3888.13360985781,4133.62514739401,3916.13682950206,4132.67184915733,2380.43932097352,4053.36326320611,4086.43632666881,4114.64444967859,4030.06701786131,3870.58389961278,3872.28792649158,4058.11842770991,4099.90641909076,4016.82351106484,4174.94183205497,4118.69595273779,2312.46188629931,2405.96227244169,4204.28883983558,3974.64479570569,2456.1436446735,4217.9950187434,2408.2838550171,4179.54442171385,2656.85056209744,4154.76700267057,4110.30274765651,3783.31002139609,4007.69928175237,2286.30005449964,2302.16306082592,4118.60995494763,2335.83121563979,2363.79292047369,4086.11893334322,4271.55735632647,2975.2259707976,3972.9549568125,2395.02026947895,4220.28921110583,2314.57184788935,2284.14415035438,2296.89276591793,4190.76831542698,4200.06454962883,3711.61522741794,2386.37628706563,3855.39483615303,4179.00792343947,4021.59299677655,4344.55625983395,4210.87139090014,3966.05051927263,2288.04310253263,2295.04166879055,4377.36307428658,4168.73777228959,3986.78863604073,2347.22957112718,4303.63175998482,4163.28201960169,4278.49106428982,4329.40472617709,2927.61040472414,2300.07437690693,2286.48344160388,2301.14407097343,4204.14539415219,4033.39902053604,4166.11728288172,2389.25861024208,4114.51521144251,4058.25352962444,4195.6019260361,4270.03376808232,4240.50119587214,2359.55571937266,2287.78412519457,2291.61929610217,4178.16748573373,4100.25272395314,3896.02459430923,2406.09390789808,4080.39761076803,4079.81600212451,4134.4883736769,4038.3221125878,3334.58261206147,2470.71430283063,2290.56642815559,2291.80182697302
,75.5,3910.62498583178,3950.60775127317,4105.12223882394,2400.73906490145,4130.34569846634,3856.60161750755,4105.37849016668,3888.18982743512,4103.30433361967,2377.67331878317,4023.78746389929,4058.54438309934,4085.4237132588,4002.83047419897,3845.41332520753,3843.14253562679,4028.42729787067,4069.49011907229,3988.57058590303,4146.35961337841,4091.25428361387,2311.88417947828,2401.29658110875,4175.01465819497,3945.51658835873,2448.45933788647,4189.4764095457,2405.19727056679,4149.20652767881,2644.25460179922,4126.11373792197,4081.93133701868,3761.56463490201,3980.66474899599,2286.78869354471,2303.18026131582,4087.39045530857,2334.20841846446,2360.63550791415,4057.50535024808,4241.9670038137,2953.52116782622,3944.64423648906,2391.24616257989,4190.60732110115,2313.85538888616,2285.24436097691,2297.72522662712,4159.54988423241,4171.8192295253,3682.41586470029,2382.95829622897,3825.52187737394,4147.65596270603,3991.69859297346,4313.36283545945,4180.63667106712,3938.55991849532,2288.63783049018,2295.6437783844,4344.68448351946,4141.22693670959,3960.36515199651,2344.9995396851,4275.04409883902,4134.26507801721,4248.43286132481,4298.90240703528,2908.52989695685,2300.32810962868,2287.21901720456,2301.72287829487,4177.51165409199,4002.7548308125,4137.94627620315,2386.30614831714,4083.79030526498,4029.61013786864,4166.65978669667,4239.7464314695,4213.20196599039,2356.56664030848,2288.75740411207,2292.58046645988,4147.93873526876,4070.18210929727,3871.20831734,2404.0291944966,4051.75625495934,4050.22057900377,4106.66088523243,4008.87027947153,3316.36383418368,2465.9311592596,2291.41004638012,2292.51192485413
,76,3881.11073450392,3922.53420038274,4076.45799473211,2397.27111979099,4100.32494270767,3824.68594702105,4077.05109861555,3859.73184132747,4073.51434695415,2374.9495637032,3993.48320153155,4030.36818516622,4056.43606678993,3974.746672661,3820.34976461413,3813.87141430581,3997.94598655552,4038.40193648137,3960.02353335595,4117.42282734965,4063.56879843681,2311.43366250492,2396.84593042137,4145.42902651057,3916.41647140991,2441.26044921657,4160.50099253145,2402.47966934172,4118.01022697861,2631.79411375539,4096.99413139006,4053.19994506423,3739.49784189793,3953.25865710465,2287.39109048917,2303.95656375601,4056.34289296147,2332.86479278992,2357.24289934713,4028.4894977893,4211.33288227388,2931.84832030819,3915.83935088212,2387.87168759289,4160.3199940943,2313.36449822287,2286.23787933775,2298.67112131365,4128.21013157476,4142.80764507956,3652.88062112217,2380.23341584145,3795.05082753608,4116.24610209754,3960.86435034328,4281.77779686231,4149.74141582603,3910.36051138382,2289.33323116053,2296.15700951059,4311.99376504867,4112.54950667214,3934.1366687179,2342.82450306421,4245.86951135452,4103.77203130694,4218.09739876009,4268.0050545121,2889.77570102028,2300.48268683352,2288.10672918198,2302.13608099418,4150.08799693934,3971.32980825152,4109.09868554629,2383.55497675882,4052.13704380645,4000.17209710163,4137.06450885269,4209.19763100311,4185.07583899185,2353.75892572327,2289.72850432122,2293.63222000778,4117.66162828973,4039.54361108987,3845.91225864964,2402.14247871747,4022.41373934061,4019.49447838624,4078.41461461191,3978.61517258276,3297.99202932516,2461.27954863967,2292.12056901383,2293.24346163841
,76.5,3851.46932577657,3893.58868654784,4047.35361303039,2393.87760487495,4069.71189247719,3792.67463514111,4048.57463332964,3831.3347761575,4043.27763755181,2372.43755660477,3962.52561346219,4002.02748802814,4027.91808467938,3946.34669041402,3795.02942121187,3784.09624949319,3966.63862093056,4006.48610173596,3930.74974591157,4087.77964862433,4035.92720967997,2311.19772086981,2392.57653560884,4115.45568070874,3887.40245653256,2434.097259241,4131.18658181276,2399.62777737444,4085.80661676038,2619.67247240098,4067.28960560824,4023.84119559839,3716.72709221547,3924.99251051242,2287.97578812931,2304.6152223106,4025.43688789921,2331.44973082436,2353.99436962599,3999.14892079854,4180.07476775246,2910.28123382481,3886.8106675672,2384.77565613705,4129.62890126231,2312.90556060188,2287.18666099911,2299.42456126116,4096.7760819933,4112.75915738972,3623.119964185,2377.53443712855,3763.85042582986,4084.39585174039,3929.09355411446,4249.81187511132,4117.96742385565,3881.66951153613,2290.13307155733,2296.85623246656,4279.35953761556,4083.39635509941,3907.46358925007,2340.60408097259,4216.37506392622,4072.18286276057,4187.24172882007,4236.77553580911,2871.21023942362,2300.66441958958,2288.78628013622,2302.51508363513,4121.72159920473,3938.63303107885,4079.82504014866,2380.92409889341,4019.65964755125,3969.80784066641,4107.01242927874,4178.15931913941,4156.39085419962,2351.22100347412,2290.70357144984,2294.56609384895,4087.28754511157,4008.13834265059,3820.34913625951,2400.13222715804,3992.27078798785,3987.80749559678,4049.34327246165,3947.47162952038,3279.75616127951,2456.72825113953,2292.94360313638,2294.17487856186
,77,3821.9298076223,3864.22400954356,4017.55196242189,2390.86784428237,4038.41577378164,3760.05167453724,4019.48473022869,3802.2155996248,4012.4433080067,2370.09735914059,3930.53425230097,3973.04688403881,3999.75608438424,3917.49609157054,3769.11198464116,3753.70053504937,3934.65667693472,3973.85810668575,3901.01037574352,4057.51806833096,4007.99640242022,2310.9400165438,2388.56682006457,4085.30295289025,3858.37559355342,2427.66314050222,4101.76722068709,2397.0310129295,4052.58995803592,2607.68407914257,4036.55069393961,3994.02874630716,3692.89022645679,3896.35842788433,2288.50051942107,2305.19550562529,3995.02535226417,2330.46072891205,2350.99390421059,3969.4571245359,4147.69721120952,2888.57488850962,3857.01297654544,2381.65754812655,4098.84738336992,2312.44615701262,2287.89035013139,2300.35470739721,4065.145112092,4081.70134681974,3592.69540913568,2374.82649378864,3732.27194098223,4051.68598728666,3896.38885579506,4217.41075868419,4085.70623454231,3852.22372198509,2291.14792731142,2297.60780924044,4246.63848256003,4053.21351497391,3880.0310106851,2338.26596925149,4186.49007628851,4039.76177034457,4155.55208442811,4205.02713061849,2852.41994341287,2300.77233501223,2289.48357434599,2303.07020078981,4092.2181289812,3904.91221370909,4050.08007377327,2378.17788639516,3986.47213186425,3938.85631274634,4075.78969346818,4146.18008801407,4126.87648446895,2348.4787158838,2291.76781709466,2295.42585989836,4057.36140719822,3976.08458203572,3794.80909296782,2398.3239856087,3961.36074661366,3955.25171279054,4019.9688926183,3915.7966904399,3261.0948668259,2452.19218959494,2293.3824368856,2295.27214361526
,77.5,3792.65610805243,3834.06981904363,3987.26004646565,2387.51176802202,4006.52090143957,3727.1708233738,3990.02895305142,3772.22944898197,3981.33799387286,2368.03616927457,3898.12808906369,3943.69571220251,3971.86704032152,3888.04882401404,3742.90840695216,3722.48956998568,3902.26329040964,3940.28044682871,3870.67805396183,4026.17231163923,3979.62533801002,2310.62514688261,2384.52562266599,4054.61723005525,3829.21531442927,2421.47550593014,4071.64818942427,2394.55923860165,4018.40253490636,2595.80842515245,4005.04239938888,3963.47255961632,3667.76415324028,3867.0755793285,2289.07933752926,2305.6757051039,3964.66168506067,2329.61152822187,2348.13623871631,3939.57515812527,4114.14692420028,2866.7181554436,3827.2170257833,2378.47925484266,4067.71266643444,2311.9557155885,2288.70508345269,2300.95099802416,4033.31841916372,4049.6716961523,3561.84580114275,2372.06338911703,3700.03568245549,4018.30314154247,3862.72501336734,4184.61806656874,4052.22821770126,3822.69103285753,2292.23108983232,2298.20178485242,4214.05054001412,4021.95657782803,3852.2865723412,2336.08043698826,4155.69224912435,4006.4703932418,4122.94955841716,4172.84235190548,2833.48641835975,2300.97930878913,2290.11085593945,2303.8356189019,4061.83466119458,3869.75249878514,4019.58105615782,2375.75858758227,3952.28207675664,3907.18150913519,4044.05913175633,4113.43935876886,4096.72552905054,2346.01110281968,2292.67623666587,2296.33216644304,4027.35195096139,3943.04167287218,3768.86676933684,2396.68177440327,3929.63997815158,3921.35250320989,3989.83855706294,3883.50043796056,3242.50113913762,2447.57102135548,2293.72412428575,2296.05197913124
,78,3763.63123408939,3803.24446810301,3955.8050126596,2384.62303854087,3973.46942656136,3693.9441614833,3959.99203581569,3741.30941967937,3949.78271456807,2366.03911456037,3865.11787644364,3914.27612071939,3943.97064555361,3858.08527847989,3716.66615440099,3690.88702567478,3868.69909522679,3905.90641382158,3839.15739629981,3994.17007198242,3951.46967985191,2310.52978201636,2380.46059329581,4023.57227019762,3799.98325381206,2415.54109061407,4041.18480474194,2392.19346988507,3982.9324024254,2583.715712529,3972.90924468217,3932.37025583893,3641.45938660352,3837.01039200171,2289.78698289756,2306.05838722718,3934.1671662033,2328.81165630505,2345.4786153959,3909.30501706847,4079.41795976882,2844.85319451453,3796.6679922938,2375.36982234378,4036.36978440487,2311.61509581316,2289.3963692517,2301.6410216876,4001.53840010028,4016.80975370495,3530.52265048803,2369.44592263533,3667.20706716472,3984.21920867442,3828.16509850907,4151.32243487806,4017.61298287414,3792.78368353186,2293.36748454304,2298.91151779372,4181.32859990499,3989.69726753973,3824.11449164578,2334.14512844929,4124.52162928323,3972.31697039723,4089.86174844515,4139.95632249364,2814.73866998765,2301.08294953313,2290.78010779151,2304.80709815914,4030.37029915551,3833.53324008321,3988.715760349,2373.59977810556,3917.38792094395,3874.73147803427,4011.68225105382,4080.11345037638,4065.4771750357,2343.7983806462,2293.43145299149,2297.30665710704,3997.4896235574,3909.35267801038,3742.61619751654,2394.76901191078,3897.30019694165,3886.51766115015,3958.945400505,3850.52475692399,3223.47530844282,2442.7745550425,2293.98328450718,2296.74895936006
,78.5,3734.57080284299,3771.84987012076,3923.52261392698,2381.79010700467,3939.46577881873,3660.29770391676,3929.389133298,3709.72763526983,3917.78422642664,2364.07248618056,3830.95278099873,3884.81896829069,3916.41120668093,3827.4996989902,3689.60393633941,3658.16582521375,3834.09687711983,3870.5743704808,3806.43382058139,3961.03987782507,3922.44963295508,2310.31870507883,2376.70390674381,3992.31390709473,3770.88575909163,2409.68775785474,4010.08368274557,2389.58351114829,3946.30335543998,2571.97002247391,3940.02977281705,3900.47489179546,3613.99880120339,3806.23348739608,2290.67271005463,2306.71934563617,3903.668556053,2328.21315316288,2343.27448681503,3878.7713472846,4043.64663377165,2822.12761938407,3765.31590488426,2372.27616606402,4004.66113104288,2311.35180584268,2290.08030010738,2302.16734391424,3969.62431956383,3982.73135844411,3498.89923502309,2366.63316322771,3633.74429883054,3948.8103723232,3792.90410070296,4117.21024242695,3981.81945066608,3762.62372283849,2294.50100364387,2299.50830755866,4148.4721663569,3956.4874143232,3795.30178218722,2332.50059887016,4092.02201313562,3937.36626064587,4055.51453899443,4106.5047236258,2795.50157765859,2301.24484005134,2291.27622919026,2305.72693511219,3998.6457035134,3795.98552984735,3957.13519505532,2371.17093871303,3881.43296300896,3840.99333527914,3978.45786595663,4045.60132153353,4032.77294846574,2341.6461108767,2294.0648410392,2298.02527866033,3967.58061121365,3875.04038666938,3716.00796181337,2393.08598086811,3863.85370258769,3850.92913767139,3927.45312312082,3816.56079541475,3204.17006730452,2437.91846226282,2294.47740383449,2297.56027398079
,79,3705.64572081962,3739.74679480765,3890.04090256079,2379.13459659332,3904.19138105027,3625.85307375351,3898.06040689119,3676.66188775201,3885.2988236885,2362.11213353493,3795.81355578963,3854.92703981039,3888.4058621052,3795.81615508352,3661.94474430327,3624.55570820237,3798.54754448218,3834.35593345061,3772.39600035826,3926.61251166326,3892.06583578287,2310.27956447985,2372.95517744291,3960.57337627147,3741.99733201603,2404.49345031525,3977.94969578853,2387.29455850841,3908.25056023434,2560.29231650014,3906.35029324206,3867.90260878684,3585.11757722953,3774.91114551996,2291.66802170425,2307.45336561139,3873.45437463716,2327.6573725325,2341.01944894949,3847.95243993273,4006.4807659338,2797.86716908594,3733.11644739066,2369.12923188782,3972.23042929233,2310.93399913149,2290.63496144424,2302.83082380146,3937.7847374683,3947.55117535753,3466.42158695313,2364.0073888195,3599.53372541065,3912.13420547418,3756.97942778192,4081.85638020757,3944.88293753221,3731.9331325971,2295.37129696055,2300.04411663687,4115.44678928242,3921.91247261714,3766.13372562917,2331.12019007218,4057.77489375654,3901.21096817131,4020.30013554105,4072.31369021438,2776.30614796584,2301.1101556275,2291.95254217229,2306.64801082186,3967.04038838478,3756.67959726139,3924.59868133328,2369.01955245017,3844.28011065159,3806.30238206907,3944.08984791787,4009.73176978718,3998.72716037795,2339.73516808771,2294.40194671432,2298.77889696461,3938.02097953185,3839.92947562269,3688.67487725438,2391.56115936963,3829.06549854358,3814.16854240751,3895.07088928307,3781.81886805816,3184.21584830259,2433.08094995699,2294.83318218594,2298.11954537844
,79.5,3676.57357449305,3706.72270294129,3855.42820513497,2376.77476786317,3867.31824503346,3590.81373792757,3866.24678296423,3642.45681047517,3852.24316208967,2360.02771751394,3759.62653140488,3825.26596712574,3860.26067237682,3763.25051040575,3633.84997741443,3590.14739570241,3761.65308369426,3796.87247369536,3736.75902003125,3890.59475229822,3860.34843691307,2310.23017507373,2369.63399894782,3928.43414060922,3713.06987949276,2399.7475077792,3944.6292037045,2384.82592666197,3868.76877845449,2548.70782415027,3871.94373958625,3834.42255430975,3555.16220560208,3742.56101473323,2292.7799914683,2308.13927061309,3843.02355403686,2326.97283255079,2338.77906054525,3816.53542704363,3967.73889267274,2771.8783167916,3700.11817313239,2366.16640612042,3939.12911009303,2310.64189856785,2291.18284657216,2303.35096812086,3906.25770969911,3910.75089292819,3433.42260822236,2361.45193560517,3564.42078786663,3874.26584213717,3720.03014095744,4044.51634732474,3906.1394681218,3700.50639182181,2295.94126142553,2300.51353055286,4082.60371918932,3885.87538592001,3736.47721781348,2330.07626103414,4021.0977020743,3863.5027839312,3984.14097162126,4037.29441228343,2757.39183888302,2300.99777190766,2292.55455214872,2307.51349312169,3935.55885895152,3715.59931996134,3890.99919071763,2367.09450421432,3805.80187122477,3770.17138319527,3908.91673075006,3972.47002409807,3962.86479166729,2338.11214803276,2294.67443078433,2299.62021136481,3908.3338849833,3804.06416060474,3660.76663561441,2390.19462377274,3792.58747028807,3776.29738210595,3861.9123913164,3745.86377157669,3163.73992199117,2428.2848462927,2295.70063732794,2298.73842595085
,80,3647.63453471973,3672.61649452717,3819.49873301901,2374.76933704914,3828.25777392457,3555.06507856235,3833.58369552619,3606.89205928131,3818.11150087868,2357.98768997953,3721.36352386405,3795.42971668739,3831.64094242204,3729.37929478697,3604.63386369188,3554.71307411997,3723.09960516782,3758.24727836753,3699.38828890838,3852.89285631661,3826.7875454353,2310.33560664456,2366.91746045354,3896.07804185729,3684.12456153703,2395.19740399331,3910.21578932974,2382.66123019024,3827.95755482435,2537.58578218834,3836.41251130015,3800.21284525574,3524.05760690325,3709.24596063899,2293.76143618269,2309.01528598628,3812.7588594421,2326.35333184385,2336.69994330318,3784.57235196382,3927.17058291621,2744.51292407688,3665.69418660923,2363.30048914772,3904.92085141393,2310.5536494501,2291.60230417487,2304.03736714919,3875.14637414502,3871.82068033856,3399.57269860227,2359.13394295433,3528.22311696969,3834.72902898294,3681.76024607317,4003.95093088486,3865.85720845628,3668.20483110573,2296.49883567583,2301.37707307051,4049.42268048401,3848.15062136789,3706.02188489784,2329.0785919792,3982.34724510893,3823.69807026691,3946.63281897199,4001.00736861134,2738.77358668715,2301.11617386165,2293.14427884949,2308.2221974166,3904.09200550829,3672.50267920819,3856.49285014602,2364.88692895037,3766.08970594647,3732.45645408129,3872.3988496068,3933.42488829812,3924.82832372255,2336.52353007214,2295.10823766482,2300.24882158617,3878.90012514089,3767.2925402185,3632.06975803146,2388.73889347653,3754.53427065145,3737.07592204076,3827.99506587076,3708.17625582257,3142.48777203173,2423.507642336,2296.71251218179,2299.6988425492
,80.5,3619.02417941631,3637.10186308809,3782.3018557949,2372.51627843028,3787.07282312736,3518.25453615447,3800.09483253332,3569.51751687137,3782.70519382248,2355.95477281201,3680.9616958786,3765.14771338898,3802.74224559018,3693.76433676081,3574.26683321704,3518.26433665609,3683.12557216148,3717.99034997355,3660.46721933742,3812.38551014791,3790.46091672098,2310.64688637233,2364.77553486587,3863.33644384326,3655.29996474698,2390.79004153297,3874.31362827843,2380.76506471639,3785.43712062406,2527.15785987117,3799.528767533,3764.58894764803,3491.19845417475,3674.98813815521,2294.56296677766,2310.00458184464,3782.94593867561,2325.82291631265,2334.97280260985,3752.00989712026,3884.5460747126,2715.97371726421,3629.92788618579,2360.54484281181,3869.52476676626,2310.39233906054,2292.23982074293,2304.50627262192,3844.16342110538,3830.03009210949,3364.89076373309,2356.95758123454,3490.70585842582,3793.20667879336,3642.19224393095,3958.87331852938,3823.42460927655,3634.95106112138,2296.99585429159,2302.24163472919,4016.17505109359,3808.15574245014,3674.43006886087,2327.92921309497,3941.17929736678,3781.36813526757,3907.04058620418,3963.51532831339,2720.30866430915,2301.33763195415,2293.95576691793,2308.9817768715,3872.8138485079,3626.74300718189,3820.4643624999,2362.59707090738,3724.9372518083,3692.66351456898,3834.18168793212,3892.08107306828,3884.48234582437,2334.54565981006,2295.66588589296,2300.69157060725,3849.52416621921,3729.1708889122,3602.23018700414,2387.47559946982,3714.35220643704,3696.13564531111,3793.06156963777,3668.29654373273,3120.62797851393,2418.78091410711,2297.70676150262,2300.53381951716
,81,3590.43815484558,3599.45773023005,3743.29088703594,2370.3887699139,3743.2369602245,3479.99036038,3765.54056225728,3529.31507502764,3745.7487211408,2353.83611770913,3638.12973294917,3734.1765001555,3773.44931556399,3655.96842480418,3542.4581789446,3480.91112060583,3641.04782770527,3676.07714054354,3619.26606848527,3768.22979534057,3751.27468759596,2311.08895072345,2362.9389973466,3830.04198235186,3626.18375297853,2386.87473280284,3836.37052251373,2379.30102306801,3740.50183337544,2517.03356980756,3761.22840594817,3727.20018290445,3456.48394854799,3639.21357462245,2295.07590009985,2311.04866819287,3753.38971424944,2325.12446687949,2333.2514358605,3718.68104681701,3839.56317708248,2687.32051807503,3592.67370237458,2357.67077315534,3832.65174131458,2310.05770319854,2292.92285538406,2305.05865384102,3813.62766382842,3785.04792576923,3328.83010532844,2354.90954039009,3451.38448554056,3749.76375106481,3600.28600677454,3908.90131253943,3778.24926962675,3600.50591668008,2297.66381613827,2303.17164036227,3983.18015347368,3765.55812116325,3641.86867985497,2326.78278076218,3897.33255813196,3736.3272377564,3866.05111826623,3924.61976062047,2702.28859200863,2301.54847895755,2294.96801204479,2309.8818089714,3842.01570657381,3577.72141518141,3782.92442970938,2360.57267981997,3681.93454552819,3650.78351491967,3794.29434050534,3848.41295883919,3841.72121121798,2332.78656181796,2296.39044691803,2301.05339335883,3820.08030759947,3689.12336820965,3570.94615064496,2386.20767734983,3671.77587045887,3652.69608650518,3756.44769704446,3625.8474524983,3097.87008827964,2414.0670811205,2298.54192840018,2301.39816652817
,81.5,3562.05344967612,3559.1772155466,3702.35083004552,2368.3073252885,3696.39961259787,3439.90922660385,3729.87911173435,3486.04762748062,3706.66580870891,2351.52628296943,3592.02026595555,3702.24438284378,3744.19176236387,3615.88305697904,3508.94585092344,3441.81934766795,3596.41651869704,3631.99419030577,3575.51600427089,3720.42158368291,3708.6913621852,2311.22229512739,2361.67781747082,3795.4956412855,3596.06995027827,2383.03552865415,3796.25896361651,2378.08072950548,3693.23003037204,2507.41390143416,3720.76735000469,3687.14954656018,3419.62989519328,3601.38298114964,2295.48187962348,2312.11605637077,3723.93898530196,2324.42247958897,2331.79449758312,3684.53361906546,3791.48807200646,2660.27523797367,3553.29162138338,2355.03377781693,3794.29322408219,2309.81203205672,2293.74992149446,2305.58810478895,3783.43589194928,3735.87954254505,3291.60666404657,2352.94701155674,3409.79457742167,3703.99048879074,3555.57727049482,3854.18212286796,3729.86508284468,3564.75371295205,2298.27969494769,2304.09940668472,3950.32785289674,3719.58642896221,3607.45682919342,2325.70688200936,3850.48465904523,3687.91139997561,3822.54344419144,3884.18832789202,2684.22049092339,2302.11972183182,2296.00151285541,2310.75640193335,3811.23236831396,3525.27207705776,3743.25702887313,2358.21592533574,3636.52554086784,3606.11529648474,3752.14539760928,3801.67181093542,3794.9851549287,2330.927521755,2297.37451182932,2301.36065929353,3791.06198756235,3646.88185139398,3537.6517536635,2385.0969655309,3626.35751771562,3606.42504489265,3717.91276050237,3579.96764045313,3074.0703432772,2409.1511094302,2299.43308040608,2302.30489420918
,82,3533.44258128318,3515.49388371516,3658.33980159515,2365.88560044394,3646.1511243604,3397.55137968269,3691.83593609417,3438.55189691533,3664.94430409072,2349.38132869342,3541.76809093123,3667.55351124306,3714.42632801143,3572.09749266677,3472.82790316265,3400.59044992889,3548.81897435981,3585.1607160881,3528.41625336271,3667.74255594612,3661.7372990269,2311.43680761841,2360.14219913892,3758.67586916973,3564.20953837076,2379.09434104708,3752.18467727224,2377.27041889421,3642.13121450855,2498.21436478507,3677.76974213391,3643.78957237035,3379.87813641142,3560.95727231025,2295.75163523597,2313.27614516389,3694.62362922077,2323.81346510337,2330.38250117958,3649.45817584007,3739.78197313539,2634.45011616309,3511.0858934146,2352.34361495706,3753.34232360862,2309.54691706608,2294.48756661438,2306.04095095725,3753.15306694448,3681.80447218852,3252.60380232905,2351.19396398048,3364.98423507592,3654.90643228827,3507.5920741649,3794.52398080318,3677.57924446035,3527.25146512721,2299.08145748678,2305.01658928525,3916.97180607756,3669.25786095781,3570.93271132724,2324.58988127586,3800.32102332506,3635.24204753161,3775.08636969728,3841.15234934416,2665.2072119321,2302.69560314159,2297.1934894797,2311.48106014769,3780.45429186381,3468.08255848929,3700.85722976523,2355.91044791136,3587.94980477786,3557.91514012771,3706.46232046805,3750.78167536302,3743.16088525516,2329.21442289385,2298.41884902475,2301.64964362959,3762.44474340286,3601.50219206147,3501.58228931965,2383.93982548391,3577.44641227371,3555.95514806165,3675.80143143313,3529.45170476427,3048.33115803471,2403.87881065642,2300.11200359637,2303.19760176585
,82.5,3503.71793472582,3467.18323660904,3610.45270127766,2363.53926750963,3591.25097365791,3351.74763705386,3649.3726169628,3385.26133664963,3618.88100405613,2347.09299005154,3486.77154784263,3628.29714413091,3683.99171453203,3522.99744797137,3433.17063446113,3356.13267521436,3497.20980132179,3534.13997054956,3476.5415235809,3607.86909975936,3608.76125647065,2311.60313977819,2358.18161854654,3717.27510168956,3529.3946929991,2375.48044949408,3701.46693450537,2376.35354633746,3585.22854995961,2489.09459250457,3629.32420874399,3594.42537244066,3335.99389035945,3516.42193767996,2295.91779506437,2314.27607997479,3664.5870473562,2323.33078929858,2328.91100185904,3612.02586221103,3681.97275488132,2608.89152219008,3464.69995281189,2349.87093181194,3708.2178292901,2309.0441153246,2295.23998889665,2306.45379094579,3722.17036250331,3621.365648347,3211.06335810175,2349.61773660781,3316.2828667454,3600.98184038499,3455.53541417811,3729.27467594021,3619.83114114628,3486.23762211099,2299.91240690454,2305.62092258129,3883.19856450123,3612.38345057047,3530.60152514871,2323.42285359043,3744.24363898969,3576.60851168553,3719.78967649909,3792.35254233626,2644.32027584824,2302.95325709198,2298.33622571434,2312.33126117721,3749.09711668157,3405.20565103459,3654.07281531702,2353.98133371738,3534.74812653757,3504.32314376876,3654.69468898254,3692.56844251972,3683.73042879519,2327.6097201379,2299.34692687359,2301.99829016366,3733.81100138566,3551.96856200642,3461.67010982259,2383.03678397546,3522.99212011724,3500.42907430716,3628.4118431918,3473.13883215255,3019.57333177223,2398.24153800188,2300.94970111595,2303.826108006
,83,3469.65095835958,3408.85508392394,3555.17800947073,2361.44531027171,3527.03256643381,3301.39876931241,3594.8451119005,3322.71063032721,3564.63538624608,2344.87732023535,3423.55301919226,3580.9800410744,3649.91895520261,3463.66011578197,3386.33506278519,3305.91433361422,3438.83624795088,3475.13958230277,3415.70726698316,3534.85346302938,3546.31157080062,2311.57590583325,2356.05069860992,3666.61696335573,3487.92497670477,2372.53054251315,3639.20122028183,2375.55492479419,3517.7265832642,2479.70883184864,3568.08880680226,3534.61691775453,3285.09242556228,3464.71565000191,2296.41663084258,2315.26474882234,3631.34083974393,2323.05035671541,2327.41697901261,3569.38606501109,3611.52678266514,2583.44945467101,3410.20094562452,2347.76782845844,3654.14758512373,2308.53436922576,2295.93289616384,2307.3019593283,3688.60457875838,3550.27847010852,3165.42242428738,2347.87642449654,3262.23380504748,3536.47735525251,3395.82222185667,3652.46245617353,3553.6922280433,3439.226300052,2300.79505185029,2306.24243673627,3846.7156626965,3544.3092374828,3483.33025005881,2322.58235834454,3675.91063963772,3507.30542130899,3647.20701659436,3726.29851302305,2620.7625578816,2303.4762253558,2299.07982467021,2313.05498430364,3715.51055282269,3334.50878008084,3599.11430317024,2352.31053476485,3473.53202333485,3439.02526760969,3590.49224087656,3618.31247735049,3612.06730627584,2326.62019506191,2300.23572433579,2302.78288181968,3703.83401317233,3494.64650047567,3414.4631226814,2382.19473554028,3457.68569398465,3437.16832865101,3571.52400607484,3408.0277782854,2984.82526894033,2391.51458410032,2301.92167977758,2304.39824413161
,83.5,3421.74590730702,3330.46994242008,3483.99078071908,2359.65373514238,3445.20787566989,3244.95852334025,3514.7258706269,3243.75175514237,3490.92508261376,2342.59831648467,3346.21167847305,3521.56667988056,3603.10466754037,3383.15052541038,3321.47715270279,3243.57448590664,3369.38581771092,3401.97742560536,3340.82498396666,3438.58960162704,3463.87817029394,2311.59283662378,2353.77592293297,3599.42998549577,3430.02679871752,2369.62368608139,3555.64531031482,2374.69892787372,3432.31518478748,2469.4693968976,3483.43590373872,3456.95288170113,3218.51148523937,3393.58815439917,2296.9431646194,2315.8895978213,3586.31831998366,2322.95446983331,2326.04504961518,3507.211533206,3517.70213981554,2558.10407793467,3340.75928074917,2346.26362215074,3576.86877399651,2308.17678939305,2296.66822593801,2308.26703472699,3643.78000812834,3460.01319350903,3113.18467981713,2346.5332158684,3200.44909082445,3452.87773463175,3321.9823363204,3551.88210310289,3470.50664196599,3373.02165429829,2301.46625848454,2306.82251506493,3798.41977409561,3455.49726123692,3417.70888375259,2321.89259746289,3586.84368410414,3421.6646323242,3544.78486395594,3626.32015948506,2593.25654624818,2303.92950154708,2299.75213483057,2313.67383429809,3671.77164491609,3252.94540082266,3523.38990756037,2350.72152042798,3400.35887531534,3354.84501169866,3505.41142183067,3515.42760771254,3518.635267805,2325.7988409024,2301.03814274677,2303.89423341768,3666.43984691393,3419.41650394637,3349.87651793286,2381.40310036334,3372.86827927563,3362.58335870562,3499.32397743545,3328.67017158484,2935.19592468176,2383.35267861013,2302.89775269062,2304.98829589562
,84,3347.70455797125,3229.08283526228,3389.94368295399,2357.98534946486,3343.73350349466,3179.84672267944,3404.95505622194,3144.76830295774,3386.42213840465,2340.28569623463,3253.01713337922,3446.1126690357,3534.28826945724,3276.85978764132,3231.65244660703,3162.31879849313,3286.56357763402,3310.61814275316,3250.35358973737,3316.42294568128,3353.57263362262,2311.89249863502,2351.55948391488,3509.96063037592,3346.57545460146,2367.10877852904,3443.56185338941,2373.67911642885,3326.48931981244,2458.05590119162,3373.43385360665,3358.17839436931,3130.61415999812,3294.24380822433,2297.49073747771,2316.52330982525,3520.01677304483,2323.06141030983,2324.93480504392,3412.47924888849,3399.26597963711,2531.91518099762,3254.19819763196,2345.02156495583,3465.20575870624,2308.07543719731,2297.42625472101,2309.31570721868,3577.57744547396,3348.15824275583,3051.4853960012,2345.33067589472,3128.76561602434,3347.96821251248,3232.04171029053,3422.50764620378,3361.90223513518,3277.93715473304,2302.40421387703,2307.46010910673,3726.62227737875,3343.63452149069,3327.07159120499,2321.19042671971,3475.43747134428,3318.01342472846,3411.02988088109,3489.1573427892,2560.9090679939,2304.40392090813,2300.47787823691,2314.64994867882,3607.43334886053,3157.70078253211,3416.33752552229,2349.62124987933,3312.91418743983,3250.20025831442,3397.62629885225,3381.57400899322,3397.15933607943,2325.19746153417,2301.80575463005,2305.12826616976,3609.5606338384,3323.14689879087,3259.11041214658,2380.51198881158,3266.93775311049,3274.52408760345,3410.31513684593,3231.61376215767,2867.89001685486,2373.65649827522,2303.9519050347,2305.55445760525
,84.5,3243.33725078388,3103.11752106905,3271.73967286749,2356.70634899933,3221.88119635531,3103.73397549705,3264.3486988623,3025.05645265933,3249.33803074027,2337.80946487508,3142.81172367625,3350.03712432785,3438.19694118996,3143.58603911886,3116.40360107649,3059.43784163999,3189.0078254956,3199.13106541795,3143.91624592449,3169.16743110077,3214.68378315792,2312.22098829904,2349.74553733917,3390.96135211031,3235.20282453539,2364.88398923671,3302.70803056649,2372.67267099064,3200.2165047752,2445.69744845258,3237.28522805423,3235.79749817494,3020.60877363229,3165.50929205257,2298.10127645466,2317.11409150865,3426.95224674082,2323.17301422911,2324.00482164798,3281.95447847525,3256.01548691254,2506.66545215757,3149.43562012357,2344.32965105728,3319.6974687816,2307.91764414819,2298.46025020247,2310.50971831882,3484.33587366943,3213.73084660046,2978.46326469876,2344.16927036634,3045.75419131885,3220.79399149123,3125.41882554516,3263.64714692687,3226.54115132482,3152.81267034315,2303.27300338803,2308.21229966586,3625.14291794256,3208.27631881673,3209.09977417212,2320.52986478046,3340.80925855482,3195.84347443662,3247.0468465931,3315.32767390271,2524.90022687307,2304.90748286789,2301.1375086968,2315.70311071813,3516.44424656628,3048.70784128881,3277.27765247705,2348.63092867418,3209.68019970496,3124.76057758779,3266.93990257103,3217.03744732766,3248.63961035424,2324.66322241342,2302.53801732517,2306.31914617581,3527.67827356881,3203.78483720461,3141.57884958641,2379.67946662714,3139.82143208066,3172.50464285933,3303.71341046372,3115.48165742809,2783.78433612009,2362.67604307445,2304.67256105095,2305.95575359293
,85,3106.74502482438,2955.08814737901,3127.61013085826,2355.6086268537,3081.77403316423,3015.7974285486,3097.17516173797,2888.50056440628,3083.20462785428,2335.43175247723,3016.9948524301,3230.00168216214,3308.97752873873,2987.23620042196,2978.37152143068,2936.89677600478,3077.86599423182,3068.29129733032,3023.47337366214,3002.96734829637,3051.24408650496,2312.61452416238,2348.42493757721,3239.46635699246,3095.69040916332,2362.72253471127,3138.22872977706,2371.9360183274,3056.43035134135,2432.57774904185,3079.68162828372,3091.83008224493,2891.67269658962,3010.44709247542,2299.09875759439,2317.86526751111,3301.41775626825,2323.34982322066,2323.19413578736,3116.59894541017,3092.20190353907,2483.95027901086,3028.4604505755,2343.69432808478,3144.12665104159,2308.12261368649,2299.48897547615,2311.62419443779,3358.06093627936,3059.9627020196,2892.77489956462,2342.98172633821,2951.9897674226,3073.43536676008,3002.88992272174,3081.55389836027,3067.32437839703,3000.56322237708,2303.94435990399,2309.1385903808,3486.92429702671,3053.26122208467,3064.67999839689,2320.06697652227,3186.39412581273,3057.90305595633,3061.40962552175,3112.3332866513,2486.93901255671,2305.59157071221,2301.98836839057,2316.68311675589,3392.57352541043,2928.24814837466,3109.24605836048,2347.73186045373,3092.03902979933,2982.06388760824,3117.28424051978,3029.47837519285,3078.86965151051,2324.31758728093,2303.38818845125,2307.63495320519,3414.21429821915,3062.23718049202,2999.12741787929,2378.75946935222,2994.99782343909,3057.14219732816,3180.01202302849,2982.45499368698,2685.81394463702,2350.68392147543,2305.11235472972,2306.58583004406
,85.5,2943.08527658159,2797.48282004865,2964.60531757198,2354.88145883132,2933.72274074025,2918.43342728124,2918.32377590336,2744.66931317378,2897.35362010313,2333.10857671894,2882.42978860437,3088.86700532507,3147.05566965636,2820.07421780451,2825.5751290667,2800.34413170759,2958.48049481835,2926.66635404804,2896.93691526679,2832.98443607088,2872.93643488376,2313.24817886987,2347.3008923914,3063.29907882984,2933.38304484104,2360.44020297701,2960.99886105525,2371.30053630039,2906.48055668923,2419.42500875229,2915.14755813638,2935.29731727921,2751.60677345211,2837.14860853542,2299.81259002143,2318.40697082497,3142.93005624827,2323.45466806156,2322.44567535513,2923.68862666731,2922.77700163083,2464.39576841103,2898.76125755047,2343.16306173581,2949.13233424483,2308.55816162798,2300.32158812191,2312.5778932589,3196.4808554759,2898.09380590248,2795.34917153693,2342.36354229218,2850.36458960115,2918.31735877522,2871.96161721857,2893.30350770514,2892.69442893912,2828.05399807684,2304.73581585842,2310.03582260601,3309.49456819568,2890.36477390351,2900.57083756152,2319.6914289274,3024.34121145989,2914.61041250666,2874.84842559542,2904.49665970071,2449.07939667383,2306.0144141045,2303.19380451469,2317.41940999631,3232.71100876725,2802.43526621242,2921.50744765486,2346.84497734792,2965.7363502452,2835.91078870229,2961.04904223054,2839.08665790888,2899.2172856429,2323.88505113627,2304.36371976802,2308.60793994701,3264.28314502614,2906.81188826969,2839.37068285052,2378.17409782106,2844.53590488239,2933.79824897473,3045.56538671251,2840.16300987693,2581.15372725954,2339.24979874979,2305.46549206737,2307.52752647545
,86,2772.51405058697,2653.50512498198,2802.33220170112,2354.1666519249,2796.06998952564,2815.89287326745,2756.17548926368,2612.21313514891,2716.78357604166,2331.23365384626,2753.43523118881,2933.84832127506,2971.41779679285,2666.67315921822,2681.94881412862,2664.85158014659,2839.63138006151,2787.93639856874,2775.96538426774,2683.97683864309,2704.42047760767,2313.80240905064,2346.42246099535,2879.19825821685,2769.53434900456,2358.29769291692,2793.36257240043,2370.78763822077,2767.62250718453,2407.81728678973,2765.84300522826,2783.71459110839,2620.11435232133,2672.73790102489,2300.75144711346,2319.27326225852,2969.36792750237,2323.59209305388,2321.79838733984,2733.74593487126,2771.28116129278,2448.51083506775,2775.30724121395,2342.48655651416,2765.67564318334,2309.26975787224,2301.07265905378,2313.40026071644,3017.13412040647,2748.33257276881,2693.07582741854,2341.72580931994,2747.31291610332,2774.34389629249,2747.18218299688,2726.30142768338,2723.81766463971,2663.56308334818,2305.55285157942,2310.97913980729,3111.08255843081,2741.17779288756,2740.94256916862,2319.41214213104,2873.745197708,2779.1985192059,2714.18917359237,2727.5435186271,2414.54423332423,2306.58427349288,2304.37528942795,2318.03721637592,3052.78195345537,2681.30568999069,2741.65816560344,2346.10821694987,2840.45182978838,2702.83944810959,2815.50021016659,2673.76337040414,2731.95806806127,2323.45061210484,2305.42750543072,2309.39011237291,3090.95593394935,2760.12271960618,2684.71004670694,2377.69128001776,2708.82793769367,2811.09812672301,2911.21079224016,2702.78525140829,2488.91592635561,2329.69773988582,2306.0280084293,2308.5071785123
,86.5,2620.72054533843,2532.92326867413,2657.28502077322,2353.79049221444,2675.91286018752,2715.64125945066,2620.92444801109,2502.43102662166,2567.62938243947,2329.95325541222,2637.32758112785,2775.84890143847,2801.60249537031,2539.23026588987,2563.69747034039,2547.62888019875,2728.11129558012,2663.25326616019,2666.37777246469,2564.3812931975,2565.84360893922,2314.40452764218,2345.58060539123,2702.67037100584,2625.03043849521,2356.01578423662,2652.66120674113,2370.45737736757,2647.15872590021,2398.33056084677,2638.93221181229,2647.558387678,2511.74180698971,2537.87245836027,2301.93134899162,2320.12194223311,2800.53616782928,2323.6240678721,2320.99720845634,2574.60969334485,2644.35843431531,2436.29966926352,2665.61346367046,2341.76482649757,2617.84996673301,2309.99423508023,2302.02673333648,2314.14575123998,2841.22010911503,2620.32907992749,2594.01538128071,2341.16593698497,2650.20181407454,2649.15852215536,2635.82834775618,2593.28100416178,2581.40214742708,2529.00930309682,2306.30939298771,2311.9309775947,2916.23553373138,2614.75291095406,2602.57733198157,2319.28799686735,2740.71330683476,2658.83320951314,2586.40826459458,2590.18446516419,2386.14763759205,2307.20440307995,2305.53532847755,2318.1375138149,2875.13007993387,2574.64295542028,2594.2260218803,2345.39174993202,2723.88561736894,2589.1598825357,2687.77409625355,2542.54465293958,2595.34832507599,2323.22399998774,2306.62905464794,2310.26370052675,2917.01564481492,2631.35695062944,2555.89876526795,2377.37003812725,2594.46673560613,2696.51798427012,2782.44971307993,2581.60749903938,2416.90693282268,2322.58828786056,2306.68088598872,2309.67709193814
,87,2498.05156308385,2443.31575565146,2536.8440568478,2353.39188672782,2578.87041916539,2625.11701604728,2519.64234728259,2422.05436089783,2457.40191022139,2329.02395572531,2541.25049810359,2629.6174436701,2649.94927195643,2445.53450656387,2475.43088945084,2457.07184198611,2630.23052273595,2560.49021530263,2573.59694715776,2478.86729707537,2463.70296468559,2315.05260820732,2344.82159120175,2552.63858913038,2508.92663574661,2353.90187840881,2546.04059103751,2370.07905938723,2551.10154212033,2390.87905927244,2539.56648968024,2536.22883280276,2432.07108338799,2439.12457958933,2303.22490192466,2320.9989517317,2649.24367385589,2323.73574482446,2320.43574964834,2455.45490420547,2547.27709159378,2426.54877818959,2575.49114277564,2340.92368713063,2509.20884901797,2310.90959168786,2302.83591004384,2314.91437478461,2681.92771941535,2521.43203233239,2505.188269931,2340.86350778682,2565.92126226978,2549.61877599964,2543.44061425458,2500.51333558328,2473.65131040449,2430.47108015571,2307.30209270263,2312.75531713631,2739.39150872145,2517.4748732964,2493.38172565304,2319.33338526623,2631.18505656277,2559.89748711923,2495.82254028903,2496.59408836095,2364.77102174835,2307.87491710447,2306.76410361328,2318.4900219897,2713.17481087961,2488.90365848668,2484.64878476935,2344.87213166056,2623.6002398875,2500.62305372715,2583.69750983392,2450.97791832816,2494.39093506887,2323.02172719859,2307.92598685816,2311.43894443676,2754.77192098469,2529.10078516866,2457.72078898491,2377.18204730057,2506.30203394712,2596.48634823615,2666.13436323168,2485.36502062839,2367.04592440615,2318.01937891745,2307.77011565203,2311.13468979497
,87.5,2411.69957635237,2386.35748696097,2450.08827928887,2353.05613825839,2508.04968887942,2550.28789867462,2452.4921464044,2371.16650850841,2386.66038358349,2328.31247736199,2468.53846736589,2509.32506388461,2530.77298831601,2385.9948275908,2417.85506315235,2395.39213995038,2549.67392255747,2484.27967747765,2500.78902020178,2425.78753770825,2398.58732413424,2315.85418581163,2344.25795293603,2443.48835897216,2426.4468208962,2351.88881792759,2473.50094632228,2369.79488300455,2481.73788951732,2385.43999429902,2469.32809503959,2454.96504717462,2380.70808767001,2376.94320087197,2304.39897993637,2321.75714335367,2529.58149682273,2323.66739035371,2320.1548975384,2379.34889790152,2481.53104814597,2418.66156584418,2507.65260633145,2340.54575357229,2439.694374551,2311.61051365585,2303.73602355654,2315.95692413054,2553.58817760349,2453.57191036213,2433.8492608358,2340.69120956098,2498.22604264756,2479.31579835486,2473.9443912318,2444.33896797524,2402.21477832847,2368.5084549579,2308.49404542279,2313.65468670097,2596.47972819736,2451.15105628276,2418.17882672178,2319.49300677497,2547.67938638679,2485.52659237324,2440.01575871371,2443.80508605509,2350.40818180219,2308.58563831131,2307.65064512019,2318.98270464668,2581.62686152862,2426.54882402089,2413.70286884705,2344.28018219115,2543.72010529436,2438.81167458403,2505.66460669748,2396.67615304148,2427.96130104325,2322.85317942706,2309.17336228395,2312.5230597824,2619.14020940141,2457.26643494124,2392.2422881454,2377.21396693304,2445.92556652084,2515.77745541145,2568.87459889948,2417.19643305132,2338.43547351457,2315.98466117605,2308.94406107066,2312.60909106826
,88,2361.46038244734,2355.89381468632,2395.89416134723,2352.49845419329,2460.03418260854,2492.44454061996,2413.89717536411,2345.00064877345,2351.03792249349,2327.93742079687,2418.97939961294,2421.79094543636,2452.54893336352,2354.43283116258,2387.4293312821,2360.64243161557,2486.71766989459,2432.37382452252,2447.19292689242,2397.26021807514,2365.35183411921,2316.48679169235,2343.96226789093,2375.1390740486,2378.68333638668,2349.87408285984,2430.47871585596,2369.61597309186,2434.73512190126,2381.47615756105,2423.75328141105,2402.5709261698,2354.10191364071,2346.84156467748,2305.83384966557,2322.73387276956,2450.36311428307,2323.46642266738,2319.87258169319,2342.64160306272,2440.36136778849,2412.08921876261,2461.30352359,2340.08061005969,2404.44044973668,2312.24699157042,2304.95595651538,2316.92696293442,2467.54974306739,2411.58895553076,2384.8998762516,2340.44023588106,2448.45141260762,2433.54757355118,2425.64290969504,2415.42578503184,2363.21037217167,2339.53034252305,2309.46792048423,2314.58099288009,2500.05124193678,2410.47073438884,2375.71478584986,2319.67093112167,2487.82554917843,2433.26582038537,2409.14174810636,2419.08982134714,2342.17897010537,2309.25428934637,2308.3516720166,2319.78427593197,2492.57075680232,2385.73679556626,2377.29400663323,2343.71399740331,2485.00745654986,2398.54387298917,2451.48466535342,2369.37640729725,2390.90841098803,2322.74347350029,2310.1991724246,2313.70611962761,2524.92290692207,2413.50770647483,2356.99920415088,2377.11051967446,2408.72856074933,2454.91290395338,2493.38192522812,2374.87771553732,2327.03004785167,2315.53372906621,2310.14776958331,2313.96005218529
,88.5,2337.08859023803,2339.98522968542,2364.53389506201,2351.81438369229,2426.95783402019,2451.18601875812,2390.11553075845,2332.92783877972,2337.55837694004,2327.86959607641,2386.41601251792,2366.83171426195,2405.60917524449,2338.34193991901,2371.81438119303,2344.65018782897,2440.98308997831,2398.80623563247,2409.77023036508,2380.2594140653,2350.90028874432,2317.40847763015,2343.72615986901,2338.22695553783,2354.84551012532,2347.96547200238,2405.52599744292,2369.53029818747,2402.47223102836,2378.29845323704,2393.331799183,2370.11558008552,2341.95988905124,2335.02590280592,2307.1993631135,2323.77590595758,2402.28435133065,2323.0624244777,2319.60494159045,2329.45066446002,2412.31124239746,2406.17059615431,2430.13899610715,2339.77234711871,2387.4360439884,2312.71244820283,2306.15358784654,2317.97404388907,2415.10141151548,2385.52668990107,2354.78509545158,2340.13609322603,2414.73215610266,2403.71521261375,2393.69012018212,2399.36992159807,2345.44805459401,2328.8247894517,2310.50668255721,2315.59443398581,2441.05010143848,2384.82749953973,2353.58611659458,2319.88769187478,2443.89086480392,2397.63800136432,2389.44048897866,2403.77144861052,2338.03749546638,2309.98316977458,2309.03228329434,2320.89322560639,2437.7893987825,2361.60221273617,2361.23889109598,2343.23667348866,2444.50271568885,2372.34711526348,2414.42955690856,2354.53184128292,2371.56942670111,2322.70056828272,2311.00427390268,2315.00205329424,2465.66720894318,2386.71715322097,2340.71502373331,2376.84304915154,2384.67076806837,2412.17575205045,2438.84370074482,2351.02086811218,2323.18959316743,2315.78139563371,2311.18364597076,2315.18776920727
,89,2325.48598801945,2332.7864300777,2347.16012419902,2350.93656344114,2405.17173164434,2422.897653927,2375.67496698733,2328.36029790016,2332.05829918673,2327.96822115766,2366.89223229893,2338.04208125398,2379.24123783296,2330.88685742292,2362.02875730175,2338.02412159501,2410.01708704015,2377.77858278217,2385.6299817206,2369.50602353619,2343.96090349146,2318.25836904647,2343.45610126633,2323.90147655034,2343.99645503831,2346.14426566301,2389.29478003152,2369.48463648053,2381.4006268007,2375.60904462035,2373.80173108247,2351.71020298061,2336.12929611833,2330.33733555954,2308.420875496,2324.86845856321,2374.83052819304,2322.78547260443,2319.45254989255,2325.02913002624,2393.46803121442,2400.97138805663,2409.91025429307,2339.63446757025,2376.3094509049,2313.16586845089,2306.98847760033,2319.06276442546,2384.8568402445,2369.72695081448,2338.88550715623,2340.05158663012,2392.9783841904,2385.36703756907,2373.8692165967,2388.75810619154,2337.42357711855,2324.84456679663,2311.65903894805,2316.55830678287,2406.32818856243,2368.81133166954,2342.55872230725,2320.06718873813,2412.84527997964,2374.84456012456,2376.53343433882,2392.62588389368,2336.46959569684,2310.58668213744,2309.63992904678,2322.32724507678,2405.33218039518,2348.2449542392,2352.3847445942,2342.68598836506,2418.14189997119,2356.63978633306,2390.63019773865,2346.71395149338,2359.69862437035,2322.61728065718,2311.74639377136,2316.21074926596,2429.6495421905,2371.86329728664,2332.15393175011,2376.55527437325,2369.82032676688,2383.82327809795,2402.84035981896,2339.21684801262,2322.13483664648,2316.30540617379,2311.93335768518,2316.26016658436
,89.5,2321.1935994002,2329.17785176025,2339.37646961123,2350.10919312142,2391.28750573015,2403.99342475392,2366.23416295391,2326.50494413739,2329.72066743827,2328.30165300431,2355.89713304758,2326.86803377928,2366.61674246273,2327.01261704403,2355.1845037515,2335.86300479848,2389.92065601621,2365.05464239725,2371.13265428057,2361.26905430754,2340.30067931062,2318.98660338529,2343.21985985191,2321.49047956592,2340.32158847658,2344.13752126355,2376.92176735868,2369.77294609339,2367.76153379339,2373.13481404488,2362.02770717475,2341.75774241828,2332.69245071629,2328.40400453296,2309.49976593331,2325.86024099149,2360.7938486978,2322.61231880808,2319.22884574187,2324.03324728132,2380.1293531148,2396.23274840758,2397.14347294663,2339.52255913983,2368.08203028149,2313.75361647169,2307.90210440448,2320.20653696087,2369.35657677321,2359.16594173997,2332.33798528614,2339.87478784036,2379.38573644327,2374.39743215643,2362.26419714956,2379.11421310719,2333.72684597679,2323.39857698798,2312.60042570924,2317.60959112715,2387.95399699594,2358.29171000309,2337.78112546415,2320.27004339427,2391.33514825413,2360.61705666654,2366.91811849395,2382.1859677816,2336.07736879512,2311.19482341704,2310.23489180584,2323.43439256553,2387.58439390829,2340.99616293085,2346.81196454331,2341.89042609919,2401.25801752996,2347.31657742679,2375.98105868827,2341.53183233951,2351.19848360749,2322.79601748782,2312.47677947341,2317.07976054958,2410.03248980703,2363.47046379138,2328.01472379847,2376.25887321213,2360.81025377791,2365.81316963976,2380.88403647359,2333.9601968585,2321.94596858231,2316.96929354693,2312.67023298655,2317.224483146
,90,2319.56289909669,2326.86663358957,2334.91828260677,2349.3193967879,2381.90955942641,2390.84802203021,2359.65070120759,2325.7390109818,2328.48046196247,2328.7633701096,2350.03950485924,2324.60922709714,2359.70669023853,2324.64833956011,2349.32963814269,2335.42001048013,2377.3753222633,2356.99461039285,2362.74775195557,2354.12457568007,2337.48833334934,2319.55967812344,2342.66831702824,2321.92887597549,2340.07559479646,2342.11415340167,2366.57937118883,2369.82655823034,2358.40778063714,2370.8238584333,2355.03545530471,2336.11433133218,2330.77329825472,2327.26482860657,2310.59274274708,2327.06361490475,2352.58405168007,2322.67634138531,2318.9522203892,2323.87306047257,2369.87072341891,2391.72917861342,2389.06064619183,2339.12494883533,2361.01830112314,2314.54696856959,2308.82538163501,2321.25163895505,2360.90955929474,2351.06445466468,2330.54036731632,2339.66040954104,2370.79178285997,2367.30537900507,2355.33578814022,2370.16230830732,2331.73953441129,2322.54835532597,2313.59709579955,2318.45974999535,2377.41392874893,2350.42827895567,2335.24668393799,2320.34024360889,2376.67625657912,2351.80962049046,2358.74527598677,2371.76836657021,2336.16268965757,2311.84106079894,2311.16670903564,2324.46786372263,2376.68209954932,2336.80963759916,2342.80667651336,2341.28003515605,2390.36562346859,2341.71550083345,2367.09779312655,2337.50999182033,2344.71698850388,2322.80869522165,2313.39546920109,2317.869742779,2398.6784823806,2358.40930329711,2325.9328621067,2375.75539596082,2354.91056161807,2354.57719663529,2368.19629193982,2331.60741719461,2321.97224349904,2317.47593517595,2313.55747301515,2318.04294007801
,90.5,2318.86444708778,2325.4532018734,2331.83283170033,2348.65286869144,2375.56695665457,2381.68563040857,2354.46931649289,2325.13140740068,2327.60401017724,2329.42176981493,2346.67082605799,2324.87890087047,2352.8005033372,2323.29514044327,2344.01495722079,2335.35206430061,2370.02649486737,2351.51134588552,2358.13266857496,2347.93811609596,2335.31025730938,2320.16061722361,2342.00778583442,2322.05610298666,2340.35617829302,2340.1553300972,2357.82073123369,2369.83454189469,2352.10100141299,2368.80920445064,2350.56589781786,2332.2723744597,2329.6307162321,2326.80113842731,2311.60585247561,2328.14884082858,2344.70991480448,2322.98365641183,2319.03630216383,2323.92790444611,2361.46282956208,2387.2744840808,2383.32835062484,2338.82724577452,2354.53555959743,2315.35959896931,2309.73482997339,2322.28096021177,2352.53383617115,2344.66081839042,2329.37036714091,2339.42626779568,2364.75108703025,2362.73680249586,2351.59236875209,2361.65637943917,2330.42537108862,2322.0844220713,2314.70378551759,2319.23072012755,2367.11167318927,2344.28984248372,2333.27808952187,2320.25596134916,2365.92982317531,2345.927508174,2351.57798705368,2361.6012410952,2336.23944238988,2312.88940544489,2312.18933304971,2325.50698830386,2365.47310702407,2334.30292196786,2339.61921522216,2340.8045271649,2382.56929970905,2338.11407071198,2360.64851482393,2334.40992302718,2339.2780715707,2322.93458843467,2314.42202252459,2318.84671575945,2386.94828611786,2354.62366675006,2324.6084762948,2375.26234945482,2350.5341730371,2347.64701057426,2360.27168573384,2330.53227375269,2322.15272091555,2318.01866222194,2314.57301738358,2318.71857507096
,91,2318.96598371689,2324.47466944592,2329.4385521997,2348.17159240679,2370.68809844785,2374.63832185323,2349.98923436069,2325.18593464391,2327.02337448088,2329.79134431102,2344.36683737879,2325.09995181364,2346.07309161132,2322.43302413527,2339.12677488431,2335.73962183705,2364.52855932723,2347.71178229444,2354.53829902085,2342.28774644195,2333.5343539653,2320.444239016,2341.40348058876,2322.47521682517,2340.71069405804,2338.16172023954,2350.47693748613,2369.83869271686,2347.43370401163,2366.69801940783,2346.64707552841,2329.93605900741,2328.76638158324,2326.2642740259,2312.51217012914,2329.08777252624,2337.39627702086,2323.49037768032,2319.30705335237,2324.10357136413,2354.54528487921,2382.60732669032,2378.55965043845,2338.59346676337,2348.52944858737,2316.21111549712,2310.87379829837,2323.57443134992,2344.1214267782,2339.31628166234,2328.6086553243,2339.26647210122,2359.68987386409,2359.41478212535,2348.11953818032,2353.71676803286,2329.40781106247,2322.06392719499,2315.92195532353,2320.00849731472,2356.94689296836,2339.07126360736,2331.35978862814,2320.05237719898,2357.47664684739,2341.52898795713,2345.08143494469,2352.09605733788,2336.52303994505,2313.92244621383,2313.4002284709,2326.49590439488,2354.56401245995,2332.38864462464,2336.64148542626,2340.18922610912,2375.72475781959,2335.21276643483,2355.47158094873,2331.85222281208,2334.74699984345,2323.02412338782,2315.72180238929,2319.84864599789,2375.076508667,2351.45813116311,2323.49102725658,2374.90732498362,2346.61343013583,2342.66076485948,2353.88601241906,2330.05036299892,2322.03842900127,2318.45657151948,2315.75189115601,2319.4384178342
,91.5,2319.50638893523,2323.66564956909,2327.74019537198,2347.64320860943,2366.40770772081,2369.36003960825,2346.18337372106,2325.54009713615,2326.8112095457,2330.05583191491,2342.58931579763,2325.48984905445,2340.44815261703,2321.87430317136,2334.9889363172,2336.12856796074,2359.54562931041,2345.02366639866,2351.21002466353,2337.59734059734,2332.42688116304,2320.8246324408,2340.96236982944,2322.93783712352,2341.09612592106,2336.28652578875,2344.59027076011,2369.8978841509,2343.73240978536,2364.26510421078,2343.79247575319,2328.701147933,2328.15724219925,2325.73564999412,2313.43210619248,2329.89022522716,2331.28449960039,2323.99437821677,2319.53302010683,2324.47947488239,2348.64443149547,2377.58378012776,2374.31346202101,2338.27653105095,2343.07946738921,2317.04871090888,2312.23501786408,2324.89449715433,2336.62787175891,2334.86873132007,2327.67975968977,2338.88832744138,2355.21295311193,2357.03479252894,2344.74969235279,2347.00049960739,2328.95408960179,2321.91695090871,2316.92331120476,2320.95730034412,2347.63493323826,2335.05167498031,2329.86121135931,2320.0080535027,2350.80325707538,2337.95562159416,2339.48163263632,2343.91343237539,2336.74734111569,2315.11993715848,2314.75365129941,2327.34893729579,2344.47130883651,2330.93281640251,2334.04588247882,2339.74822313828,2369.36259106555,2332.68350541546,2350.84184635166,2329.75212006253,2331.1829264626,2323.11476068693,2316.90397673076,2320.7142709734,2363.51221964467,2348.63886854475,2322.81229492975,2374.59306794083,2343.19194804265,2338.7990045857,2348.22784497886,2329.76187186753,2321.94177339028,2319.01861923958,2317.36902791745,2320.4415517431
,92,2320.13095179651,2323.43653327815,2326.25002777053,2347.29523224258,2362.43897097394,2365.02636711145,2342.68898321561,2326.21112216205,2326.88287583338,2330.36523532823,2340.88171127742,2325.85164838089,2336.09417857743,2321.65626607206,2331.48237725815,2336.16880320498,2355.04651840399,2342.58761714736,2347.85957550374,2333.92443785469,2331.39822285396,2321.34933934199,2340.38095792954,2323.62901080942,2341.4759591954,2334.82834451432,2340.38915146783,2369.93084766222,2340.48550417115,2361.95155387155,2341.15086198016,2327.98773971055,2327.97434672014,2325.33105651019,2314.6569656663,2330.87305736717,2326.57378542942,2324.34390934982,2319.88569542998,2324.95936347373,2343.78557771242,2372.35034198796,2370.34140438666,2337.90298676404,2338.2762981506,2317.82081958473,2313.49412532644,2326.22495915607,2330.55391436292,2331.40778391555,2327.26337271836,2338.52536770855,2350.75367398501,2354.80130626691,2341.45417499298,2341.6009128414,2328.68010044406,2321.78168637024,2317.88991744653,2322.03887368965,2339.75498237207,2331.75866811602,2328.55295181586,2320.09955462567,2345.43334941052,2335.15267179975,2334.81576627668,2337.24429192062,2337.06767100324,2316.43770599403,2316.00584723827,2328.53990828949,2336.23824338769,2329.84306420816,2331.79841032676,2339.59109029869,2363.37066016404,2330.60087345191,2346.66700688499,2328.27892586861,2328.6528221358,2322.97374272199,2317.90694742442,2321.6963549284,2353.19172604176,2346.11162631381,2322.22676721333,2374.1599864778,2339.96248134835,2335.90367960794,2343.25667835919,2329.29267914993,2322.25411682698,2319.54361823682,2318.97555190391,2321.23815943018
,92.5,2320.96664519972,2323.25879690789,2325.36412113696,2347.00966857349,2358.9554136738,2361.26106493481,2339.89951966312,2326.80113382075,2327.2341391009,2330.93593707506,2339.45595627696,2325.8224940945,2333.40046268928,2321.61701774249,2328.9861303574,2336.07493289476,2350.86524548436,2340.52980782915,2344.83279107967,2331.23821327131,2330.71812064176,2322.04599631573,2339.97558396679,2324.41895759191,2341.83123639803,2333.75699618994,2337.81394836216,2370.31770994338,2337.94601476034,2359.50018172639,2338.86281926617,2327.57693684953,2327.97782997356,2325.1806323472,2315.8787268883,2331.91419826019,2323.40137685268,2324.83568555763,2320.30046176938,2325.30017234375,2339.5680608077,2366.77843629976,2366.55195079183,2337.62285345059,2334.67389176338,2318.53208680211,2314.79692177256,2327.4776126054,2325.92445887258,2328.91055437159,2326.96339079464,2338.4231904773,2346.2719919149,2352.72994506876,2338.66696378006,2337.60912252966,2328.46561796906,2321.93994532474,2318.75191546234,2323.33789540778,2333.59269889021,2329.05007802107,2327.70999783327,2320.42737303227,2341.08631812955,2332.71553287737,2331.30675677121,2332.17131155795,2337.31624378666,2317.74994446772,2317.19212211232,2329.80530243083,2330.02631262247,2328.77066982472,2329.73195683285,2339.25529650893,2357.35661808124,2328.7057276146,2343.30228245838,2327.45026448921,2326.85353578503,2323.08702094214,2318.72684539181,2322.87746382395,2344.59114379973,2343.45551357106,2321.775052306,2373.85516456109,2336.98096058313,2333.40683767694,2338.87021842075,2328.877947886,2322.50312762881,2320.28734964874,2320.49827326686,2322.20104133952
,93,2321.80896837234,2323.15045170391,2324.91468460213,2346.73502630866,2355.49872684483,2357.6096559586,2337.72159963969,2327.53760253644,2327.9202896733,2331.56751460452,2338.2710233243,2326.34963679343,2332.05367587388,2321.72391265253,2327.44319782781,2336.01154115723,2347.03851267453,2338.95134952493,2341.76092220476,2329.39219572571,2330.27515159371,2322.90757814612,2339.53190925519,2325.7487063718,2342.39456035795,2332.82266225215,2336.35303068712,2370.72453597312,2335.80514508801,2356.93111526472,2336.81074026881,2327.40984448645,2327.83966041683,2325.09661267903,2317.03646833375,2333.20653354136,2321.38581629767,2325.18431336476,2320.34098439808,2325.73040008383,2336.37204229778,2361.0933267788,2362.77216087154,2337.5659255443,2332.23121870595,2319.34735672179,2316.05247186219,2328.8811928696,2322.8502851341,2327.27508368063,2326.9045441404,2338.29717691027,2342.10884792176,2350.70864056112,2335.73096169532,2335.25847171963,2328.68854740981,2322.26584824893,2319.7010477238,2324.8034631167,2329.20328427022,2326.88559524672,2327.12789088289,2321.1297469076,2337.6473607871,2330.60108018075,2328.64416869074,2328.81302651501,2337.63097815209,2318.79654911404,2318.4032031719,2331.10610600779,2325.91406763802,2327.77028360431,2327.7359713113,2339.24798679007,2351.60996338552,2327.05019915001,2340.90533561874,2326.85425611382,2325.99183986702,2323.25149432296,2319.57822281267,2323.91352513656,2338.36083448469,2341.0558083832,2321.58345440112,2373.43273087227,2334.29361949057,2331.10816265222,2335.5407256754,2328.27517421857,2323.03840649754,2321.07923529789,2322.06111405955,2323.44536754805
,93.5,2322.5539803003,2323.25038050108,2324.83315396334,2346.44013332135,2352.24585081708,2354.30424683735,2336.06745889323,2327.89706250373,2328.73162666249,2332.70187941589,2337.16379450543,2327.06636298439,2331.65255817675,2321.90967568109,2326.80183022279,2335.73143974042,2343.68301693547,2337.34214386352,2338.9228490105,2328.41640342648,2329.95991307786,2323.98296381379,2338.80071271742,2326.98472130195,2343.20573615829,2332.26034807254,2335.96615150325,2371.25971537342,2334.01970322197,2354.33340708903,2335.3497326673,2326.83256000707,2327.96326732678,2325.57953572272,2318.45444572038,2334.75581946557,2320.26982740499,2325.70286718393,2320.41983422644,2326.25745865417,2333.56306551404,2355.38853982007,2359.01762631769,2337.59485255705,2330.99050252807,2320.0161900651,2317.09543127903,2329.86437243983,2321.08955444503,2326.22539913713,2326.87701795647,2338.29086879704,2338.18286036549,2348.53806729072,2333.7290161399,2334.21757037138,2329.00862083958,2322.59422194833,2320.51207140689,2326.09863352667,2326.55276407814,2325.39561155982,2327.06780477048,2322.10962075353,2334.85913841566,2328.62172692219,2326.83513991665,2326.64794888178,2337.81231234696,2319.74832289658,2319.3372770692,2332.55949769178,2323.4658952495,2326.75175192383,2326.12837508013,2339.49627343088,2346.45345140007,2325.80768994041,2338.47836035127,2326.8059473908,2325.7841334194,2323.55124558489,2320.37858126571,2325.06236980563,2334.19651477338,2338.7112427148,2321.4107115191,2373.13054693663,2332.25737573503,2328.82813500381,2332.670951573,2327.71289964621,2323.9857480363,2321.90846184051,2323.56603687118,2324.58559643714
,94,2323.22092475217,2323.75384152188,2324.9376551529,2346.34016291194,2349.12728539342,2350.68721872036,2334.92711476861,2327.93232505091,2329.64037701476,2333.99942865319,2336.32490989189,2328.05309509277,2331.827316502,2322.08975025175,2326.94854594948,2335.27644118563,2340.97140617934,2335.5912446966,2336.24366023853,2328.17707989731,2329.89297993427,2325.30417906668,2338.26993758205,2328.86588013843,2344.44229419301,2331.70644213938,2336.79609115268,2371.5143183021,2332.48669501934,2352.01069064353,2334.14498796913,2326.70807022407,2327.82660552006,2326.15539504439,2319.62756880865,2336.65049106748,2319.83191219405,2325.94404247029,2320.24623732154,2327.03796212016,2331.49277892208,2349.9407784225,2355.14323291868,2338.2111291038,2330.70737460564,2320.76611515503,2318.26598767311,2330.99588780381,2320.2193521309,2325.42830928316,2327.4846600951,2338.24044954014,2334.77905287439,2346.70856320788,2332.09288643498,2334.37076945913,2329.56475442494,2323.70340540074,2321.45632085651,2327.40792192659,2325.4723741287,2323.93828169299,2327.14618705153,2322.98637823635,2332.00966528001,2326.7168197074,2325.4128374853,2325.7425121905,2338.12428283682,2320.97520955599,2320.00245939107,2334.28919296103,2322.24645555846,2325.64623392951,2324.99339871092,2340.60427492184,2342.14870276862,2324.66208957157,2336.41382622734,2326.88936222175,2326.11500352533,2324.22673653097,2321.20215274661,2326.42664297392,2331.87858169967,2336.50488180658,2321.61994026821,2373.17335415199,2330.21679485959,2326.8801835849,2330.748466819,2327.14946908892,2325.08248725012,2323.11074217269,2324.82448561416,2325.63205506937
,94.5,2323.90405238498,2324.11100384194,2325.24812156552,2346.12712055813,2346.06306518117,2347.06024789478,2334.03735489696,2327.90752414516,2330.61495801137,2335.43894980524,2335.60767926972,2329.23423253461,2332.30785382602,2322.25302617517,2327.48350235786,2334.99406551208,2338.29356529807,2334.14642970717,2333.66514639508,2328.09586051387,2329.93141872962,2326.62866941626,2337.63704392106,2330.75069466209,2345.78957334309,2331.12950696676,2337.81494612362,2371.79568443836,2331.1044384689,2349.54272510187,2333.0845870567,2326.64513183578,2327.66001917232,2326.79953114275,2320.66978069397,2338.63908186006,2319.66264917872,2326.34236608342,2319.94712617557,2327.7888260516,2329.63751139326,2344.45036050896,2351.32833917257,2338.9953883417,2331.01548832739,2321.47377063358,2319.45414020042,2332.03173039362,2319.66305034015,2324.92800917467,2327.96240257509,2338.27528661666,2331.58505094639,2344.94787376485,2330.71157326432,2335.01214243881,2330.20485429718,2324.8574815439,2322.5273176985,2328.58563467612,2324.97983645002,2322.63917350502,2327.42173567654,2324.02817972786,2329.53732737421,2324.80382616485,2324.26338442787,2325.30166838364,2338.3285666397,2321.94839038641,2320.77290753522,2335.92015970964,2321.5982054538,2324.44701612939,2323.89871810649,2341.71076009695,2337.879576937,2323.566434359,2334.71517363061,2327.06598071375,2326.65841589371,2324.99951414329,2322.21851099284,2327.82967941177,2330.45205470636,2334.24920248958,2321.91455238643,2373.16899623525,2328.43038041385,2324.69923041798,2329.18492905923,2326.58004175362,2326.18808694845,2324.25707267292,2326.1223703545,2326.93374101994
,95,2324.46623946894,2325.24789862668,2325.60290678657,2346.0407037719,2342.70130474193,2342.81554715062,2333.90589182874,2327.23639227884,2331.65610958948,2336.88544322318,2335.42181497674,2331.05124227515,2333.05906246103,2322.09671932601,2328.68850424335,2334.11332371274,2336.70293415956,2331.89901278156,2331.32205681988,2328.97316557886,2330.7342256118,2328.45869622097,2337.72456768205,2333.65375189531,2348.18152915944,2330.27083845157,2340.40335480605,2371.24853908321,2329.81423895613,2347.42209012355,2333.01798740564,2327.67583444644,2326.68076694554,2327.25489939511,2321.20472062701,2340.80581523589,2320.2002725163,2326.03652183884,2319.06445677097,2329.15009691128,2328.40274807724,2339.74656659474,2346.88175533886,2340.81422833713,2332.12135172123,2322.1817093658,2320.95245047144,2333.36005786494,2319.89560569919,2324.0591212191,2329.39684255387,2337.84538589606,2329.18693958079,2344.11615036871,2329.70490663605,2337.00758410212,2331.54388726993,2327.35110962588,2323.56698821458,2329.82547285583,2325.9259218262,2321.45676545488,2327.86619417176,2324.46102932903,2325.88819682693,2322.56493061654,2323.08928234552,2326.4083918621,2338.9634315623,2323.89237824702,2320.92203014789,2337.92505714986,2321.24996105146,2323.17886547832,2323.90634038903,2344.7697317334,2335.33783801573,2322.39026433134,2332.64721357526,2327.11489270509,2327.66010238529,2326.50742312886,2323.10507805435,2329.41101700685,2330.24433942585,2332.48190230961,2323.1924781078,2374.24956639121,2326.32101349515,2323.13096287726,2328.840545701,2326.14981773085,2327.3231887129,2326.27691891597,2327.1915225382,2328.10949273065
