,Temperature,A1,A2,A3,A4,A5,A6,A7,A8,A9,A10,A11,A12,B1,B2,B3,B4,B5,B6,B7,B8,B9,B10,B11,B12,C1,C2,C3,C4,C5,C6,C7,C8,C9,C10,C11,C12,D1,D2,D3,D4,D5,D6,D7,D8,D9,D10,D11,D12,E1,E2,E3,E4,E5,E6,E7,E8,E9,E10,E11,E12,F1,F2,F3,F4,F5,F6,F7,F8,F9,F10,F11,F12,G1,G2,G3,G4,G5,G6,G7,G8,G9,G10,G11,G12,H1,H2,H3,H4,H5,H6,H7,H8,H9,H10,H11,H12
,55,-13.7257295550205,-28.4072363346875,-27.2665412002485,7.62524226521634,-29.5656944883036,-37.0143470310378,-28.981975244064,-23.6158759975277,-27.4803357971858,3.40477497748901,-22.5907471740651,-31.7522985915186,-14.4586983386758,-27.79032020308,-25.7771753380471,-30.4092738281481,-31.5558687565211,-29.5611375286737,-24.8234569753707,-28.7491512403533,-27.778365588363,1.32551032907526,9.83102562516444,-36.3909007832585,-24.0279251375558,12.0328301108052,-25.6747491551575,9.07512377346353,-28.1743366104934,4.64759998725674,-29.4108541284761,-26.7140093241441,-14.7150593037564,-21.2638815763263,-0.125691050535806,-0.520213888754029,-13.3285458711798,6.48570234336535,8.8607427167014,-22.0374829930626,-24.5995533245062,-9.8053096423788,-24.3763833529505,8.48907511097201,-27.4394593543361,4.67459093203644,-0.428556101649974,-0.283756648894098,-15.6268217526673,-25.3448578082321,-31.6834763953747,8.5658124087542,-32.8171542679712,-24.4761199685653,-30.0252329217844,-30.4565081347713,-27.3424297523611,-22.7877195767994,-0.540734265852109,-0.71359803694304,-23.0628561209755,-26.782051608837,-25.8258216564369,7.44669590849793,-24.0240587780003,-28.3225213692399,-28.5583719850235,-27.5790391782763,-27.5461263225526,0.735943176978026,-0.699540775592141,-0.257959218816723,-20.0612535934521,-28.0644549678142,-28.4648519583144,7.67415763403824,-30.692831926253,-13.777518573578,-28.1084816548563,-29.2429512971873,-24.1411168964779,10.1939322239914,-0.494832743849315,-0.485043007762499,-22.7436711056349,-27.3412693500777,-21.5403233380464,3.4978225678085,-28.0077441832702,-27.1093449172151,-25.6047029918844,-29.4624495913201,-15.0246514502172,-5.86220104914969,-0.51899917909941,-0.323473749563618
,55.5,-29.7390807025431,-61.5490120584898,-59.0775059338722,16.5213582413022,-64.0590047246585,-80.1977519005811,-62.7942796954711,-51.1677313279768,-59.5407275605691,7.37701245122639,-48.9466188771406,-68.7966469482918,-31.3271797337964,-60.2123604400069,-55.8505465657681,-65.8867599609872,-68.3710489724621,-64.0491313121264,-53.7841567799711,-62.2898276874319,-60.1864587747867,2.8719390463296,21.3005555211894,-78.8469516970594,-52.0605044647044,26.0711319067453,-55.6286231695083,19.6627681758376,-61.0443959894028,10.0697999723884,-63.7235172783645,-57.8803535356453,-31.8826284914719,-46.071743415374,-0.272330609494247,-1.12713009230026,-28.8785160542229,14.0523550772918,19.198275886186,-47.7478798183021,-53.2990322030979,-21.2448375584861,-52.8154972647274,18.3929960737726,-59.4521619343955,10.1282803527452,-0.928538220241478,-0.614806072603415,-33.8581137974445,-54.9138585845036,-68.6475321899773,18.5592602189671,-71.1038342472716,-53.0315932652243,-65.0546713305331,-65.9891009586706,-59.2419311301148,-49.3733924163993,-1.17159090934643,-1.54612908004293,-49.9695215954467,-58.0277784858149,-55.9559469222791,16.1345078017457,-52.0521273523335,-61.3654629666872,-61.8764726342173,-59.7545848862657,-59.6832736988652,1.59454355011945,-1.51567168044932,-0.558911640769566,-43.4660494524795,-60.8063190969311,-61.6738459096828,16.6273415404162,-66.5011358402138,-29.8512902427519,-60.9017102521887,-63.3597278105728,-52.3057532757023,22.0868531519814,-1.07213761167338,-1.05092651681895,-49.2779540622091,-59.2394169251684,-46.6707005657674,7.57861556358449,-60.683445730419,-58.7369139873009,-55.4768564824159,-63.8353074478591,-32.5534114754721,-12.7014356064913,-1.12449822138205,-0.700859790720983
,56,-27.4514591100389,-56.8144726693751,-54.5330824004974,15.2504845304328,-59.1313889766087,-74.0286940620748,-57.9639504881262,-47.2317519950554,-54.9606715943723,6.80954995497819,-45.1814943481298,-63.5045971830385,-28.9173966773506,-55.5806404061601,-51.5543506760937,-60.8185476562959,-63.1117375130419,-59.1222750573465,-49.6469139507426,-57.4983024807063,-55.5567311767262,2.65102065815086,19.6620512503287,-72.7818015665154,-48.0558502751118,24.0656602216114,-51.3494983103153,18.150247546927,-56.3486732209872,9.29519997451143,-58.8217082569519,-53.4280186482888,-29.4301186075116,-42.5277631526529,-0.251382101071613,-1.04042777750794,-26.6570917423596,12.9714046867309,17.721485433402,-44.074965986125,-49.1991066490143,-19.6106192847565,-48.7527667059021,16.9781502219439,-54.8789187086726,9.34918186407197,-0.857112203300233,-0.567513297787286,-31.2536435053333,-50.6897156164657,-63.3669527907473,17.1316248175076,-65.6343085359438,-48.9522399371309,-60.050465843569,-60.9130162695421,-54.6848595047205,-45.5754391536002,-1.08146853170439,-1.42719607388574,-46.1257122419499,-53.5641032176753,-51.651643312872,14.8933918169956,-48.0481175560002,-56.6450427384815,-57.1167439700475,-55.1580783565529,-55.0922526451071,1.47188635395685,-1.39908155118394,-0.515918437633445,-40.1225071869051,-56.1289099356287,-56.9297039166311,15.3483152680765,-61.3856638525042,-27.5550371471555,-56.2169633097126,-58.4859025943749,-48.282233792955,20.3878644479828,-0.989665487698517,-0.970086015525169,-45.4873422112707,-54.6825387001553,-43.080646676093,6.99564513561648,-56.0154883665397,-54.2186898344315,-51.2094059837684,-58.9248991826383,-30.0493029004366,-11.7244020982996,-1.03799835819882,-0.646947499127521
,56.5,-27.4514591100368,-56.8144726693713,-54.5330824005149,15.250484530438,-59.1313889766137,-74.0286940620734,-57.9639504881411,-47.2317519950517,-54.9606715943769,6.80954995496944,-45.1814943481266,-63.5045971830467,-28.9173966773615,-55.5806404061632,-51.5543506760887,-60.8185476562982,-63.111737513044,-59.1222750573465,-49.6469139507368,-57.4983024807103,-55.5567311767273,2.65102065815177,19.6620512503296,-72.7818015665187,-48.055850275102,24.0656602216151,-51.3494983103031,18.150247546923,-56.3486732209742,9.29519997451234,-58.8217082569391,-53.4280186482847,-29.4301186075112,-42.5277631526471,-0.251382101065303,-1.04042777750556,-26.6570917423664,12.9714046867315,17.7214854333993,-44.0749659861107,-49.1991066490166,-19.6106192847609,-48.7527667059106,16.9781502219388,-54.8789187086687,9.34918186407532,-0.857112203303245,-0.567513297791152,-31.2536435053246,-50.6897156164666,-63.3669527907409,17.1316248175069,-65.6343085359417,-48.9522399371225,-60.0504658435636,-60.9130162695509,-54.6848595047047,-45.5754391535957,-1.08146853169842,-1.42719607389046,-46.1257122419427,-53.5641032176828,-51.6516433128719,14.8933918169935,-48.0481175559943,-56.6450427384787,-57.1167439700525,-55.1580783565522,-55.0922526451138,1.47188635395406,-1.39908155119053,-0.515918437636628,-40.1225071868914,-56.1289099356276,-56.9297039166358,15.348315268076,-61.3856638525078,-27.5550371471594,-56.2169633097079,-58.4859025943617,-48.2822337929658,20.3878644479855,-0.989665487696016,-0.970086015523634,-45.487342211268,-54.6825387001542,-43.0806466760949,6.99564513562103,-56.0154883665419,-54.2186898344296,-51.209405983783,-58.9248991826568,-30.0493029004402,-11.7244020983064,-1.03799835819359,-0.646947499126668
,57,-27.4514591100607,-56.8144726694013,-54.5330824003771,15.2504845303978,-59.1313889765602,-74.0286940620958,-57.9639504880322,-47.2317519950817,-54.9606715943385,6.80954995503885,-45.181494348152,-63.5045971829801,-28.9173966772752,-55.5806404061418,-51.5543506761245,-60.8185476562768,-63.1117375130267,-59.1222750573453,-49.6469139507789,-57.4983024806744,-55.5567311767182,2.65102065814352,19.6620512503227,-72.7818015664985,-48.0558502751802,24.0656602215844,-51.3494983104005,18.1502475469528,-56.3486732210802,9.29519997451291,-58.8217082570378,-53.4280186483155,-29.4301186075159,-42.5277631526967,-0.251382101117372,-1.04042777752306,-26.6570917423119,12.9714046867281,17.7214854334238,-44.0749659862244,-49.1991066489921,-19.6106192847319,-48.7527667058422,16.9781502219781,-54.8789187087004,9.34918186405315,-0.857112203278177,-0.567513297763355,-31.2536435053988,-50.6897156164531,-63.3669527907949,17.1316248175179,-65.6343085359611,-48.9522399371932,-60.0504658436096,-60.9130162694777,-54.6848595048373,-45.5754391536217,-1.08146853174776,-1.42719607385845,-46.1257122420028,-53.5641032176186,-51.6516433128789,14.8933918170109,-48.0481175560383,-56.645042738491,-57.1167439700167,-55.1580783565609,-55.0922526450548,1.47188635397163,-1.39908155114358,-0.515918437611163,-40.1225071870017,-56.1289099356358,-56.929703916587,15.3483152680797,-61.3856638524849,-27.5550371471368,-56.2169633097493,-58.4859025944703,-48.2822337928814,20.387864447964,-0.989665487714433,-0.970086015537504,-45.4873422112878,-54.6825387001641,-43.0806466760827,6.9956451355888,-56.0154883665257,-54.2186898344385,-51.209405983678,-58.9248991825179,-30.0493029004102,-11.724402098255,-1.03799835823543,-0.646947499132523
,57.5,-28.5478260260944,-57.7262257791127,-54.8606268781482,15.1882454566822,-59.164432658751,-74.5279519518717,-58.6391636780478,-47.2093896865365,-55.3667756227957,6.83094563677463,-44.9917025529409,-63.6838620809613,-29.767615823827,-55.7901016153878,-52.339151617599,-61.437045679044,-63.5098620515002,-60.2374442382384,-50.1930360165699,-58.0015427639962,-56.7855063247298,2.69190808384263,19.6844069580575,-73.1409249586532,-48.6424706218995,23.761995483116,-51.9844775639274,18.0376737020345,-57.2467967283488,8.3530289595617,-59.8539355868942,-54.0952881360322,-29.6583686281183,-43.5145301550759,-0.202429360147107,-1.06631151125913,-27.5251169592999,12.9801393823038,17.6564925811465,-45.1560640438281,-49.9064056841452,-20.6916167017766,-49.440327096748,16.8847658102646,-55.7095122931358,9.40189382293681,-0.846359629364997,-0.594394671958412,-32.1812481026452,-51.6650012492322,-64.354044133876,16.8960415298035,-66.1209786522613,-50.867342994087,-60.743773752646,-61.6605378159691,-55.5517553139774,-45.9946985469105,-1.09699300901582,-1.42251027581034,-46.9433765070463,-54.4801806051585,-52.2806294804011,14.7786177499702,-49.7890166085131,-57.69478224222,-58.1616719318921,-56.2176046284308,-56.119722301648,1.50138967395912,-1.358355177264,-0.52932020959156,-40.9727195597388,-57.2492405498797,-57.7587589631205,15.1008096925821,-62.3408689657991,-29.1303405059099,-56.9806796020557,-59.0808580851249,-49.3966490898009,20.1815194106913,-1.02660593385485,-0.978137179965643,-46.5841020783463,-55.023417665313,-43.8727089115298,6.98940974918872,-56.6667716680765,-54.9554834188264,-51.8488092325384,-59.1187095574893,-30.299645535833,-11.8076962825828,-1.00185527988845,-0.642514965377018
,58,-21.9247455342072,-52.6446741040699,-53.3070932312158,15.4949226865312,-59.3368990382615,-72.0060304779386,-55.0890579899803,-47.6710318786631,-53.4156339233306,6.67412735157217,-46.2585641148269,-62.9182935948181,-24.8696966093473,-54.8999186071179,-47.9794148577333,-57.9456734443506,-61.4666947866641,-53.8395893109197,-47.3255209526036,-55.3656325006608,-49.7240699066792,2.38411743672947,19.5652925735304,-71.3044984030485,-45.3243095043076,25.5230439402776,-48.5375607215583,18.7335500483955,-52.2211206500593,14.0333954984202,-54.0691778191365,-50.3806697696889,-28.4167672155563,-37.8192633158736,-0.542859605200931,-0.894266625230784,-22.4568169408415,12.8573522527705,18.0239028854044,-38.9335487973901,-46.0286023609342,-14.2532579139558,-45.6173089292414,17.3668326211899,-50.9930728982748,9.08021899699014,-0.919076234449335,-0.396878220506096,-26.8800395301548,-46.1826959593038,-58.6399297650973,18.313413391771,-63.5960104925564,-39.1835269304631,-57.0485359148365,-57.5404654630024,-50.6703139479254,-43.6726023446738,-0.973177564709715,-1.48888556234681,-42.4938279347713,-49.3172252814428,-48.8165604114425,15.4233352017623,-39.3527072702905,-51.7791606610679,-52.2409024538501,-50.2889703815789,-50.0949359721353,1.28620061459384,-1.67240924932196,-0.357191516136027,-36.216682698628,-50.8776589580742,-53.2670140706558,16.6073394338122,-56.8733503171871,-19.4341415533431,-52.8757669546052,-55.8761525426899,-43.0305986476525,21.4906153953003,-0.792087298963452,-0.897059987144758,-40.36053307295,-53.2630360699833,-39.4027898100625,6.99475905484832,-53.1486005679454,-50.8400520122581,-48.3736650632854,-58.3478619640717,-28.9074963756907,-11.3286755436941,-1.2752266534651,-0.690275975777752
,58.5,-7.8992014037882,-38.5720817148742,-46.9667940904797,16.7081477764958,-57.1876279770518,-63.0446997794162,-43.6912963950844,-46.1946364579062,-45.4313217876944,6.46624624205879,-48.2933097460669,-59.0950678453644,-12.6513895642581,-50.3090370429444,-35.9269063515576,-48.9546677343268,-54.5986589048357,-37.7032178343107,-38.1120048877818,-46.8789845418868,-31.905922614561,2.19262808392483,19.1244147424987,-65.1275113435046,-36.7163404636137,29.7635629462886,-38.4969025899621,20.0156181676678,-38.5189157349839,26.3710826956192,-38.3898739897023,-40.3397441167791,-24.8726345728833,-23.7573836068643,-0.896912738026117,-0.62478850580419,-10.4030468781576,13.1134000545453,18.9351112834028,-23.3683437820412,-34.9058275034334,0.129092198841818,-35.0960307752083,19.0666306872246,-39.0205893323955,8.35897976089052,-1.04957046829173,-0.281245661366313,-13.2032046943149,-31.4689140953308,-44.7100773910011,21.4103568915332,-55.280998657577,-15.022332307887,-45.5507384247496,-46.0386232466365,-37.7394133797669,-37.3749109967841,-0.987061218985787,-1.29185356125629,-29.3922251131021,-35.7027823078105,-39.0733670588886,17.2899158573014,-16.4080687727434,-35.9865343468525,-36.8357888406969,-34.1119568077024,-35.9294591289894,1.11452120149596,-1.80794273116089,-0.83904588748203,-23.2290313240176,-34.2294975154665,-39.8192789396293,19.7400991668306,-43.1091903024358,-0.0382058551866749,-40.3083714164252,-46.3164404169879,-26.6840562354629,23.7402444459271,-0.318236141569116,-1.03565836094958,-24.1260938007983,-47.305661227411,-27.4480281364282,7.18427132659195,-42.6334690640623,-39.5742552558883,-38.1532971599781,-53.8166426034907,-25.1168220554944,-10.099367501173,-1.34494312692198,-0.598627941447887
,59,4.49444625750664,-21.8183452997271,-35.6476125536075,18.2361441846311,-49.3750005475241,-48.8973427766196,-26.6924187703524,-41.3913367212762,-33.3346096689154,7.17539647996688,-47.1522276645536,-51.0492134822478,0.534011735464333,-41.421205935,-20.4670444388639,-36.6479445852781,-43.2097318312085,-19.5866060874582,-24.211545413867,-33.8910292580362,-12.6729826204005,2.75804210337378,18.9510381948506,-54.6546323072145,-25.8073300007173,34.6887500252167,-23.864431258868,21.4407194836709,-22.0509270696367,36.033336916483,-19.3800930382897,-26.4674419417083,-19.39152938915,-8.10731719442333,-0.880620890352304,-0.775215695311203,2.29786462600805,14.2235788510178,20.3518728615619,-6.40657631777765,-20.0742640739296,13.610488045039,-21.5546195066371,21.1124390865144,-23.0068787541408,8.26420265709538,-0.795668132641197,-0.278424748113935,1.20257499034619,-13.6971087181566,-29.1669358509632,23.9191292958508,-42.1948433883525,3.31093624875541,-29.2976079674413,-30.0237815244805,-21.4647552809508,-28.1482663928358,-0.99968926971178,-1.01522601545389,-12.1621653819815,-18.4607715166615,-25.8520204469135,18.5258456066538,3.42491241764526,-17.3381136332752,-17.9040440584705,-14.6804965896727,-21.611252260699,1.39957537994798,-1.17602911744586,-1.19273797806807,-7.82961207497578,-15.9070408426475,-22.1891054419175,22.1952798458445,-26.7590022037284,13.7755013368342,-23.5812672594274,-32.4396599251527,-8.56980371188081,25.3700314357895,-0.562075103990537,-1.05807508154044,-5.23480599780009,-38.7174051613011,-14.153357688635,8.18670217344811,-28.0831054660202,-26.083507318952,-24.3368071808866,-44.6518094227833,-20.0189409848338,-9.05205231774289,-1.42250106234815,-0.544822746779232
,59.5,16.3337203474337,-4.81604224402724,-19.8837285667443,20.1493501890221,-35.5984370756511,-30.9317514502966,-7.61829640965368,-33.2413746574686,-17.8398657926315,8.56355202205566,-42.3121123879948,-38.6611863123647,13.8841276488638,-28.0863150002272,-3.69607594945342,-20.6286836714205,-28.2720988908552,-2.06303572899253,-8.03998521384483,-17.3836898969677,4.59412198095902,3.19705737897061,19.5676923780683,-39.2948434192758,-12.7500219777095,39.8386129246433,-6.30510543723574,23.4194940937177,-5.05556264132144,42.534583316662,-0.269273793049933,-9.44999734312341,-12.2577303129838,7.32971796537208,-0.979523374426037,-0.809114151585163,15.2475246230186,15.8068412375927,22.8232457288108,10.325077781544,-3.37189747964806,25.9155867614028,-6.25957670043078,22.9831779647645,-4.03866073675999,8.18811047370167,-0.538808122163118,-0.561189568044483,15.0864870282655,4.05169550187031,-13.0168990245661,25.5882472099859,-25.4066569206738,16.3830670876766,-11.7130805531395,-10.3294867030081,-4.65923959648831,-15.5615197908072,-0.806826454888665,-1.05309010769588,7.50067065844507,-0.195572972095647,-10.0212894590273,19.2935234800478,19.2075102095805,1.20028798336568,1.24561381931153,4.86136051723042,-6.82313163894446,1.47057515964258,-1.00237268984125,-1.02975496417918,9.1540778440642,1.05147882063693,-3.63800556070089,24.242528402781,-9.05137306377173,22.7684042935795,-5.58126722091583,-14.7753734200189,8.61288831368984,26.9725209191757,-0.525378538215023,-0.914743049628783,14.0485966622733,-27.2043582029138,0.148804630679592,9.68912031889732,-11.2825592544178,-10.3242002215628,-8.11133889024143,-31.5688818498047,-13.8022524200063,-7.54199086296296,-1.97353742478776,-0.35707304556837
,60,26.3593865174506,9.37468127471436,-2.86480887673179,22.4576068336192,-17.6459280565961,-12.3359159133979,8.97426556118432,-20.5543653597879,-0.577558848581361,10.1635036581022,-33.7750799685567,-22.2525504869661,27.0725914354874,-10.9858294201734,11.479940992502,-4.46657770684885,-12.7664093436292,12.2078376554431,7.19806215354731,-1.00558217730463,17.9993602890096,3.80742420543436,21.6296867023643,-19.5247298807823,1.31051713542729,43.5866733653786,10.526480322882,25.3137336167696,9.95303158133379,46.2623787957932,15.644263339658,6.92407281142641,-4.9456636805661,19.0328549128197,-1.21453417885323,-0.801764897243459,26.2412142498151,17.0340031061016,24.9792524337297,24.2802288076347,12.0451032492944,35.6416453437631,7.42198126783569,24.4207620737244,12.968263877453,7.99090030400703,-0.504563391795728,-0.680980998863561,28.0262382740658,18.388103491328,1.05320304729355,26.076467288853,-8.61404268578099,24.8099781802456,3.84075529959239,8.66744416980464,9.79979155245383,-1.41202031500279,-0.882545701068238,-0.76802038530542,26.5455192079937,15.256997392194,5.95933102087849,20.4015675174936,30.3033810572238,15.8189919656263,17.1460557399301,21.3199395872863,6.70387104469933,1.3031293829136,-0.808890819166038,-1.17980847909195,25.7054136124727,14.468590505209,13.2276590707681,25.6715573837319,6.43906733891481,27.2884621479044,10.9503746260918,2.6510271430725,22.5644583999845,27.5902067879721,-0.515663150658838,-0.941630564363152,31.0003491331714,-12.0355654868207,13.1482544335619,11.0997386655719,4.57985644688699,5.04785682736895,7.58722952309279,-15.4003775157043,-6.04090188137116,-5.4406974966555,-1.84128144936506,-0.421506379388575
,60.5,34.442858432569,20.0233750549594,12.057520726744,24.0894701724808,0.745305528317203,3.83582643036584,22.1795133485703,-5.44687089214904,14.8877711920497,12.1398914571428,-20.0627639902726,-3.43372344870761,38.0903782776977,5.81013080893933,22.2095518311743,8.26133077177542,1.3433851434138,22.3140160374006,19.8583000223547,13.1147594083507,27.1844779875751,4.61823792688034,24.4379895029303,1.56012911055302,15.2838138533774,46.2126572130805,24.3689227538684,26.2577451246265,21.4451529650847,48.1807625363913,27.5294714184816,20.1562544638984,2.80869451386036,26.7142289537461,-1.28905235057573,-0.724878376331162,34.7824450178492,17.6985883697182,26.5626351100622,33.8972742609631,24.5280235893069,43.2158055929663,18.0778321567558,25.3607081457684,25.5849253112848,8.55268176717414,-0.363509758056807,-0.688107746608523,38.7846533388948,29.2022561606026,12.0013467080092,25.7345350682631,6.10350712844456,28.5283062781516,16.4467470429487,23.8811841010915,21.172084049256,11.7331012347074,-0.906615004026889,-0.789532251140031,42.0775360101753,27.072754589707,19.1629541201065,20.7645611243458,36.3119861693596,26.422623858565,28.8057547595223,33.2465571293652,17.4189564004828,1.7037372800649,0.0464884290345253,-1.29867404907901,38.6464879820854,23.5782773445073,26.2909352812856,25.445345212222,18.0110238136226,29.2318603721867,24.6085215482855,16.7819812788134,32.5915230661137,26.9572404550468,-1.02838762473357,-1.26625965068013,43.6083249220989,3.40393534207305,22.6131995257406,12.5063223482312,17.6086609431575,17.2730823111989,20.5179401994861,0.909207977671258,2.37625567507303,-3.46429187106276,-1.25839418731795,-0.794866417138564
,61,41.4605204929611,27.3869572810452,23.8357053858107,24.8307657000284,16.127591822265,16.2380282721085,31.6359742010168,7.80877323887,26.4021970851902,13.8087440720832,-3.65903799947671,14.3906766196227,45.9540768117312,19.1592189929172,28.7386932701451,17.7978350571279,12.9213244672241,28.6352172588156,29.1607693949633,24.5574252802451,32.2700387240652,4.60518550847797,26.7677828127071,20.1055207881712,27.9953610650065,48.0823044822217,33.9618111793654,26.5693377277805,28.5705284065371,48.0918077527328,34.747645155888,29.4462487968848,10.7110618480823,31.3750716503046,-1.24588596639006,-0.480847092446197,41.5645558956703,17.808641186994,27.515634372714,39.839468754458,33.354813307577,48.1569181034919,25.4249744000721,25.4193433759292,34.3191600328585,8.95325147999949,-0.197156014577558,-1.06339055868926,46.302625256806,36.0649011877903,19.9676903061853,25.234551197503,17.3027691630288,29.6851216920622,24.8017504388747,35.0803977146936,28.9794868991613,22.2948348940624,-0.672896907894597,-1.07894744046814,52.4539156069602,34.905694101981,28.2850898156875,20.1299963571113,38.6778350259631,33.153886329926,35.4336675157401,40.5971357935193,25.3227358517387,2.19354154649625,0.524983525217465,-0.890127563747058,47.8269458768718,28.9016558169693,34.5259701350166,24.4066249570304,25.900470032967,29.8074503987444,34.035510417301,27.4997509259155,38.1135462408859,26.4885592175941,-1.24151877820219,-1.38206953116844,51.8064046693469,16.2189994889978,29.1364401975746,13.8201030635353,27.1999117005972,26.0660744245271,29.9232565598641,14.4476998662595,9.36741824173248,-1.95207918949689,-1.38383518403543,-0.985243645286232
,61.5,47.5617463418474,31.6242455231691,31.4936437583521,25.3788204525183,27.4152632991994,24.8883520381028,36.3651945635786,18.759719959741,34.2487040529863,14.7280066647306,10.8453240459946,29.405167182271,51.9044245550779,29.2136460200672,32.559600565859,24.3602109566681,20.7008968101403,31.9464324132397,34.8040016421695,32.2035598653873,34.4759137526472,4.16703740213165,28.9779214789733,34.7193350076096,38.4611585438155,48.2087699235632,39.5717823800156,26.2198354646342,32.4572772756985,47.0788218039977,38.2555663881287,34.8926629199176,17.6568673966378,33.6292595259226,-1.17131467509216,-0.502155922884526,46.9356057388272,17.3106889171152,27.5479714505914,43.2660708770954,38.1315660941164,50.415289009127,29.7573251967909,25.3539150329306,38.9910411780172,8.83553881645111,-0.491421287692049,-1.38505340187345,52.1687173434702,39.2459284148425,25.0707960393962,24.3198818738328,24.3755914499044,31.3932738649996,28.8164460510774,41.8653180215113,33.3654936172562,29.8334468390357,-0.621653933209302,-0.8146495429786,58.3914936901276,38.4945490404702,34.0105584107622,19.5167222644693,39.5783665338682,36.2651012020245,38.3753085041499,44.3393637006033,30.3209919268116,2.2022667056022,0.024771873729776,-0.425534872903086,53.8293924193597,31.6138273029849,39.3463445795682,23.7078781274924,30.3802572572496,30.1962320040833,39.0699583311728,34.2171962791291,40.7337844082659,25.4141874143064,-1.37430178639312,-1.46123454902028,56.6036222001671,26.2863067777631,33.129759814268,14.2323138860549,32.679543832528,31.5594965900192,35.7984254719437,24.3543785783074,14.8350744744826,-0.623533032877845,-1.54662134407954,-0.899788999400698
,62,52.3598298211962,33.7280097729167,35.2994665988729,25.2045326106195,34.3421222143789,30.3365558846998,38.3806544208451,27.095618380087,39.4175124382854,15.432671435846,22.5818615785232,40.7788615598187,56.2087294006689,35.1958898463715,33.6988019051041,27.4560293135903,25.627797575515,33.4955489991755,37.4542349835554,36.1715345187882,35.4769875797745,4.19246926467304,30.2081847773807,44.4109998883121,46.5604837684841,47.3745774804415,42.2533851144492,25.1765790680537,34.8546767746545,46.9573706685916,40.2919220995564,37.4641076597411,23.6787939229218,34.6384643977487,-0.93855259758277,-0.733011906244087,51.2229234115041,16.4664027164623,26.4807995931895,44.6084536891254,40.5050316155574,51.6393035160173,31.942177938739,25.2924060542987,39.8691342421768,8.45946950498245,-0.857692569035464,-1.49428351311605,56.4648353697939,40.7127518713722,28.2428961614399,23.1669804012525,28.4088217960264,33.2833297365828,30.7633884159416,44.7446878109868,35.9559742122275,34.4762074828283,-0.936865429445902,-0.624362016266559,61.0990131427964,39.5845426591387,37.0993578743889,19.1561471670541,39.8678220328649,37.5292512584042,39.2316912228771,46.0011043696549,32.9658476872536,2.15999621920844,-0.289098870912653,-0.436719980268037,56.8623949835527,32.9750072627528,41.7340127130883,23.0110602402855,32.6396803326908,31.052599897913,41.4523811082777,37.0610304075008,42.3055068387848,23.5749986067529,-1.47640658947677,-1.62429379785482,58.786646872215,33.4672063947652,34.6020591909349,14.1012929861971,35.2801564151069,34.230712667898,38.6840262886751,31.2367720538929,19.3509616069928,0.543109782476336,-1.13354732411813,-0.888236382007904
,62.5,56.0847906137188,34.8895635146368,36.7956310305021,24.4693488670238,37.1242759934047,33.7792712842106,40.4494584081411,31.3465522247121,41.5237639122473,15.8115712237865,31.1232834567464,47.6686722621603,58.4966983803621,37.4531506638845,33.8243385583876,29.0537652133922,29.2971607209068,34.6893646688193,38.7372619829533,38.4136563098012,36.677040716225,3.88405830933698,29.6079005900538,49.3255010592535,51.9548499127952,46.5494501711206,43.3560065069322,24.3081027256441,36.2217181135003,46.8210669789806,41.4920471970145,38.3377884034762,28.6507663189223,35.3975343982974,-0.911859417268772,-0.924691773592599,54.4951942960946,15.4408209550823,25.0134901445086,45.0965693679728,41.6472844256465,52.184390873522,33.0378149249879,24.4288263134377,40.0768079433976,8.2387700421221,-1.0780089604018,-1.84402192738759,58.8263216766725,41.6481252368287,30.7301365991775,22.4401345946461,30.7250861773299,34.9275636839587,33.1094957748637,45.9053368687278,37.704252528109,36.7691269098982,-1.18249634632366,-0.649779390387096,61.6882584501406,40.2967073084582,38.4317376517462,18.546885547899,39.9860168544382,38.1670843932596,39.3951370466774,46.6457051844344,34.6379279869525,2.27453252656812,-0.681877070741507,-0.395739479039662,58.4119374384212,34.2927647621793,42.3901590453002,21.9913335477347,34.1776659797648,32.3128818117082,42.0048032165704,38.1854218422255,42.8359792662598,22.544742835143,-1.403853668127,-1.42710726740506,59.2516291151338,36.9305023773851,34.9888278129565,14.130599960827,36.743649655412,35.065358496384,39.6783745790935,34.805438372275,22.4821931395795,1.5613234556472,-0.876595481442564,-0.867299605584378
,63,58.7710503199891,35.7706626428732,37.5802043939555,23.7731508521718,37.8088550047346,36.950451135715,42.1961402615153,33.0060478246999,42.2340683275069,15.130350717286,35.2272165126801,50.9507836688258,60.3658426170148,38.3064815799631,34.3792359174787,30.6280659511702,32.0347253869911,35.7658638671174,39.5327116808904,40.1681916642815,37.7274305528301,3.34841386554774,28.422958776654,50.8678676338631,55.09918271404,45.1624245353473,43.6365094259825,23.4444280554787,36.7976931990256,46.1656328261197,42.3554703853363,38.4907353932255,31.9122382739349,36.6590990650171,-0.872549241678144,-1.19250098981939,57.2608594676296,14.5273037981407,23.5923034189969,45.886970725816,42.0605468464254,52.1819050088729,33.8091077722607,23.4788575207277,40.5762620117212,7.97246036108328,-1.33946601771015,-1.7938592109295,60.0804603459898,42.2366130814212,32.7970229227923,21.7209838675203,32.2513665735499,36.4870006620173,35.0443850133805,46.4616568790449,38.7418022084997,37.8234075003111,-1.46800633188104,-0.28437053093387,61.5646836983847,40.5822345975904,39.2201635259038,17.92711692781,40.294074730218,38.8334679148185,39.3462610676678,47.2307729134026,35.9692710247399,1.99150195229151,-1.62273069294008,-0.49677395113514,59.6896866889488,35.9817207967744,42.9374731423572,21.6221177227301,35.4915249333112,33.6668434085866,41.8433168233461,39.4258892147279,42.9414364931471,21.8166145463526,-1.42957954446422,-1.03471682356428,59.5059924808699,38.0264782041862,36.0788209433981,13.8272333476038,37.7247851849017,35.7195378757123,40.0825633446241,36.1974048812616,23.9930395480565,2.57829711183399,-0.962918353335795,-0.782914727778348
,63.5,60.6847213864456,36.4914397167422,38.0710682244929,23.1030581427962,38.4510144162311,39.8090204638374,43.2001758953658,34.2348299966897,43.6121551250396,14.6978738309792,37.0042917127438,52.5318004986094,62.041024968232,38.477089045076,34.9220366145329,32.06690671148,34.75013460795,36.5441875093759,39.9410774116526,41.0265569080834,38.7105944084462,3.5152223744974,27.3607012143734,51.3004137268247,57.2828796550664,43.263039836189,44.136523649442,22.3892356360853,37.7144982197112,46.1061448088459,43.4955952079423,39.27482976657,34.0205033485985,38.1663553059631,-0.787019326324867,-1.58841057538535,59.231762088614,14.1338810178187,22.1640880278114,46.4090971499868,42.2268655542482,52.3739904454627,35.0219398169374,22.8541085147996,40.8868847545576,7.59846441943074,-1.53062677912112,-1.10562607129543,60.8790309636603,42.4673087672599,34.8343675605227,20.5625519410406,33.9742676025544,37.3139078676945,36.8248678300587,46.7697058714748,39.7115445543531,38.7387896718775,-1.55853479315329,-0.308198820391908,61.8135466242286,40.6312406361254,40.02659334791,17.417198012762,40.5332207518321,39.4942312358844,39.2290199195461,48.181270155064,36.7523905390779,1.61258441551911,-1.86536865185172,-0.95763790216165,60.4188700831745,37.2759441266993,43.5675045230961,21.5911657379678,36.8909781654444,35.2421085857062,41.6014020357679,40.3556285553078,43.4614305022079,20.514621706847,-1.3814523210516,-0.879039203811317,59.7799905358858,39.0621356662307,36.8011074201999,13.3175069897574,38.059501318345,36.7670308237579,40.3006617996228,37.5560289615885,24.9552716448981,3.53077902055105,-0.954404118980676,-0.86611107359056
,64,61.9837894248576,37.2627750823365,39.0548880048948,22.3812813671186,38.9351549687942,42.3241633566968,44.2627739988774,35.2651565839532,44.9629047773929,14.6585582174727,38.3922486059615,52.8268314532122,62.3824382812328,38.2152677753134,35.1492715232098,33.0457181085226,37.4295904832339,37.4536291997078,40.360755359068,41.3301115437026,39.746046742571,3.42232543682672,26.1444739687378,51.5526085968766,58.2533295668268,41.6603783531858,44.9083041136638,21.5374530263931,38.7325798853335,46.111812641386,44.1852524376395,40.52214958251,35.5698593418003,38.2469568235101,-0.946056206461094,-1.63556436631171,60.3149568611203,13.8002545246001,20.9143995415565,46.7435702286755,42.0544612884307,52.7437507805163,36.3062626049134,21.9067686378827,40.9641706358716,7.48373137303219,-1.14336916023058,-0.63860371815565,60.8945143863033,42.5880151758894,36.6069757787648,19.7907287964508,36.0623806899438,37.6185336300802,39.2113601690677,47.3131716255721,40.5319150463514,39.460396443296,-1.2792840254267,-0.831113478913267,61.8271694976022,40.8277001302887,40.8877681399422,16.7168196539761,40.4365022602312,40.1905011232762,38.551131200509,48.8979726771219,37.4806514504828,1.55735902257919,-1.61872080785042,-1.29679383351095,60.7824896646606,38.2154821949827,43.4225520179393,20.7021559607373,38.2358298767606,36.7876152281327,41.1207199735697,41.1754151908804,43.6187595707444,19.8546571150031,-1.09550886622657,-0.470625691185319,59.9715327392994,39.6712303548654,37.1162781531611,12.9158461797225,38.2713765893093,37.5940669868066,39.8338261504181,38.7320123671161,25.8193253307475,4.83975293806702,-0.967164709755082,-1.12803634795102
,64.5,62.3873458147192,37.9513203682502,39.9293581144557,21.6417285626629,39.1479364863665,44.3865583284866,44.7078207862617,35.9469021866173,45.2633395062796,14.0461053796186,38.8613675263454,52.4435654107641,62.4167612517255,38.441629660491,35.5865969350928,33.8141976286034,39.4298744363464,38.3648199850261,40.8525708931353,41.8411440762713,40.8003150471525,2.54120369755742,25.3995168664665,50.8678802993101,58.6703396780553,40.5584276958668,44.9271324659538,20.4798996110593,38.9789636185998,45.444194838129,43.863826993231,41.2324461894343,36.5408309517069,38.0375742559478,-1.25336484133891,-1.3316317695145,60.3989089540764,13.1785831235401,19.8545054751116,47.6686288589918,41.4548671196511,52.7303123268025,37.2140931364064,20.7219931805168,41.2529342008316,7.63277987659217,-0.569794918047478,-0.174300432658811,60.5937097804067,42.4735257630415,38.2929901409376,19.2051994649293,37.7983522831594,37.9443361329708,41.1427790104465,47.6795038983273,41.1071877526807,39.9097588625181,-1.00303339598349,-1.06285590671405,61.4248222445315,41.367740788142,41.4307730088385,15.7618614024832,40.6525015882361,40.5819248678021,37.4586253672487,49.3484925929868,38.5686791718949,1.55144668623069,-1.66436509766402,-1.28296017638377,61.1621070596907,39.2420306461005,43.4082903437093,19.7026295647923,39.1495174526204,38.3195785437129,40.6556120330984,42.3940184138804,42.8471510324258,19.38913366732,-1.21843216605339,-0.0445773775875864,60.1347037142609,39.6194009379749,37.7195432373705,12.1655879830881,38.6659764906173,38.2682992047994,39.4636539939772,39.4561415648692,25.9517780291092,5.97970281289139,-1.08445453955034,-1.27940929772603
,65,62.4111245835193,39.0485192565433,39.9703362637649,20.5684908515781,39.7707079811314,45.9528217758194,44.2808864956894,36.7411978242866,46.3162635085129,13.4577589429625,39.4815677624923,52.3479401654116,62.7933721294116,38.8289651256105,36.0153866754251,34.4181900689545,40.9284598818309,39.2590618931239,40.7339214990998,42.3029845072448,41.342892618726,2.17572543390691,24.8793921223662,49.4830670309143,59.5377088401868,39.6665099137196,44.7988563065453,19.0606918237471,39.6965438206338,44.7172913177283,43.7101904235631,42.5904799449304,37.2108370408627,39.0639233337689,-1.195150367113,-1.28644275434164,60.1764219888852,12.4758429822329,19.2023404573661,48.4395525400673,40.9513365181004,53.068448133386,38.2975102725343,20.1183576745347,41.4834183727558,7.2625114594818,-0.443776536692724,0.176854236012332,60.774228277225,42.5840159714472,40.5472777601046,18.3607122331114,39.6769719763115,38.0536594575458,41.7236023185787,48.1042039485569,41.7612864937566,40.6560143889343,-0.662871872992696,-1.17273483489191,61.3491579708189,41.5287889249242,41.9418844860767,14.6520032061107,40.6665339428482,41.4065689228526,36.8145687621236,50.3505361182373,39.6374060991884,1.54579113115608,-1.34100495598341,-0.973766822928724,61.0893270713813,40.3479960099463,43.815744760094,18.8230872453563,40.0305735094674,40.0704585242205,41.0050006890552,43.7426763608419,42.474214058868,18.1620010959035,-1.02628503248326,-0.134655968467086,59.9329754583945,39.8678218660042,38.2142008951305,11.1621557530878,39.0950093108122,39.415957715968,39.5261441744736,40.3540221202996,25.7622064984854,6.54297500970779,-1.04518690772102,-1.15956204410531
,65.5,62.533336631267,40.1449000183288,40.3688468994533,19.5271726936841,40.6030779399691,47.0554788346511,44.0541658991838,37.9290718620667,47.5546077722398,13.495564446458,40.8631330383352,52.6214536494945,62.4607037181083,39.1206361376697,36.1265090197737,34.9506494205258,41.7430572156327,40.1093177876127,40.5340326622876,42.1117783688112,41.8149275816623,2.40233395337361,24.027995299105,48.7643699956354,60.0554029544124,38.3793213022595,45.3907347798011,18.0218439494863,40.9421064966552,44.1016808500652,43.3151873119881,44.3175672170759,37.5594922474378,39.4533233167866,-1.00566828074068,-1.17175825248052,59.9455297907565,11.5333031156002,18.323162304062,48.8535928798459,40.9242442778656,53.4400378464853,39.2027658615818,19.2327212624804,41.3059902026375,6.86364126275259,-0.573065048448257,-0.242529674867512,60.837723172684,42.6021103286478,42.3806284780684,17.5370455260315,41.1532416238457,37.8722348641483,41.9921847186848,48.7669025298441,42.7131541819773,41.5255969824677,-0.404316458054439,-1.41813864162657,61.1855056000495,41.3546323734699,43.0675928457987,13.3887878792792,40.2716791921295,42.0865596770334,36.4735024101693,51.4288936543624,40.4631641230561,1.5812438108984,-0.490467474850675,-0.457882623282103,60.3971085040889,41.593337379658,43.7546394860009,17.6544997648411,41.1506488449435,41.2222890608811,41.6400825893373,44.5892976821377,42.5853389203846,17.4109798390407,-0.655489082920212,-0.243746240007852,59.8108341117036,40.7948618282144,37.8083221618282,10.5965504095798,39.0965513212907,40.4163171203072,39.3282477800135,41.440826068009,26.0374571444643,7.23244104515135,-1.10916061426735,-0.949478462708726
,66,62.1396695175841,40.484042868922,40.8833944969801,18.7480472849539,40.8829536634261,48.3779486439735,44.0951844681675,39.0584318972154,47.6725059058443,13.1643699732683,41.8077121352831,52.7919205988243,61.6641944951932,40.0802073476203,35.9789935243359,35.5755392095534,41.5778337372263,40.8199918473574,40.7274616277363,41.8892307863373,42.2817343670716,2.27486586570154,23.1509878833201,48.5029222035571,59.7658746698795,37.0467986972013,45.5890686971077,17.2954477101811,41.7101245718117,42.9610586431384,42.7188164750444,45.308484740861,37.4375043316528,39.0602042135586,-0.662843395306936,-0.812212263041488,59.6103294303346,10.5143052816797,17.3403871470946,49.5927341721132,40.7989797067909,53.5074641863848,40.1893138959588,18.0723395332546,41.9128411990491,6.77989493069003,-0.555479751740222,-1.1128484348979,60.668219344321,42.6407041785091,43.7260175461942,17.1277901288319,42.3154045371396,38.349525142313,42.4988206178199,49.3370925756556,43.4061805455777,41.884477930435,-0.702069780034037,-1.30838212733852,61.1195474917067,41.4370741421028,44.4277456069066,12.4290210830753,40.355472026823,42.0695976950085,36.4367722970143,51.7170678277934,40.8663530330161,1.4271048202412,-0.577440570150486,-0.123453929125219,59.8684375533879,42.6718241301135,44.0146376833243,16.2605384606072,42.2212958368058,42.008700925436,42.0737617723827,45.3344883645244,42.0921480055869,16.7241101476866,-0.894122342760056,-0.392258116370215,59.7435267283552,41.5645366389195,37.5270961243718,9.96622105570879,39.3706898031169,40.9060754506506,39.2743151385466,42.1575628255885,26.3546919247242,8.02979807529823,-1.01703106252018,-0.843770239897196
,66.5,61.3695465464767,40.5396318971942,40.6086447972983,17.4004997847196,41.2521238871344,49.4658452441184,43.9853338896677,39.2739980451366,47.9360915839475,12.4392769588476,42.388906425669,52.8539665499289,61.5851421696964,41.1642797394724,35.8593099475298,36.4166858047089,41.5144581843587,41.4325960863173,40.5210662357906,41.6823612479516,42.5070085845506,2.10729231931782,22.2685543776693,47.7833128185274,59.9794114028311,36.0310224448405,45.3307118560341,16.3588699525141,42.1058603794156,41.5831097798399,42.5365436514373,45.6798834496491,37.1775161336519,40.6385979419297,-0.227193514673331,-0.66829232180055,59.6586595641382,9.63574401982419,16.3523160100813,50.2014193593085,41.0147222849674,53.3841344111355,40.9672396562439,17.0048410334775,43.3559940351796,5.96279822345286,-0.864176312655957,-1.62047621804788,60.5255677876713,42.8533712782137,45.5728788874981,16.3727952869099,43.3781682906781,38.8668097892881,42.28582057559,50.0509736511781,43.8776078958846,42.4750894782603,-1.03655315480933,-1.17358397299643,61.8297457076349,41.7640396840829,45.1594827898733,12.0295199167209,40.5608713041453,42.2809255798325,37.0469553256503,51.8097873622821,40.8808231180365,1.37857662117182,-0.771877984993694,-0.383111151322566,59.7540101217828,43.6933417216645,44.5382605708832,15.3775761644962,43.2996280701126,42.9937880928525,42.6605670104741,46.1819685967071,41.434833415685,15.3541048083858,-1.19308913126281,-0.837875312507663,59.3904183169435,42.3705585025405,37.9527253438902,9.09654379931197,40.2211017011316,41.5091409301214,39.7841243042977,43.0794630799982,26.6539842990265,8.37351498274938,-0.995477503346706,-1.04826642706587
,67,61.4742490086782,40.8202915321735,40.4732843986174,16.3112099312179,41.8805263586137,49.8404750115346,44.3602920882457,39.6951197636095,48.6265384294693,11.7332646780649,43.2706084918142,53.1290825723386,61.5506657518849,41.7252815989459,36.054187710329,37.6833912630151,41.7015961098735,41.9057900859808,40.2274763470682,41.5856429543414,42.726892205461,2.31328707893232,21.1408599554126,48.9182142691292,59.7512011382379,34.4034364217475,45.7244320701946,15.9093161424807,42.9328593555765,40.3189825445561,42.7525790927988,46.1235082936385,36.8900923019615,42.2204033615925,-0.388309920914026,-0.662771707236004,60.2133097329277,8.94205439656309,15.7583293466603,50.0644644113473,41.6936276285923,53.3821693101355,41.5807295274341,15.9963838141239,44.7289635585076,5.12185698721902,-1.53209430088384,-1.810498130214,60.5548110733969,43.074868866899,47.2437528291485,15.6022368598504,44.0094665363563,39.2877805451723,42.1820312372564,51.0720846807151,44.3148497039169,43.3893000470913,-0.736026221917427,-1.11538668324806,62.7670371138908,41.7540347228102,45.6771277176788,11.6536192838124,40.3421688514172,42.9201305615416,38.7639568872462,52.1807598244158,40.5125590768483,1.48217631480304,-0.402683876239337,-0.712782429367167,59.7918228448247,44.9099863441182,44.9527346704627,14.6202751091407,44.4912836830778,43.3866791981346,43.1918021352781,46.5550760307257,41.2904880992909,14.4389947411811,-1.31272681226375,-1.28786427324877,59.4067250713055,43.7543170664513,38.3277381802666,8.85619021632374,40.630930875371,42.122941953987,39.9979944598473,44.1199063421053,27.4636629069556,8.7761106240601,-1.2418920938029,-1.40045055289829
,67.5,61.2843506717908,41.0581388568388,41.2606583979741,15.8427543946011,41.8761541872524,50.5713273772708,45.3364006852745,40.5621150094563,48.9737553495274,10.9186802358916,43.8230239680722,53.3672365147437,61.3326510980834,42.0304775291909,36.6448953590701,39.2895865036851,41.7076582435345,42.2173122666254,40.9296174871413,41.3845084467933,42.8129432267394,2.29187511102634,20.1167388104992,51.5129073783555,58.3352129721604,32.4646344351434,45.9559825523099,15.59571738072,43.2018643455662,39.2437341518072,43.1145807801682,45.8848619491578,36.9195041592679,42.0978330850393,-0.613454224262853,-0.737176315640056,60.5505482510599,8.69183385357013,15.2848433997213,50.0924546876122,42.1900975794858,53.2215989668221,42.1415063674546,14.9129765254929,46.1043234990734,4.82368050309697,-1.56093591137579,-1.74726112565554,60.2778487741342,43.3640866078857,47.9592451556263,15.1015996124051,44.450432714464,39.9781785621814,42.6914470715776,51.7989881443201,45.03325121867,43.9030020623001,-0.769698938078477,-1.17325036256375,63.2468464411166,41.9777698668723,46.397650978112,11.1075329194343,40.7415881829276,43.3039388608217,41.0610324899213,52.396096422496,39.8957090125426,1.13104321895861,-0.663811277293746,-1.18511992916427,59.7754825725395,45.7778764202061,45.460730068378,13.9344606210964,45.3025678051911,43.1293187477538,43.5884495676282,46.7785266764707,41.2727051991931,14.1044441853979,-1.80589426234133,-1.43474549097368,60.2183823317636,45.0556738025927,38.4375635393042,8.78273286712835,40.7813214953839,42.450087821884,39.857095427589,44.9626711803151,28.2103109336749,9.56200832441141,-1.64422349645577,-1.66782837582582
,68,60.3087121033723,41.4743226175701,41.7196523398405,15.2470634576266,41.6987690726419,51.5424685730546,46.1312739870432,40.6555464220457,49.4812259160758,10.2471160471722,43.8727528443917,53.0580796645438,61.2451054844183,42.3125752549795,37.5340240916564,41.2485555911334,42.4726995832928,42.8993105714798,41.889850411997,41.4909908148177,42.8352051617486,1.69909773938105,19.4801236645908,53.1854362667193,57.6646429495786,31.5485602256725,45.7176003426925,14.4363487279383,43.2493742691699,38.4247714154276,43.8507425700336,45.9236352164816,37.3896015436784,42.590391992871,-0.752180479403705,-1.09408698304884,60.5936608454074,8.78182688778162,14.647593726471,50.5537503218646,42.5609431947033,52.5979077999683,43.0101189650778,14.2065111055168,47.6772579318963,4.16132758468302,-1.33166788547197,-1.40301955523159,60.3870258164977,43.9682107120994,49.0845135369727,14.3434834774976,45.6564087302585,40.7648996975189,43.4855603781994,52.3135816040281,45.8733516297475,44.2177716480724,-1.058072834987,-1.426921676078,64.4585499706958,42.5929646249466,46.2512823489034,10.8160485172667,41.3897063727466,43.4239353408841,42.934812672843,52.5915173160734,39.2230746007378,0.652082860026781,-1.46024594011698,-1.85325092011664,60.3144341485462,46.1530741594652,46.4338979605752,13.2717736777177,45.5679725860692,43.2365501747653,43.5948688494387,47.340223532325,40.9773043070031,13.2073777516443,-2.21652955571471,-1.67090362839349,60.7446315435377,45.8006801818382,39.0266014290531,8.31716960620508,41.3562000079039,42.7810959651614,40.312225762623,45.7679746285235,28.5231645812336,10.1837927379827,-1.9327269271933,-1.63952392368498
,68.5,60.0169968918126,42.2960189909766,41.7905055950858,14.4715253643438,42.3365858617083,51.980742507709,46.7283481359142,40.5614575252888,50.1100180740328,9.59084552489321,44.0111096484578,52.5429028671496,61.4238854835612,42.5020448313735,38.5056728353494,43.4131696959594,43.7397922982318,43.6735094187276,42.2529125062752,42.4090111973082,42.8970966796981,1.46510596677933,18.8145392018266,54.4148110934558,57.6970103378179,30.5527482593287,46.0634496675611,13.4363351911269,43.5363679152483,37.6545440029443,44.9266506359277,46.5436100101454,38.0863729848932,43.7260589111903,-1.04275018503387,-1.37255302229931,60.9953600903038,8.39409191925097,13.8582059250961,50.7818829870332,43.5165209119435,52.0869151929087,43.3117218272656,13.7657134438394,48.0539233086456,3.61097026202708,-1.44245025438869,-1.17973515239737,60.5299180177595,44.8634384159922,50.2123762449615,13.4548307036119,47.0721254510831,41.6651897331428,43.9836782721437,53.0438529304307,46.5991045181836,44.738166813539,-0.952058142432918,-1.49568479227378,65.4411503313676,42.8863814027333,45.8981273576711,10.3941320057609,41.3921701612688,44.3708028577771,44.9679003532548,53.0718607664007,39.0719627571177,0.643901722211979,-1.6408857600876,-2.11366398134209,60.9823748641763,47.1809831254357,47.054903224072,12.5665986411671,45.9500968424093,43.3052159482295,43.8363112905672,47.844007955978,41.1570659061869,12.5838531700877,-2.16600496865686,-1.5802804916101,61.0801480899698,46.4273902844349,39.5936852206298,7.84182738328775,42.2669800532057,42.9821344620048,40.8243968756111,46.2772405838564,29.1335606527093,10.4863874697695,-2.17809623408021,-1.57125779340288
,69,60.0769189485723,43.1134098215573,42.4686601665506,14.0935853312478,43.138817440978,52.448824798743,47.6902110277578,41.5316254895376,50.5120081242565,9.27647611048576,44.5229682199515,52.3693352719628,61.8396054733337,42.7994731590911,39.4222650469015,45.4009537962781,44.5953561937037,44.1536898920775,42.8098906230167,43.5832384982667,43.2529965678127,1.62210807118583,17.7155482732898,56.0919183470252,57.0884909532335,28.6444512940244,46.9395937041551,13.0279642817405,44.186229625741,36.925446073917,45.83732677161,47.2071911273158,38.7843943047802,43.9256685474753,-1.52501243419971,-1.36330284018896,61.13569036404,8.03525614050159,13.22502924402,51.2767173718647,44.9037812162524,51.4318341498779,43.7794993244029,13.0926668299137,48.0934947108211,3.92766864355826,-1.30181823453279,-1.10898972411013,60.7393023139052,45.8456076642979,50.5090235415404,12.9064666515704,48.3553625409495,42.7984336285899,44.6685194038287,53.4624266171307,47.3310808867681,45.1076000840873,-0.895047893548622,-1.50628732066662,65.5852177717132,43.3471739284886,46.0835845487993,9.36010326668537,41.9595656200629,45.2619757252394,47.4766762428993,53.7414954770062,39.4412077628106,0.511001642851511,-1.78521677612525,-1.6173218406488,61.1759891623268,48.1698361871212,47.4854572646892,11.8387284085684,46.6977544420801,43.5763536861595,45.0565469704709,48.5898793271707,41.7747383632183,12.4608991417584,-1.71476067803303,-1.46531162076013,61.7400122143048,47.555823984031,39.547162116517,7.77330198425443,42.9511466239903,43.6663530824957,41.245062777077,46.9161562849703,29.7169824070237,10.7469842908864,-1.99537428237909,-1.24867280353192
,69.5,59.3528265449346,43.9751307091559,43.5059943899367,13.6572709703278,44.0647966057252,53.9964078173145,48.6126988038358,42.504140897086,51.2631716101822,9.46098283093244,45.6947037320878,52.121162379286,61.9147489662981,43.1601785753829,40.2343553293316,46.8500627441881,45.2273942512657,45.2137848925456,43.6513479191833,44.4279972058947,43.7934630066379,1.80574527114993,16.9578768025931,56.7283609291659,57.0329022919041,27.2708093154423,47.5103874718575,12.3081210562587,45.2113869357323,36.0181061264583,46.8312960928077,48.2687960628599,39.2441208316412,44.1114336183255,-1.36001260054263,-1.47222809058246,60.3057057051494,7.84042436528921,12.3731437037565,52.1849814528067,45.995402382207,50.3107980895992,44.7903086830476,12.4613009007585,48.5285915723073,4.08285654906473,-0.809283026127616,-1.02754445112731,61.1960706463625,46.8945016738835,50.9124226617126,12.4979353643305,49.7512768162815,43.93179184491,45.4348572623459,53.555832916176,48.2670808963063,45.4051190613358,-1.26840556715365,-1.40526087794279,66.0051505404606,44.0790256539024,46.4567048429909,8.58515267581208,43.4921829855679,45.8378035786301,49.2664072126843,54.5490152428387,39.7157936335393,0.16808935509863,-2.23645925417179,-1.12475514272882,61.4032943222658,48.5732344988008,48.3137386255255,10.7777481487442,47.6832278645209,44.4985210465985,46.6241055695143,50.1061990972538,42.4692473382281,12.1216055130132,-1.09083934348666,-1.31483231074014,62.3365586478874,48.572481203279,39.6517575503104,7.39963638882625,43.734821921808,44.6612577039467,42.1318692716599,47.4891641721953,30.0023585550496,11.1248927402686,-1.45272262187734,-0.508888767420331
,70,59.246045334124,44.9202205891207,44.2445448431248,13.0486716973842,45.6003658131217,55.2806680706475,49.1395989999501,43.0575994232886,52.1912986735695,9.69972993006076,46.8686819495567,51.6693501937574,61.8189781024032,44.0820353918713,40.5380082422729,47.9968402939097,45.9798653361549,46.3404221436044,44.083676307545,45.6334459188404,44.8549222749224,2.10354556601658,16.7993395243341,56.2712500993822,58.2417611623615,26.2125822888922,48.5917637288301,11.3732078773151,46.5114538540373,34.9948250326509,48.1692633869836,49.6657528500654,39.5071466051965,45.083360200778,-1.06881175105502,-1.1412857032563,59.3624979677378,7.05556373627297,11.0788350093345,53.0898480888421,47.32121321236,49.2873716143184,45.7576528799922,11.9154856849585,48.9042672710414,4.02996907653699,-0.919236276921879,-1.16058184038599,60.9745459325238,47.5246846054321,51.6228102378948,11.8150063147518,51.1726999743531,44.891134025649,46.0649303318934,53.8163214865416,49.1667924852904,45.7347830277423,-1.42688724790406,-1.29457609261345,66.3963931498874,44.7483361177019,46.6318773031002,8.26831786731623,44.7500798606484,46.9026600540072,50.2589092908526,55.451084914615,39.7176721020724,0.337959986666988,-2.15182875458305,-1.05370172944015,61.8094605624938,49.2468841949337,49.0917707542551,10.0803211494062,48.8212089551891,45.567700166596,47.8859191978651,51.4613204176885,43.4076067933347,11.2687977190682,-0.669418501289442,-1.18063796085755,62.5016959450958,49.1189611250076,40.6844869252644,6.62225292474005,44.7020148439166,45.4208187394065,43.6566368669262,47.7184131891083,30.6693565454058,11.2002285192885,-1.07668737169638,-0.300755748868141
,70.5,60.0586695755856,45.8060717947437,45.3309862345736,12.6721930349727,47.0984231674122,55.9942426104429,49.9665941434823,44.2872760171732,52.8434837553691,9.35307324283139,47.9016864781189,51.4418833769056,61.9435835647832,45.4833749625094,40.931899372797,48.737258875643,46.6741190189491,46.9417616972552,44.2486606521933,46.9216421303231,46.3954178317246,2.15833942403975,16.1432443269512,56.502002396441,58.7525280541219,24.2978777272372,49.9884719258008,11.1248861037965,48.0204515770637,33.9123972970582,49.4322847349424,50.4753522812788,39.6542475729092,45.7604640234318,-1.23388643375853,-0.745135334733902,58.9433750855959,6.03800086487018,10.3412033160909,53.7458067399207,48.7717361609136,48.7138610396992,46.8957850108709,11.4881333459514,49.8877065844432,4.07500973069261,-0.802297368486109,-1.25541046739897,59.7189407206193,48.3440350791431,51.8848304939016,11.2438551169338,52.1869936465273,46.1720325342126,46.686476733975,54.4564921251374,50.1258126761476,46.3771847745869,-1.17952731526253,-0.839526904275772,66.001197005404,45.8318871318482,47.0404576617116,7.6914120434646,46.1444838420945,48.5646649823224,51.9059274156674,56.1442117440168,40.0025662236983,0.831246575695502,-1.70905405801295,-0.78436502887746,61.6551502165047,49.7909273658499,49.6629579843045,10.2648982824525,50.1761944887973,46.7279194585414,49.4633069454669,52.226750739253,44.5379356753705,10.6579036039894,-0.15582515653341,-0.984668757686563,62.5440772999466,49.7449276785941,41.8428320267192,6.16786008143379,45.8635461261052,46.2374193550287,44.726777882432,48.4567573431547,31.678278729161,10.7553260739368,-0.636250451823116,-0.740796467089126
,71,60.2503057882237,46.9593544297122,46.9970366977124,12.3167662210642,48.3962091300201,56.8600262062263,50.9158121826134,45.5655310657609,53.7469030700976,9.16189740411789,48.791306660489,51.4209945366639,61.8496252013251,46.5382614004494,41.7744801668122,49.1541521987799,47.4387355778543,47.826269759662,45.1942972802669,47.3778377563895,47.6735285019059,1.4533164041631,15.1143622177368,56.8680931033556,58.8941094455095,22.638349190645,50.9062809521478,10.7172099570412,49.6879993283518,32.8834486747945,50.1461109694886,50.9325620916912,39.8698318548269,46.4515805993691,-1.50818151887671,-0.73080942125415,58.1296766408112,5.81012269484557,10.4254731413711,54.3356489265266,49.8266368629849,47.7092982337522,47.9674134430682,10.8769620782971,51.6477628032874,3.68165819816414,-0.546064955651559,-0.833197101428084,58.831155890482,49.2125662780676,52.1655646031319,10.6856622519646,52.6422940713653,47.1397546271994,47.6013698413466,55.1504699680264,51.4938364401476,47.4542797744816,-0.957709890516355,-0.670197274130146,66.0481652290299,47.2227201659274,47.5653552726078,7.19436732691923,47.9441022359358,50.0093404612468,53.8022334900061,57.0867648948678,40.1747326758348,0.970953457959581,-1.23746443504206,-0.597773836148406,61.2329034684216,50.1836655429687,50.6222544108876,10.4217929889667,51.2854119156165,48.0224496831536,51.0266559465147,53.4862912127905,45.3923654945958,10.0889482573961,0.484512986630307,-0.892411865973372,62.5812488088864,50.6432822328031,43.0765008943533,6.01274046024815,46.8780501699143,47.2132574546711,45.6495213777706,49.6482567780262,32.2730841506857,10.4844215043983,-0.274505143304054,-0.7648925771432
,71.5,60.6481226890687,48.2850878019926,48.6163400018896,11.8898003284327,49.7574571392187,57.7164698584206,51.5395537379793,46.4613818417552,54.8385438744084,8.84273208270668,49.3075692232826,51.5752135049673,61.42125157027,47.5245144627633,42.7039517959453,50.2251074883692,48.4096193119645,49.2884554624586,46.4588032144069,48.1551668108923,48.7309963212849,1.0229465471628,14.8196126864598,56.6787374115725,59.7856739216012,21.9781607543082,51.4200175473411,9.62593909198887,51.5020123242639,32.0638097577341,51.1191428309997,51.5779510305995,40.0458760811194,47.3451152591613,-1.58537399415837,-0.608882180814931,56.8548471419487,5.5461491262808,10.4792200693638,54.5893746297935,50.5816073098687,47.1304999018741,49.065202200054,10.508333839081,53.0349395313846,2.96024218353671,-0.688766232657485,-0.46349753370265,58.1025175857625,49.802397251538,52.9085510941331,10.211523867573,53.1432818747372,48.3609321713751,48.7490606930481,55.8365820761659,53.1136271569408,48.7742276637463,-0.923203672913246,-0.687337460399021,66.5384747859318,48.1713975849926,48.2088753133403,7.13637383663371,49.3065893373566,51.0316981406213,54.9958652469843,58.2023078407607,39.8400702804828,0.92473291623412,-0.79068831293489,-0.754566181782707,61.1099709154586,50.9285169222104,52.0223309637672,10.3586880229824,52.0267115520038,48.8094244826555,51.9490874275393,54.808995751848,46.2999218148705,9.46421793605305,0.30767117275758,-0.919477402176085,62.2576800857682,51.1569739280841,44.3228281341873,5.63317675430136,47.9046351564764,47.7200405842742,46.8584506933416,50.2265038012804,32.7901542556165,10.4160721765285,-0.263406494701314,-0.903194378024864
,72,61.3921078270005,49.4400389193951,49.4383868067663,11.4976744709846,50.930962241137,58.0703105229014,52.3145817410979,47.5217149806265,55.5770783523988,8.00339999801457,49.6355578567444,52.0769451715936,61.2907328506603,49.0573384370416,43.5865349643087,52.0017535549862,49.678318775841,50.4523916510451,47.6190447869584,49.2882857750064,49.8078431260279,0.775474948384556,14.2673559812557,56.6442545924832,60.1249191836851,21.0801583396707,52.1428719047622,8.60666912742892,52.8491942105364,31.5541087531142,52.2398634000499,51.5563251530469,40.6209203470747,48.519605806378,-1.52544631610817,-0.515797078215826,57.2130075524499,4.71805269708835,10.2375608263311,54.7972332441844,51.81406257597,46.9751263663332,50.147876943169,10.4458873887784,54.5044213835284,2.46733344169002,-0.936944599046228,-0.657500564291638,56.70158556327,50.5888277366927,53.5241535287229,9.47468532780147,53.9296973384456,50.3017177898814,50.1509794644401,56.5447598681277,54.7675181365898,50.1026271975645,-1.16543634157324,-1.06671259109822,66.4343553150419,49.098478362162,48.8998771047651,7.02276669961083,50.1911278755759,52.2639777864615,56.3871992113085,58.9096431930834,39.6980140383281,0.90642300945791,-0.444189861913515,-1.08831845340006,61.2091320156929,52.1398459547363,52.7549012823791,10.9008514888649,52.6182620739969,49.3262790768606,52.7197595538763,55.4099210183211,47.5189175662026,8.88114426960556,-0.29184090636528,-0.853385201536298,61.5025242439011,51.6108382654996,45.3453140919345,5.48640406002852,49.0999910023691,48.565054168651,47.7365313152582,50.8859981083265,33.4298424045049,10.2566061523992,-0.73233531554007,-1.66888145186095
,72.5,61.05935991734,50.5285319432554,50.4266487022891,10.9748246782484,51.9600206386565,58.451192912623,53.321484793454,48.7366708785298,56.1559262546023,6.97661354766115,50.488305624606,52.690885793894,61.2417766698849,50.0587118992344,44.2180438126489,53.4056571682443,51.2757099454559,51.8264953888926,48.9875753523762,50.1737648928067,50.7374132603338,-0.0925637661881638,12.7835126293376,57.3999397719707,59.6025060672227,19.8564389609151,52.6256014204923,7.99720300011757,53.9703462551648,30.7703567770076,52.8981957515376,51.6569319994145,41.3712425841105,49.7037378160597,-1.80499507393426,-0.7197248937415,58.6522904935347,4.32258021913344,9.95930447501223,54.9872348464055,53.3626014127584,46.245944602377,51.3948665986374,9.96426083391253,56.0384110345536,1.99915809362199,-0.999563545146202,-0.82519471928282,56.9961945987957,51.732781628585,53.9799484072882,8.83543176561909,54.4987843036599,52.5576324080673,51.6308115886023,57.30618953249,56.1715474423449,51.4266074212503,-1.24192699234061,-1.38818195345908,66.4515533985128,50.0360657933611,49.4511048771939,6.73604074407558,50.9825627364978,53.1390942626423,57.8031167778158,59.5815686413547,39.5146302593778,0.699109338179255,-0.460316718035585,-1.13082045873711,61.4685609960596,53.6020263701893,53.3570006008605,10.7305118102224,53.5426383855687,50.3008884340969,53.4645852628673,55.7317262146839,48.2712277492478,8.55923963344679,-0.539264619153528,-0.91223838953789,60.8567575822917,52.5480674007397,46.006020055793,5.96679692005966,50.4864061243384,49.8285107302611,48.3492166500685,52.4734594350155,33.7083118626075,10.1662838337313,-1.05191576607126,-1.81358588379135
,73,60.546825934589,51.583266164645,51.645972029474,10.4076610826422,53.4794361832077,59.2194607038616,54.0836442443299,50.0027294198117,56.7735957570982,6.20632359741188,51.6660239729031,53.4191158444294,61.0105762922678,50.0301146935952,45.1227475291316,54.8056531179465,52.6549867863436,53.7128942711128,50.8260597680609,51.3162830415465,51.3235219766997,-0.417610207992936,11.8308093370944,57.9403135430011,59.4588124196152,19.0521513212627,52.75815832442,7.45024642536424,55.0389278616169,29.715429834626,53.7212061323552,52.3076137339611,42.1806167001034,50.9348688353107,-1.75334400423026,-0.867757377552948,59.4046645162264,4.45871369219901,9.18127658374391,55.0163004273954,54.388628331888,45.45635149008,52.3498329712476,9.4380949784732,56.4215053281317,1.8128728102202,-1.34656000939162,-0.873171868645727,58.6575336050259,52.5660738154662,54.707615256241,8.93414912134892,55.0252878888032,55.1538397838251,52.8674583691828,57.9931846864666,57.0982864567893,52.3290181806809,-1.14020087364725,-1.79330169033494,66.7275062972199,50.2592201933555,50.6996354940749,6.55648248655694,51.677119679813,53.2434339087262,58.5750056284398,60.2357080637609,39.052573272327,0.222588071534915,-0.578062926568691,-1.40129788766643,60.7976871499357,55.4786463672144,53.9118489300646,9.30482160368211,54.6016600278714,51.2139467852486,54.0831564008895,56.6274573147892,48.8561528472509,8.30307496412428,-0.978632525702551,-1.19191525398344,60.3992537423493,53.8784721145162,46.3186824085859,6.19845481405122,51.8127147563662,51.0099197954127,49.7109967651387,53.4536328179319,33.9208170886387,10.3955389254219,-1.19167634000848,-1.32431117359852
,73.5,60.4454432596841,52.0409795305521,52.5210033498231,9.67912090195597,54.8795756034873,60.144938821578,55.0048168228881,51.8783541334956,57.2523347015567,5.69929456603927,53.2641049738488,54.304460979577,60.8283589483307,50.7040394045644,46.3621416916034,56.2577572877472,53.9865719778413,55.5252943738824,52.2778379533429,52.7818748179938,52.0894212401199,0.287248668112511,11.4319410825261,57.9039963752008,59.5021097637876,18.1400997867283,53.4134491007409,6.72324799431874,56.1155537862973,28.8265987306959,54.8747484871166,53.01773421853,42.7169328366128,51.6572870497171,-1.37512169142281,-1.01708156783627,60.4408197628072,3.85353656596158,7.98384506396627,55.3720297355438,55.6178394488007,45.1693182047727,53.6928180134767,9.35293832968517,56.6522389190945,1.80474989490273,-1.70142691013245,-1.27341280055106,59.7046056636094,53.217010192393,55.6499982608207,8.87428382575092,55.8960708893002,57.9110395478739,54.2744907519219,58.6647249957216,57.7757465739556,52.9254766151601,-1.33769732717258,-2.00713295735335,66.4672383799444,50.9277009874266,51.8234458290837,6.23724572045035,52.6210647318003,53.2856849365331,59.0654287032617,60.6165597433442,38.7924611310445,-0.238132937645275,-0.844200887108286,-1.74487925805732,59.405185913002,56.7460041978056,54.1756833078879,8.25155490247096,55.5972991665649,51.9834906203442,54.9570349657105,57.6282963884936,50.1276566976599,8.00534648431585,-1.69953955276537,-1.55195208361249,59.9480796041963,55.2105112187058,46.5388998506835,5.8503002198409,52.8855105985208,52.6320885968081,51.0049428860219,54.1377758976446,34.7186247830567,10.6106432087167,-1.30362001096603,-1.34549381186963
,74,59.6426458813553,52.71830411038,53.2233641940387,9.15078162452158,56.0409854264702,60.964593453651,55.7027343348858,53.5412433011029,57.5976612355187,5.23412531279234,55.06789949708,54.8864840238199,60.4201436219973,51.9990137115745,47.0703174779279,56.8166594148836,55.5380304141771,57.0970273215768,53.3933955838731,53.9908209626523,53.0358688687126,0.464239470770451,10.721577129723,58.3133234017712,59.0561032833508,17.4334027589253,54.5538721069363,6.33877507237349,57.0166423014226,27.7831885096602,55.4555106704363,53.8653849990877,42.9909690617191,52.3248373324224,-1.24588790827966,-1.4815969525751,62.1534283794017,3.25510268636282,7.01913086931086,55.9275088076404,56.9999069768684,44.4418171122804,54.66783620269,8.9061530326104,57.5973569024861,1.66860701910292,-2.0418521799694,-1.59380119164001,60.7712201751472,53.9458255311777,56.2473657154875,8.07051898349022,56.8604831145682,59.8256803004357,55.8050837820152,59.4234512922105,58.6984420783604,53.2271335760122,-1.45557177599676,-1.83392669561357,65.9225717172557,52.1718558791201,51.9817610971223,5.65475727862662,53.8217408426277,54.2953085171257,59.422349938964,60.7718271357323,38.5404575785643,-0.487539359281811,-1.19237137874552,-1.82095643586928,57.8471288884091,57.9060406378829,54.4241282695151,7.40844214360084,57.0712812937362,53.4186812276977,55.4472651474523,57.8046007477317,51.4286658773799,7.4301127601654,-1.84771541165884,-1.66332375603645,60.0358200776856,56.581033772787,47.4144318369357,5.60823663524332,53.8773753331129,54.7770808145345,52.1159601794147,55.6818523667312,35.1990739947686,10.5536986080585,-1.63643743051114,-1.13137454154599
,74.5,59.0503902183467,53.6979864602018,54.6987594347266,8.35325094275305,57.3877110068252,61.7217721740914,56.1212387461715,54.4795602519658,58.0465941272158,5.15245754147452,56.6548737617368,54.9575569495831,59.8265610698385,52.6815945016546,47.6650574416741,56.8203918908062,57.3473182225626,58.6447701527688,54.9035758306512,55.1665949084993,53.5287772116359,0.168648310930791,9.88816068127045,58.8006085477331,58.6065152099192,16.7550713478323,55.3616288853112,6.33194794433888,58.3668521302952,26.5761377101524,55.8839039700217,55.2050429996347,43.273763600585,53.0650252722185,-1.41140322781325,-1.72606788800869,62.7980678878147,3.50856557812381,6.37390692037593,56.4214527206169,57.7816845980346,43.4524142840836,55.5723925569582,7.96415697403694,58.1984963042536,1.51542262260085,-2.33489230984225,-1.72243351955916,62.1671023692141,54.6709822971986,56.8722097399281,7.46092569906807,57.886128164442,61.1108912747086,57.0699130004651,60.5619843237934,59.4410507154042,53.6528546058092,-1.19217317690175,-1.59533477591214,65.6666910019153,53.0142094079379,52.2012784361234,4.95498823593465,54.6565376152535,55.5361759942382,59.363863038403,61.0335965639597,37.9496461508737,-0.529295218174298,-1.52819608561941,-1.55670703672382,55.9560341983658,59.2843998289687,54.9551818922248,6.25908948874041,58.795029596219,55.2773962283079,55.9432615612359,58.2035361034805,52.4440217265632,6.76133108865247,-1.69222386727972,-1.94843665392688,60.2942405846236,57.8805261861742,48.5276719914087,5.48847874900338,55.0983751774693,56.3234345622907,53.6953661665372,57.2923029284917,35.5907803854813,10.2585834214454,-1.71814602803005,-0.77860801817053
,75,59.6290324145696,54.4836903847724,55.9453098539868,7.62795853614324,58.5168977619214,62.6759584525089,56.4664736640748,55.4875914919542,58.5005220688546,5.3809135521671,58.4052790371163,55.4097623237702,58.8999435960349,53.6271614328701,49.4300833829805,57.5817220137504,58.8398853565687,60.1164754956005,56.0514750482063,56.5138831791661,54.3666525647216,0.783271888026206,9.46815335948116,58.6210512181723,58.3628543285687,15.7454716290391,56.2660530148157,6.28367530507961,59.9434865162289,25.5991875869861,56.7533673056523,56.2666706801776,43.3596059835113,53.6617998515137,-1.19175876765735,-1.90654109589451,62.44521896689,3.42506652815325,6.17932811244856,56.8906877161287,58.493957480928,43.3678986611969,56.4990074335154,7.5882279534996,58.6390377906073,1.46593170270484,-2.21999855511808,-1.78034629529191,62.6625460476109,55.8064059389934,57.8606740439744,7.13533443097111,59.0264154881185,62.3455806281821,58.7024511779844,61.8725824249701,59.9790334691237,54.5562758292048,-1.10198288637446,-1.19508678422073,65.4698375920925,54.2047435736582,52.7585052702957,4.51754448769776,56.1707822953745,56.9329429601795,59.6617919201815,61.018732866763,38.0568150658582,-0.453252633983652,-1.60223075773342,-1.23582293132893,53.7961580575573,60.4853275647102,55.7895947528099,5.86259637618434,60.5609761129351,56.7592525673323,57.2167137189643,59.6545436830454,53.8667075292716,6.35164069217257,-1.87867551574629,-2.03846827672743,60.3681632715447,59.2507564364948,49.1109293188774,4.60470854131046,56.5671425226446,57.9356600447604,55.050852523356,58.3617878780938,36.2807339488965,9.79125172784183,-1.62122572219226,-1.13912044884529
,75.5,59.4552069882674,55.4867631305934,56.629059473899,7.25199542446961,59.4886167949714,63.4997517517952,56.5590091453257,56.4848616179565,59.117792474222,5.55179424669109,59.9010185256791,56.0978764074005,58.2062409166331,55.3922813982153,50.360438416968,58.4473174604065,60.1293029159667,61.4878896403292,56.7638951613274,57.5165011043712,55.2214413644911,1.1315665675499,9.12125314259367,58.7759744137314,58.2220919866951,14.8240892784993,57.5590355005251,5.77248329108608,61.4873075561246,25.0352961344364,57.763291168799,57.0829479290969,43.7094904677768,54.3616718642779,-1.05664776912045,-1.84086726319458,62.2889364433431,2.93316486009019,6.58332234163339,57.6257662131585,60.2137619848605,43.3979057012472,57.1052534885965,7.18832934033298,60.0043998977189,1.21133060523795,-2.09927649889079,-1.79271908283715,62.5198614563218,57.1903523299266,58.7881637102216,6.11061601199134,60.3382784348926,62.7658588297912,60.7443759763295,62.8086651181767,61.0528801303707,55.6727090913048,-1.28107504957143,-1.07955409159666,65.3576670131396,56.2275202695201,52.6057764255189,4.38039099945797,57.8730128149011,59.4852662979999,60.3727382424041,61.3343013885408,37.888734518536,-0.41255781540724,-1.6379596563778,-0.983323342634947,53.7617553861016,61.9833983980739,57.0303948437497,5.72377864339558,62.3876470905668,58.0192059275078,58.5694669857486,60.9107400158017,55.4502917415894,5.78193231399058,-1.95679531744599,-2.01613799917317,60.5036485962768,60.7276964471698,50.147226729107,3.84875816651726,57.9700890712678,60.3541991611231,56.0444250004522,59.644741235855,36.6466614248877,9.41218871060727,-1.54631590828302,-1.45453230759188
,76,59.1058037445639,57.0475250274947,57.7608954689706,6.8720900864721,60.6089291238219,63.8889872684917,56.7150729218351,56.8198633906188,59.9975045653672,5.25735593237926,61.2109654319465,56.4576196566029,57.5261105568272,56.5498906648043,50.2665528322813,58.9638162710987,61.8079441242824,62.9973043809289,57.7922641017319,58.5359923847711,55.3195068589479,0.66163318537798,8.72748527036151,59.5809888240809,58.1073087428362,14.402687498739,58.3484706345303,5.55051724186785,63.3741372782458,24.5817587051785,58.7294582964767,58.0745216688329,44.7134244254969,55.6728423334182,-1.21604862589379,-1.4078738598169,62.0073227652355,2.78316906550646,6.72168167369244,58.3649377981666,61.8796238955,43.2113982872199,57.7877618513023,6.40022169838483,61.0642551624588,0.912155899593529,-1.96536673344281,-1.6887892654965,62.7612024296391,59.0195623792597,59.2412309733439,5.30684658773077,61.7081195303074,63.1264919287086,62.6060283150904,63.5436969392073,62.698136888986,56.8827430643277,-1.47618395973552,-1.18891536789801,65.3124959174409,57.8533992609583,52.7424794359735,4.36667797074358,58.7017659343577,62.189578799324,61.0983466960345,62.1062290418023,37.2277998257745,-0.332086930318496,-1.58966178519188,-0.735252150956569,55.7321956545095,64.0812651737141,58.1554465545869,5.32927859048118,64.1670303552534,59.8368601232878,59.5611044625896,61.4738697620672,56.8106971538207,5.28134853099817,-1.93094113368153,-2.01307588606062,60.7339071203378,62.0303318760072,50.9429912170858,3.90096940318466,59.4744786029145,62.4567296536693,57.3369035179417,61.4439629102144,36.5622729996231,9.18352528748648,-1.57540755334077,-1.63888550326766
,76.5,59.2464228789296,58.3239324139789,58.8976776872397,6.33315119824732,61.9080923969062,64.6072309561132,57.5302349966038,57.3615925280396,61.1003286388028,4.86341449871634,62.9887031681728,57.2869563537457,56.647197718047,57.2038330897992,51.2328869213961,60.1190114017404,63.3584115842237,64.5234943535677,59.0354548263817,59.8417950683895,55.4917037548029,0.448355848876304,8.24365406859772,60.1018601371436,58.0042914870809,13.6324396264129,58.6736591055765,5.49186988876403,65.4263597948371,24.0723500426192,60.4126935117528,59.151802109032,46.5100736445632,56.9354440158381,-1.09746457843113,-1.23601519436755,61.3019258884176,2.43927013006385,6.24878198242095,59.0547989840686,63.5442148169046,43.2307403343238,58.8639639979428,6.15770133224294,61.4810385213937,0.907842730723189,-1.62650731222334,-1.7071528785724,63.0481151322286,61.1171421176023,60.151938722391,5.39341155176294,62.7908162520575,64.5213495539175,64.4717294632705,64.365256089038,63.9788328173145,58.2042382586806,-1.82071831083118,-1.50806522846358,65.3680527339603,59.2362624507211,54.1277807678501,4.59152796747799,59.2806051355705,64.0479004872544,62.4798686246912,62.9605560031799,37.3004303770288,-0.277664378202019,-1.35382042953347,-0.893369626333765,57.8803251279423,66.3897373853554,58.9639456898059,5.41152702906373,65.6351778382103,61.3496076848184,61.2663113559524,62.9722118686218,58.1863998738968,5.28102353783248,-2.06594493895579,-1.76623652357551,60.3024974041252,63.4219660013464,51.0806295752236,3.86675412947574,61.0512775013086,64.1790081619425,58.4572412965712,62.8630026053197,36.8857674913386,9.05645574228015,-1.29681084475453,-2.11490025629092
,77,58.8377068964305,59.4768679589837,60.01592507423,6.37976892888099,63.1120686924354,65.5481181001276,58.5510632376457,59.0700326260134,61.9642528409216,4.3834415831347,64.4691450166783,58.427023693032,55.9904889377671,58.2869228364495,52.2140839774227,61.6448412381848,64.2926254731061,66.1916194330386,59.9512330903004,61.6009900855945,56.3859757957747,0.612785234836281,8.00366106954101,60.8084748191621,58.1773198714129,12.5424446474068,59.4984918863995,5.04368512093913,67.3591383798343,23.8056627936437,62.3154605078307,60.3532331052123,48.944176084517,57.8478640614014,-1.07208379852966,-1.06367314586663,60.6709826583623,1.77541405584805,5.85012722103073,59.567603444227,65.9179709854,43.5849168760026,59.5962959471561,6.31155751767346,61.8966114889272,0.974892949555226,-1.49814828577075,-1.54026562167985,63.4982618603607,63.116966420782,61.3058889506401,5.4968151476703,63.779031103934,66.1191313600436,66.3748456904491,65.182517726071,65.6308693805298,59.0418335961391,-2.12498213624224,-1.33498513394892,65.3011359446306,61.4443298397732,55.2323263664803,4.58496287660938,60.685772723941,65.7074492067439,64.3502854847222,63.9027898684211,37.7922562463835,-0.319808482793235,-1.32053796938749,-1.31554416152795,59.8963010495593,68.8746150302195,60.2614911215622,5.22814863930893,67.3785739157343,62.5950055303905,63.0406870634071,64.7792503896113,59.6206562060886,5.28644335975014,-2.01306217632936,-1.74235727557141,59.8854580781862,65.0970708579625,51.4271457080382,3.37169253858013,62.6554893818776,66.4438536431643,59.4280848471229,63.9465194699667,37.2539093754664,9.12547411253564,-0.730242283611858,-1.91855113889818
,77.5,58.2483442216239,61.0162525162251,61.6907664991511,6.31182467695947,64.887444017294,66.0805288678691,59.4593425453933,60.9403831126278,62.6318893973082,4.01681436958262,65.2930290658635,58.8262644696467,55.7961054410985,59.4065855502287,52.356859508148,62.7629417862082,65.8531516421241,67.9503019430301,61.7513183699108,63.3406999981697,56.4560339702751,0.400476738091015,8.16286421417612,61.7839479878321,58.4370034149877,12.0944829531555,60.5927380823415,4.77601302155028,69.6261972606267,24.0074138302483,63.6452935447226,61.6502699904842,51.4530713023564,59.3375439907762,-1.26579764777841,-0.799821581583387,60.8495261067937,1.65933386575193,5.56707128442827,60.1398810375746,68.3009795907986,43.6033229199978,60.2108518883675,6.30038603152036,62.4755035834829,0.849122472740589,-1.52575230903796,-1.25795527833327,63.61698891738,64.8508243287771,62.1935566698925,5.35721588760339,65.0688105901227,67.3581249134457,68.2667674794105,66.0174929607903,68.0996733592932,59.4124198213693,-2.23142096106307,-1.29626555569445,65.2652816636073,63.5368397828695,55.8617242086219,4.14387405253945,61.8990875419437,67.4569662439965,65.6325830063457,65.0492754692559,37.6235876061244,-0.317415950908185,-1.31371975168162,-1.78055457959641,61.9511238190315,71.3973812959177,61.370777050146,4.47861768939714,69.074500470022,64.0306953848831,64.0508293321262,65.995850582605,61.2627616220141,4.64463155056279,-1.65796959754158,-1.93119880968067,59.877889204769,66.7928793702513,52.2003315273571,3.56559054890408,64.0112186626507,68.8323425329642,61.0496312609158,65.2107723369433,37.561728848278,9.42188125714711,-0.545496712411421,-1.40485508990798
,78,58.0663924788041,62.2137294411837,63.7314000747198,5.67334007496305,67.0360980392264,66.7977258120877,60.6157057816471,62.4101329707265,63.5476092085968,3.95403985773368,67.1136280013865,58.8156845110245,55.3827411409471,60.4521772839428,53.2114207606941,64.2408552214021,68.2036956443237,69.6910729246822,64.2232486097043,65.0256523075961,56.9125123003605,0.298513727711395,7.82701412596566,62.2828345108973,58.3763635272887,11.8553824026939,61.4497547551804,5.01156086764189,72.0756729882411,23.885909797645,64.9834353128442,62.9758675077563,53.7250278446479,60.8815755158332,-1.59657965330223,-1.01521071201762,61.0623424057276,1.39727401539983,4.81992665819416,60.8209670203585,70.4643130255536,44.3360948420884,61.8854063395893,6.18273233173056,62.9658881758075,0.553186680903877,-1.37618698744404,-1.20910845272709,63.6987370292375,66.895421700556,62.8831177957885,5.43711702423661,66.2654755713351,69.398395323619,69.8596455503127,67.284702442951,70.4078065452302,60.0413151273926,-2.32265680720741,-1.33597904224882,65.5725493300355,65.4087109469804,56.9968393626513,3.58215429424615,63.4411175629763,69.0470430990341,67.3713677491296,66.3312643055625,37.9608216937062,-0.297738247080076,-1.14233636336752,-1.9254532750416,63.3889868088365,73.6505225091113,62.3475827300033,4.59047616815803,70.7668147947901,66.1585766951922,65.5183801412044,67.7093299426258,63.911886764563,4.36273129128801,-1.41245089449137,-1.69864344533909,59.8050483859254,67.9758638682246,52.7893740790545,3.6672536736985,65.6658260735059,70.3839589874981,62.3642447002933,66.9232196641259,38.2949260235777,9.68487218389237,-0.762581848252523,-1.53649283886779
,78.5,57.9669287664568,63.4390450434147,65.7135065766356,5.52842257025077,69.1702846137688,68.0619360653507,61.9451435514682,64.5679361520141,64.4627158755586,3.90123274048506,69.3221679288802,59.3938170325443,55.4853166070875,62.2257789271118,54.7854752073411,66.3847275826641,70.1003665402505,71.4993116390715,66.6953556003102,67.4804872020459,59.3256419092263,0.267794747201663,7.52528385083815,62.9680103271916,57.9569899052894,11.1088540399373,63.1436476512449,4.90966317893981,74.6368301794363,23.3810945381277,66.5621586197158,64.448528518357,56.3554212256195,62.0465678764548,-1.89127608574501,-1.44937692742093,60.6773669175432,1.09926241821472,4.38602556669935,61.2968143340477,72.8482531920972,46.8413941294617,63.5522510956947,6.26864582091508,64.0885474264911,0.689159405452813,-1.23849573681184,-1.18640780237331,63.8280985985397,69.1913039258806,64.0642192264617,5.48280283580311,67.6286399072907,72.1071210327692,71.13174890121,69.2711196866499,72.6252688593394,60.7699610737247,-2.05338795781273,-1.12484084079227,65.9346106926316,67.6995279121069,58.0061289341819,3.03255517712489,66.5632228605748,70.9800680828054,69.6140527394761,67.5988531019971,38.5609327829565,-0.0331976060635384,-1.15596313949351,-1.84157118032539,63.3939139871287,76.7793272917927,64.059127780928,4.66295364586171,73.0637128011617,68.403773630279,67.5994706802297,70.3473516737971,66.6898966464565,4.10112428016743,-0.960959277360985,-1.41497898980089,59.455181037715,69.4013511390125,53.9050713958045,3.19594494977582,68.1375132201639,72.2896381395257,63.8449873381597,68.6684074237946,39.2190773292401,9.71044427020797,-0.803778064650999,-1.37970688789784
,79,57.9968545716461,65.0648939766456,68.0748317825697,5.0448352733822,71.9947696075549,69.4987741654351,63.1217437301136,67.2915396598646,65.4428835010542,4.05112079202485,71.1426073618693,59.5962675479242,56.1457618835429,64.2145874971255,55.6665634484419,67.9955807559882,72.3251428909369,73.6593398049138,69.6048828349471,70.3806314248338,62.0212389865807,0.0856774448394049,7.16935492094257,63.9239839239532,57.7780574193257,9.86305233059159,65.444469486059,4.7547393659537,77.5502947138044,23.3279427080658,68.0319220774009,66.0435482170765,58.8818308517002,63.6025583233501,-2.14729967070014,-1.40041684270471,60.6252848946468,1.24404007258727,4.5307896775837,62.1924494705165,75.835758656435,50.2756917170225,65.1013413883907,6.134791058791,65.4678724346427,0.769635305931558,-1.10240613251023,-1.1787746985716,63.423475493755,71.8091084601612,65.4771770866797,5.18964021655228,69.2673562527087,74.4776769661278,72.7644709213785,72.3632761374053,75.6140143227233,62.0599659512068,-1.39845185341989,-0.929371446133587,65.840276319936,70.5582635089468,58.7506513736597,2.38802770301913,70.8700173860453,73.7148189311638,71.2932682520384,69.1222561427674,38.1521378173483,0.334961579659137,-1.31040210161046,-1.81289413643373,63.0694104746436,80.3431863688351,66.1441874164245,3.98310447241806,75.6250865460082,70.7167654529932,69.5076133675868,73.0603029009122,69.7694005124031,3.49947536290983,-0.533322214623183,-1.63621619279769,59.2307185710447,70.958278454205,55.2306950177622,2.85012305477858,71.227322017797,74.6020509023618,65.5625866335156,70.5379482671701,40.4089376826153,9.63366917574342,-1.17610671216715,-1.07922209522991
,79.5,58.0904775620781,67.0490658685312,70.5194330336923,4.27470796318391,75.8459835523807,70.7101322944925,64.4198983592166,69.6580848945193,67.0699249790709,4.14630584577714,74.2681950474148,59.3845550137099,56.7417327290918,66.2932533571581,57.1916569614632,69.8065973502626,75.4353682594158,76.047536692893,73.015848392507,73.517145849339,65.039601091065,-0.0200260040255102,6.06222733950921,64.4975353436649,57.8993949145611,9.2451090423001,67.6835328671939,4.70803001890079,80.2463014106635,22.8066853152704,69.8335417085326,67.6053606835529,60.9465692635922,65.6793549678082,-2.14284318408448,-1.53502113177467,60.8069173638544,1.34034810982632,4.37572682755183,63.3798755978328,79.2301508469545,53.4466763254346,67.331677925497,5.81643644475639,67.2233764584244,0.34722177816559,-0.929870201581878,-1.21890301234919,62.6076680212964,75.5237823028472,66.7971059194849,4.88533082135831,71.2410711871584,77.2729530666767,75.1735994830052,77.4844451140141,78.9684985363158,63.6922917023087,-1.08757651241979,-1.321720716431,65.9826258539966,73.6271896868323,60.0038354207269,1.96023316143157,75.4297455686796,77.3508429761496,73.4774299603686,71.2435295853263,37.5112628133425,0.0074410049298308,-1.1423926149813,-1.55644183310335,62.9592013344123,84.0288036266904,68.0293028237727,4.08118669879678,78.1712544067204,73.7396005320122,71.5419680773363,76.1558005745334,73.8166817669671,3.09877550965143,-0.674880458379505,-1.51551750425472,59.1517316888786,72.5376642460636,56.5105298290209,2.827957624421,74.4580544977393,76.991245095615,67.0358389692389,73.4794410337853,41.7137535627113,9.57481880203721,-1.96754704978008,-1.61013863828464
,80,57.531265773319,69.4462757080012,73.0434631992921,4.22034813060895,80.1681590705086,72.4351501352105,66.115959802216,72.6945893510112,69.4589405983018,4.05125696493479,78.6058102283077,60.0325817065429,57.5318112919933,69.340276480023,59.529764703419,71.9033141289998,78.4533959142163,78.7963661445734,76.200745612944,77.8818701466304,69.7181688916376,-0.420717357538535,4.80858875986877,65.0416967013437,57.7242898214504,9.00683540957107,70.1575716889631,4.08222668737216,83.1507559640871,21.5234945900374,72.3663148553555,69.6610712352284,63.8460637895204,67.4809069544353,-1.80932067987618,-1.88786454515736,60.0927104170482,1.11107070867826,3.78034173236961,64.4888077118771,83.1041591382996,56.1150242013676,70.1799250927837,5.58567462272839,69.5426764394099,0.186696687582696,-1.02798323772902,-1.16910099481942,62.0995391849951,80.5438594935496,68.4438790482459,4.47616442261602,73.5950326093919,81.0171420568403,77.6682925340975,85.3648604491279,82.5142004760993,65.502571614409,-1.02403729179417,-1.78288494754264,66.5271181595188,77.5671327175035,62.0186909744405,2.13982903389285,79.8174836725907,82.0322431490265,77.092344343631,73.7564570277382,37.1079734389561,-0.380092840304883,-1.36570804687398,-1.41874530815352,62.8225669563294,88.6487200259356,70.4340623529848,4.58876563754626,80.7618983680596,77.4240136434852,74.6808058551682,80.2987995483772,78.3422695972381,3.59721658530566,-0.990523444210737,-1.04939625754542,58.7561796967274,74.7233443545433,58.4271437121347,2.73311873392834,78.0987471205776,79.9702397427216,68.6972301984094,77.4277345319687,43.0916312991679,9.50293144136509,-2.0567078638752,-1.8474212301204
,80.5,57.1751523627109,72.9541044970518,76.0975654625139,4.42951575120617,84.8746461941532,74.9488723558416,67.9962324869064,77.3677818391365,72.220814087037,4.11852393644455,83.0440103116135,61.1673579955301,58.2440174752442,73.3199177392706,62.0835585812083,73.6812633464343,81.8629424505315,82.0804698670543,79.9557912707513,84.5218865321643,75.4076313311457,-0.839105429576136,3.97858722975064,65.8916627866225,57.7544232089143,8.31156506645442,73.7319824066827,3.35607663689939,87.3511705848068,20.5206293883585,75.049408872384,72.8047151767969,67.5094927388768,69.8468424247889,-1.30230386368186,-2.04837864916459,59.3114321343979,1.21342779218372,3.43391609655288,65.8547721993799,87.4347376672546,57.6560281994757,72.8895536880322,5.65084993926024,72.2194991306659,0.522950583563329,-1.33288912519959,-0.98885947776165,61.5546441304966,86.5517810285937,70.6874670024707,4.21504941091212,76.6804734980096,84.9078116664397,81.223507321063,95.0104537177759,87.4315208931781,67.6397727559016,-1.16356836289253,-1.79511036703599,66.2773916316797,82.408507446543,64.0342086204752,2.33285178523403,84.9174087977697,87.2292126880783,80.5093463693843,76.3324632559194,36.4514349114311,-0.38941514050515,-1.85715080929498,-1.67233060445704,62.0473168063747,94.6538115517791,73.4675336080993,4.27256902743147,83.9941588315467,81.5545710970758,78.0107899451465,84.8828704181407,82.8295438829907,3.78518662594161,-1.2595988301162,-0.782687708761216,58.8811071517327,78.0285111433342,60.9789961901788,2.52534512861729,82.6395414947023,84.1943911785563,71.3965532993936,82.1223825784328,44.5453152171243,9.39845881025025,-1.81714777815785,-1.67135392891089
,81,56.9289807474984,77.7124282533184,79.7415457618579,4.13131475484835,90.5465057786209,78.2081295875471,69.9963344932911,83.2364921266693,75.8579806867767,4.47025957574937,88.6560010752617,62.5584064862093,58.5315418999783,77.6280726889912,65.1269829699195,76.2395479523365,86.5652994845785,85.8137858438045,84.7729474977558,91.7601852249153,81.5176983129672,-0.583678177764966,3.00107964097111,67.5540412957558,58.9875154305768,7.65550668072086,77.7343675396321,2.68064506520648,91.9717302833976,19.7633750154681,78.574761843372,77.1819893029086,71.3948335599863,73.4254279526433,-0.893517285550899,-2.10515617190123,58.9867327946487,1.44393784150202,3.18483301503966,67.4493413857746,92.8459019780576,55.9208377350911,76.4136375374441,5.52194096139846,75.0456356112071,0.60595394108833,-1.5325905954611,-1.10851225468872,60.6378210080468,93.8646980609127,73.2173168698222,4.0240964080885,80.6752276899051,88.9844872210494,86.4586025967914,104.683769201609,93.3663745764997,70.1042365626887,-1.28135057296703,-1.87044323824961,65.7211185280613,88.2769579155682,66.7827906281716,2.21498966358706,90.5884807980925,93.1996432667353,84.0717811378609,79.1268306839684,35.8565020551733,-0.779548290234629,-2.0527928116004,-1.82302296061681,61.502354651169,101.224553379021,77.0038414388986,4.34544725568293,88.1922977258507,86.3074051200549,81.7256322406591,90.1051473546303,89.0516814496598,3.60599954370247,-1.72639935516662,-0.658647907807165,58.5403412528099,82.0869919981275,64.3566663355508,2.37166725312898,87.8116085656065,89.4273382280992,74.8328064409202,87.9844458630844,46.384077982803,9.56826762262011,-1.73517663551394,-1.77830638658435
,81.5,56.7763906347749,83.6320242733453,84.626588168182,4.5080574731673,96.8108062405582,82.1674910796437,73.152465622382,90.3082074461192,80.435191105723,4.46275489420776,96.1171646845933,66.022223673576,58.9055615603808,83.3667613849716,69.324334583285,80.072283995641,91.9858426539973,90.5801693699228,90.4788042039935,99.8969174611773,89.0999080503608,-0.304433625635852,2.63007822367808,70.8112605505517,61.64807418572,7.82225700119261,83.4400113598132,1.97221916857819,97.7927300451186,18.7483954688796,82.9107919541664,82.853551510903,76.2736555462136,77.9140363370565,-0.675175467031011,-2.25805293967682,58.6282981516565,1.33264786580577,2.81494611608628,68.9664888177108,99.279385290907,52.6468367035588,81.2457563843211,5.3238924310653,78.8614006952567,0.456344220616415,-1.58625361481205,-0.985143101000119,60.300619411569,102.88053081386,75.9971697273011,3.73079444169429,86.1298353394507,94.4389519673288,92.4824385207155,114.236668550143,100.29445553349,72.8870289020985,-1.40409636252383,-1.89671725528723,66.1150487627607,95.7716316273107,70.6098674182778,2.17280606433502,96.5261033463565,100.653649702701,90.0778464744106,82.7627507055594,36.7771086918804,-1.2602280557565,-2.23722678047005,-1.57408751743185,61.4624309756105,109.262249564936,81.691008728394,4.78035301315532,93.6148001219876,92.4344379225716,87.1948602247924,96.922939543463,97.9551151122386,3.60686195345585,-2.09102931217814,-0.577213768281297,57.5618914565462,87.2945137132747,69.0584689034841,2.28399990550065,93.8792631935705,96.3701560907181,80.086733074104,96.0013783820037,49.2094658696183,10.1611312679059,-1.55294365936908,-1.85053223543088
,82,57.6494871860544,90.8915308657251,91.178692096287,4.86683376479044,104.164119621498,87.7835208887296,78.8927513026032,99.9476469912427,86.8608503879094,4.41792431155523,104.568838524402,73.0635751036398,59.6783370488836,91.7960938398595,75.0131025898403,85.0827654395185,98.5736932079433,96.9826999681496,98.0395073362993,111.173923179535,99.0796214868491,-0.426633682777208,3.51354877626517,77.0565496285612,65.8572136599279,7.68274049848446,93.5278217762026,1.6785611783875,106.872765531367,18.2049555796363,89.7342551566059,91.5350213010377,82.9494192808124,84.1984038561474,-0.3577654640589,-2.17735136711627,58.7944381767603,1.10990202650629,2.8722514908012,71.7945121715803,108.014357097287,51.1997771441131,87.7100986369799,5.23330389050238,85.0165003576427,0.769999980694251,-1.48508307294821,-0.78036396124736,60.8501917496162,113.556949653952,80.1564610862443,3.26684728297704,93.157167486183,101.797131905619,99.3118442693029,123.803453176017,109.285748667283,77.8081850167364,-1.65507665713665,-1.51688846643486,66.7616360644761,106.062490575577,76.0506670935806,2.34530082230401,104.751040325009,110.233548312204,100.531006644487,89.3941728081093,39.6126144123489,-0.790089280501945,-2.42764837433077,-1.57094976977004,61.7628098846762,119.553128847468,88.2772636516214,4.26909798196067,100.969465408135,100.429829069651,95.9672615641888,107.121077639479,110.063984020991,3.39600769678816,-1.98900715606862,-0.561926416698327,56.9602658310621,94.1382412277443,75.2283537939472,2.07808510566122,102.138834052132,105.406667804952,88.5139412524954,106.135132031956,53.8218787834121,10.7873457343966,-1.45886905025185,-1.52827212851872
,82.5,61.6709068366156,104.067187533865,101.155714611485,4.47812187195194,116.959454414123,95.7116966164369,93.4622254069852,114.072376727787,97.7884361103237,4.51735019662959,116.651997738201,85.3183430643403,62.4953146078524,105.794413918292,84.0790041331641,93.1940114593309,108.805185047552,108.35871759704,111.16347845536,130.213460213005,113.09877231983,-0.123707370392651,4.13835161569341,90.0675984537183,74.0388902945284,6.51642428311266,110.542333770267,1.72369186140185,122.387034061696,18.3499598258161,106.686006064547,107.197428677913,92.8612128065369,93.6896919527172,-0.643113309501643,-2.0225479695103,61.4402750827273,0.772809558001654,2.99578822796218,77.2091334620694,125.375931928514,50.9723553162758,99.0912069477341,4.63935605378805,96.0222429655613,1.07752334314813,-1.44072199201236,-1.23485617172645,62.7886702779829,129.39027793399,86.5048400173182,3.35442003052725,102.109658938386,116.05331035451,110.09398071524,139.032029545352,121.956281742956,85.4115436579846,-1.753698561877,-1.18061187132406,68.3568447078911,122.5833033458,85.178624117775,2.04098315067949,121.940349092934,126.2077070216,124.212707431319,110.160420360315,44.0988812881394,-0.739199666400793,-1.89000992481908,-1.6123268138175,63.3481981551794,132.71059183875,99.0127152411897,3.55081671072043,113.195930998595,116.641449226343,113.504443492225,128.918230146228,128.733124118477,2.60419030049547,-1.81189526182254,-1.08872189941997,57.3772835326449,104.563364206463,84.8630162292254,1.71114239692309,117.432751312088,117.742144849677,102.605103299901,120.015657160449,61.5287823599278,12.1858969381134,-1.83545619419937,-1.15362287327264
,83,78.3396993397522,134.549217509796,123.883207637901,3.86400132648231,144.321193839744,106.101375450932,131.715515135828,139.715509683411,124.187534308813,4.47695934603792,139.287999567445,105.400478632572,77.8263862298448,137.256279243742,108.728732918516,110.365643837672,126.722745360189,130.459631036436,134.611608881434,167.152729132289,141.816670668233,0.089686041989296,4.44380828075441,115.67428179275,96.2181784138911,5.81142413057916,142.991694940262,1.60760754075784,151.27750444682,19.4738502103809,143.795091919158,135.694791319202,115.09921075789,119.326133693401,-1.07730903308664,-1.61016301845655,75.2571604673918,0.376416821434134,2.91332030253625,100.255950848116,162.274821171324,50.6274364796294,122.439613453181,3.5894045480552,127.109312907712,0.911187930614574,-1.41453470403968,-1.87186566469694,75.2578689215341,159.528901545171,96.9851699915214,3.13547963825749,115.075264719336,146.315771041683,132.145709831205,174.520708016524,146.486497352858,109.402238684564,-1.51800937495392,-1.194870007936,81.3134657576871,154.91102920021,109.880001841118,1.4737657440333,155.719347850608,153.720402014575,172.663668588172,162.710676042441,50.7019488103792,-1.01693964571172,-1.34048069543684,-1.26194940598486,74.2638051867514,151.283370956378,126.823926301714,3.29821804719808,133.34639873997,148.018362457916,147.571685933191,174.65316868128,162.459956457631,1.74501208738621,-1.69047023002094,-1.9481539153233,64.3475210348913,130.343528534973,108.646142990792,1.60693870410796,148.413677928275,136.889110725685,127.869438577255,142.98522365585,82.429685923986,14.8147604587924,-1.95741852650474,-1.15677454626149
,83.5,119.198419860788,179.018712292214,163.86026395396,3.47446132409101,182.837121035096,120.733785251158,189.016087887995,177.222289160904,176.027168235927,4.57491113821357,170.05454372299,133.446492751088,113.208452103475,185.831869378777,153.448982673437,142.011574565732,151.663231118111,163.527101877537,165.034023384988,218.123745021034,191.305670685206,-0.319148982223794,4.58227272549203,154.489485709866,139.434051393794,5.46294193592195,194.392671866738,1.88759859597434,190.814343738284,21.6377168673654,194.200107479183,175.480052136015,153.406834631016,168.810348098869,-1.06822861512109,-1.20507941489871,108.826288829572,-0.0410339707947287,2.49186858975429,154.197190874156,212.021526042567,51.6746865591036,155.45960854203,2.73813787771422,187.169041805246,0.424164175198882,-1.45443452525575,-2.00900929165692,108.39709624025,201.554502845831,113.149355481064,2.48625376218456,132.869472793085,187.980882171083,163.354583982694,229.001825124106,190.171658907247,159.48136846397,-1.58544995506458,-1.19166697985986,117.115239330557,200.21509936386,154.761253308984,1.3737440314431,200.058494318779,188.928489232549,236.112375966685,236.684082239538,59.9013116877333,-0.911223107115234,-1.39719092520244,-1.56464424342124,105.327460263672,176.327695107345,180.903176390594,2.69397900682367,159.979126721259,188.506251363529,192.52879163049,236.396125277678,214.028823855053,1.40589508290475,-1.56152531707784,-2.40703646474896,91.3423844757648,170.635514779433,153.788404007075,1.68410941353966,190.46880649278,162.204916155437,160.828753517206,175.609159049558,116.615503505269,17.8831986122311,-2.08649035365471,-1.18667703370477
,84,177.393886441644,227.50873904389,211.74016403338,2.95706762107017,223.559150207835,140.699173663633,250.891237325711,219.225392323902,241.877609432685,4.81087418643534,203.4402452687,170.209680918235,163.053397389898,240.015329162025,205.437478609326,184.012599420616,180.342280667254,202.653766087802,197.172668502713,270.581874912858,249.747935465408,-0.664432512153496,4.10288728627478,206.766410120064,194.392870985921,4.68492782593171,253.754291246983,2.09852476630942,232.582201362563,23.8407507922363,246.79970449289,221.076038783311,198.300327313992,228.393723541042,-1.09712798837825,-1.19923846833979,157.50091707784,-0.241481443524663,2.01649675205601,224.878219707513,262.361390682992,52.0016384261145,191.47479832596,1.89971139567928,257.891584606193,0.276901069930432,-1.79668580057427,-2.26987227085954,157.501572198704,246.657167863271,134.187299370701,2.33614430968777,154.552526403322,232.271326105288,196.595964511177,289.161848599143,244.226012580513,220.501465661031,-1.88410852904161,-1.37035386048927,171.070580592446,247.786587327226,208.370437496972,1.39774660619094,246.459815094918,226.194482957991,299.351124638353,312.329109714497,68.837834946008,-0.951417535017242,-1.36240786825221,-2.10101315134636,153.280359897699,204.606640760768,246.504965976126,2.02434328654454,190.656068557908,230.619015480914,239.094025620059,299.714530153556,271.127934140117,1.13039002181426,-1.47442208528531,-2.42453844659565,136.745478634624,215.440668991734,208.507606994919,1.72563395025088,233.614484502362,190.100599241252,195.56209212126,213.322554775919,152.046897364999,20.7637369434342,-1.83463198842213,-0.925345944337835
,84.5,241.502605741592,276.495063449123,263.213825603116,2.37358409637227,264.031771285636,164.311542831285,310.972843524704,258.509911073847,305.36143698205,4.8903017155767,237.399392954047,216.031370072155,224.406154644003,292.318731691503,255.057562962453,226.690970951289,209.779224054168,243.883948637567,228.525609983662,317.006602253856,304.614440255182,-0.686810328798913,3.10022335996609,271.303880066963,251.739434938106,4.31774457296342,308.003089939874,1.75773220638729,272.439519945078,25.6301381754715,296.95490949685,268.188488762178,240.771165913451,285.655696687928,-1.66578925523487,-1.36971474720752,217.567311746205,-0.301184176410288,1.72099663206211,297.253253547984,310.264578433271,48.3351510617433,227.317325542164,1.25288909224332,323.482736927575,0.000660053579736086,-2.14140064287068,-2.35950653683022,218.138820150725,290.607489713881,158.641410535403,2.43698714598145,177.353714598436,276.950398360434,230.532263574735,344.841897891725,296.46844014638,279.003967104372,-1.5086018069677,-1.70242377523613,238.109772819386,292.975651319117,263.665782712287,1.13107217401489,291.640715268024,262.304788393246,354.504267419035,382.128158219806,74.5972156538571,-1.23604764587265,-1.44037525752225,-2.086628153052,213.302991908646,230.851823108227,309.141546231505,1.87309538746064,222.063122675642,271.026123775509,283.062347843264,356.737353433212,321.149915731538,0.854200709959855,-1.55564892471961,-2.55663162568891,193.435663844364,262.445521785688,261.559686509322,1.79852552210627,274.531177162998,218.378335411905,231.444386636084,250.793831009605,183.761063386758,23.2796224229926,-1.11930969723136,-0.951958155106809
,85,304.470881039007,311.583316313819,311.577226851861,1.79673730068561,292.93402182525,186.408422719075,353.23663611888,285.090324679257,357.706120455694,4.75917714345729,263.9122630641,262.849434043601,294.376616600737,329.651323681945,296.154023933307,262.547076852114,232.881074640914,276.172657795816,250.241073298666,342.836308866815,347.471105029719,-1.0512690251727,2.4033561104373,331.755969014118,306.25285532632,4.45653407757283,347.245679183478,1.34759988565406,298.50346200997,26.6568172000701,328.251751827397,304.922940650827,273.586032294115,334.229926822958,-1.7382998164004,-1.26551368287392,286.921446399653,-0.287091319255978,1.556125439786,364.565583407706,339.653843984887,42.4588540070741,254.417324027797,1.13295102167859,377.498493461882,-0.654969860558936,-1.87404983711383,-2.0768076704752,290.399470080131,320.878442599473,184.41719611867,1.80682633641419,196.944018970092,307.698124251347,257.133023219841,377.757149208905,338.78153476503,330.615884457603,-1.42564367678261,-1.84485880342766,318.274513171177,323.472605117099,313.683745141405,0.82153370596194,321.675350520529,285.174931652857,380.124443448774,420.839048242325,76.700301154041,-1.11251621801426,-2.09215922534975,-1.72385442138773,285.869084497854,248.964251344943,361.913713109771,1.79576294677298,246.514739671108,293.906250146524,310.833465673039,385.965946126868,355.029554945419,0.74642013131097,-1.83064479035704,-2.34141732773134,264.759388075384,302.126568715774,307.210828074579,1.53704027579755,300.695733694887,241.037531699384,261.013307567317,278.953444943324,207.011796730864,23.908532701314,-0.711224122792942,-1.6035770255184
,85.5,341.871848075633,307.078321130216,331.294796860485,1.43665710757591,289.944002156819,201.857287700473,347.428854823855,281.279001336877,374.943294366693,4.288096597486,267.165471230317,299.173110701211,343.980568291235,326.691426066825,303.112587946731,277.425434237371,240.830063907831,284.493565139146,250.42090694923,324.522989887156,354.291449493264,-1.21992329382181,1.97581345115555,365.642301516725,333.179349204981,4.42175489244522,351.480405864607,1.16195787165401,292.900829063257,25.1194684018555,318.725994700282,312.780803099225,277.266631250633,345.672782985317,-1.56524060259761,-1.37601787580974,338.330425202588,-0.247850837121177,1.35972906476405,392.579883196806,325.951480895511,35.5249614418041,256.900586406545,1.18289133420694,387.626760136238,-1.18342709232741,-1.517164247837,-1.76208288468263,347.38312707144,316.606544555563,202.190782291762,1.17400046078939,206.977072218332,303.516049067485,259.345240001657,361.942270441663,350.485784360142,345.366290830801,-1.63859063395699,-1.83428624719062,382.971087426008,317.190670952364,330.562831939273,0.666134536118079,316.849245519628,282.104338179993,352.854172239419,392.195822575843,73.4009407631398,-0.940783672217947,-2.44959141971242,-1.39973231057587,346.169734834687,250.245796867209,376.275251909919,1.62499488144607,254.483836291918,283.03247015619,305.851072751341,361.871207320264,353.666897052606,0.916096497175886,-2.03724975217386,-1.68278649847269,329.234047567409,307.414633418582,321.60981417672,1.03934769596793,290.667398248133,248.727651041994,271.524358153809,283.913963306803,201.384457158978,21.3002829171663,-0.88615077647512,-1.94157490012014
,86,328.370731367462,267.450669878097,311.299383396598,1.08516546819288,259.929238403825,205.276155023893,300.276968113789,245.243348151421,335.331863946067,3.13912895030739,247.512217580937,317.293432100127,350.766189584349,284.174986909835,265.34677297178,256.982846341999,232.553020401652,266.583936845842,232.432785985395,270.787515294338,311.533580956162,-1.13545102226146,1.69315827098654,366.366982454991,313.342846224987,4.42911560344896,312.418849295571,0.814718753739214,261.540972848524,21.1761489124541,278.267938664874,291.05169789457,243.219686416261,303.814448085847,-2.13732123853862,-1.76434784074945,347.829504156591,-0.161546146757246,1.47155817522105,355.247904229169,280.403954429815,27.8945487264667,235.368840540034,1.40254015863252,335.890189678478,-1.45026826944894,-1.71570452481996,-1.54211391696998,360.992125670482,280.597856352108,203.847282069354,1.24377065105915,202.538949843342,271.575683699739,238.269474538653,303.189910928317,316.110864017293,303.710902936468,-1.53848070595188,-1.92408552566923,399.756581234844,278.184759134564,302.108295315955,0.41564420405922,285.635694625173,258.035342518503,290.322367129009,316.459726333632,63.5476803076429,-1.20609423523257,-2.32607608003099,-0.656320885824812,363.54145268936,230.498999408188,332.275688767565,1.46101508900216,244.394512183047,248.761069241944,275.435472855007,298.972597148277,307.745494682276,0.665424850977445,-2.26414677207896,-1.57368223440278,353.116270742558,278.417184299778,287.728118627686,0.809175916481991,251.976260786353,239.59771142415,265.174621543966,261.892352273624,165.867722544002,16.7712574259674,-1.17756507475355,-2.10794399176797
,86.5,277.385699965958,211.731603592752,268.231353423903,0.728800167294082,218.653918503532,193.010221525785,237.738917724956,191.294564890543,260.726681673748,2.14691426843962,213.931090573881,309.050846566539,325.910919558493,222.504971836837,207.40388858464,209.547652254444,211.066714390609,229.530464926418,203.799933635797,205.613239029862,241.898498771182,-1.23259771861433,1.62733648224906,332.111105472339,262.987580353124,4.43585516924708,248.512989361735,0.693829562081874,217.904175556949,16.9201342808492,227.398776881231,249.925632723413,188.907910947426,234.783527303496,-2.53354142911837,-1.74255720945314,324.607578291047,-0.156081978755424,1.43505395253499,280.331419426751,225.131100684518,21.6603754097294,201.236689381238,1.64760781745514,257.049398938188,-1.67771974951148,-1.78192874765057,-1.45564694561182,339.793088342759,228.447071325166,190.266758199872,0.871013255624234,183.165780619113,226.466566987065,205.319220658605,226.223366178476,251.808530545183,234.198413736804,-1.70594990355482,-1.76509242286278,376.752259612762,225.068273184759,249.682456214148,0.0719387943405536,243.969884014788,220.88740609332,218.683399924166,231.150644747268,49.9190796225733,-1.29232078097886,-2.44227881285548,-0.343191709985774,344.295498894573,193.88830164008,258.045077977481,1.22064785961749,218.799412376035,203.438673490201,233.172861188048,223.312185290077,238.213513223265,0.399867923457691,-2.52970148393217,-2.07925611256377,340.721528015433,233.10500369529,228.130944511849,0.518955141579681,203.599481935143,216.478905721933,247.320107375808,219.399211568923,122.040293641775,11.6936250288773,-1.74304812976283,-2.65642094475413
,87,210.185680624798,145.819157234929,208.522648586815,0.701105652795832,167.811593924615,166.56309226013,167.53001649233,130.483943088429,180.334389549942,1.63833189207594,169.309513086633,270.022220765354,274.627865500841,152.273863056158,145.369962442958,152.280795575995,179.097545669052,179.371022569012,165.989593454662,137.005570557671,166.496939158562,-1.48548045230967,1.35350442285477,261.566152016855,199.636321362368,4.09868673585328,178.399704467725,0.688048295870829,165.079884296638,12.797233858886,169.12386839407,193.267176514751,130.37621931283,160.256287259842,-2.44310750099504,-1.60349974224499,274.77209247219,-0.0787083732261635,0.802113616132829,195.16367195634,161.949882641733,17.447201841593,158.280523514692,1.22443949128871,177.334924001571,-1.65883248445527,-1.6318373831383,-1.82711348441944,291.911845792208,166.218956547472,162.192168732044,0.41870765884147,152.824111320016,169.657577943788,162.255396482197,146.77677447346,178.815276720132,159.995674047704,-2.26035842929963,-1.69796996289671,324.502521296363,163.017963145267,184.993376459931,-0.230215045050159,193.058619175704,173.420039716451,144.348770260147,143.763555932127,35.5917305166732,-1.39664433289624,-2.15769175873555,-0.835744516366674,297.969091764819,148.197359461788,179.97017754929,1.08305373007346,180.979953893007,149.748348082153,182.143395272566,143.760172679645,166.341089198111,0.376570980150348,-2.59713234903677,-2.29314446507027,302.828409380124,174.35151872904,163.590162404059,0.111301535062239,148.03832928967,181.623168016615,215.128674405259,164.563498672258,77.6476326601494,6.44416710941101,-2.33093991690981,-3.00051989466562
,87.5,134.849581665275,84.4062481220574,139.141339715559,0.86189195900414,116.955811047902,132.82076045434,102.525409682526,74.4877515255162,103.473482720635,1.10143668196145,121.209536552543,208.932466448898,197.201564769585,87.987512873242,85.3548960337683,94.7427650990803,143.495769521508,126.747349285525,125.770770003849,78.1224588115928,95.3109540560302,-1.41158631537036,0.836690160712521,175.925450864371,128.626911084915,4.0286753595845,112.893298692361,0.462935197140155,114.374144480114,9.19851768022926,113.484208920699,131.970074245193,75.6619066733006,89.2362606234066,-2.60059463422152,-1.70423409639574,198.798776680651,0.265488977042082,0.518846129224926,109.557896709531,103.879766420753,14.2579003844381,113.004414320311,0.792022864770729,101.288878584277,-1.33016432298342,-2.13891954371269,-2.04540209156323,214.817518864015,107.323704064435,120.512810601012,0.392721914521985,117.381523220908,113.854385007677,116.707234817046,81.1315536413064,107.928902171574,87.8902312360279,-2.18822211388823,-1.82365825985374,239.922783664064,104.351283307696,115.390717173069,-0.350111972679031,141.675602840641,125.309687620348,82.7464269742406,72.2701865927964,22.1043785030163,-1.37603520676424,-1.53393206829071,-1.26638662443924,221.248625244479,102.04902677987,104.308515717445,1.18499960244054,138.226560836838,99.9701131052726,130.726369416497,77.4665460984334,100.680215711967,0.283766313572016,-2.30171087945592,-2.23317479322492,231.240612771533,113.35080535703,98.4314895229343,0.00753867219555104,95.1319696740867,141.374220340421,173.06891528222,108.885301633563,37.7349454634391,2.17971776384013,-2.41974524469646,-2.84870364223485
,88,70.7203856417308,43.4081221051049,82.4585235276897,1.24645220702718,79.1726918921275,98.4326128686189,59.1742574787211,35.3692158053037,44.578740352156,0.414552619490905,80.4368954965232,141.395239094196,121.767078408116,44.4292420388896,42.4872205875729,47.8146494300302,108.218870822906,83.5126503734997,90.03055887607,42.477285934076,43.6257036542092,-1.53809561816905,0.481475766799804,102.225685815775,67.9800509097936,3.93819244265063,64.5089633381473,0.253709271656476,77.4040587653473,6.97705230729287,73.7009347091598,82.3795178151026,35.6739669467495,37.7585234164258,-2.86784864094062,-2.04676566662852,123.994003045628,0.648242464673103,0.56940797130261,44.7933488921269,66.6582309347822,12.3917278976734,75.7546655519715,0.816338678043053,47.5278743979532,-1.09319993547695,-2.53132446058459,-1.9980947379006,135.137208255544,65.442780361771,77.7017600498433,0.60483492048121,82.5013690466362,73.4254912497121,78.7437951232621,41.332856937606,52.9843427649566,35.3071351150869,-1.95735847165372,-1.95249810536137,151.728948985334,63.6541520529019,60.9864462786368,-0.403946221093179,101.994732679968,86.3426335127762,47.5521753217025,36.0501491815527,11.7773441058259,-1.41141444553324,-1.36287999328886,-1.90782409842416,140.476178580765,63.152364338385,47.9079636388999,1.02698772073194,98.0467961546335,64.6222011950549,89.4688477026788,38.8150878722897,52.7404473397737,0.136073768887456,-1.80448100609379,-2.51002387759092,150.443604145271,67.8594609800189,47.775209676993,0.390094887441137,58.9261134065834,102.6917594583,129.492196970761,63.876057816224,12.8426591695734,-0.0146414008220859,-2.29223952794047,-2.58399138711013
,88.5,32.8815297451518,21.2799069447158,46.5267479180034,1.59136348004557,53.6895707607251,68.3467699371677,36.5866139272939,14.7435404358914,15.8162117181442,-0.0428712073418183,50.676000698968,81.2556472256239,70.3842197318606,21.5642632284232,23.4223387403158,20.2362241687658,75.6418993823672,52.9228164737335,60.4745325755684,26.2525121518243,18.8068000330552,-1.84003354322266,0.501873318782373,47.9838167633068,31.8949697278913,3.68120681843243,38.8153846053262,0.171459329919912,52.1166008467574,5.77195387856887,48.7186691273033,48.9464134595364,15.9608838708864,13.9157727674274,-2.59923677442941,-2.16226478523663,72.5788400992112,0.732088159668024,0.40570043477021,14.2640222786034,45.624166260223,11.0856380352141,50.106170165092,0.424324247172592,25.5726077307981,-0.867985371316252,-2.01568130526618,-2.13946651633353,79.5519369588105,40.081678184671,44.4339462022097,0.382128714483883,54.1573201889066,46.7543202764095,50.4182251174039,24.6861126423944,22.9677380122167,12.0627213069042,-2.23709457067764,-1.97726779934641,90.2097826322331,40.0693125791106,30.8084678472139,-0.398837385398053,73.916319242947,57.0767577299608,31.2948116534217,25.015396892363,5.22403037687241,-1.34165953713836,-1.28696825930444,-2.64867753993798,83.9776906061342,35.7303449210787,22.0638653347483,0.972386035669729,65.4103941441662,40.6229326819387,59.5253654848277,21.0258876214961,28.8192459176152,0.158730134263692,-1.51239226410837,-2.58005605659986,92.1798663763641,39.8932170592698,22.4224358098734,0.581144781463991,37.6917598527825,69.7921201786223,89.3903268079035,33.6751173341202,3.77869745154413,-0.864797414961686,-1.75975548317871,-2.29758718580365
,89,14.2104072253327,9.57197371744212,23.3805874776286,1.74374452692729,34.5396671897064,45.9907055739756,22.8007447132936,5.35358655782875,6.69070258051568,-0.438417685075763,29.2018568348365,37.0879542536841,36.516203188177,10.1416818995615,15.8232210654751,7.51250718473972,49.8595206775868,32.4389219586776,37.4425722898755,18.1312059445011,9.48889578328601,-1.59201993501335,0.459408212342566,13.4469349503532,12.9306052666072,3.81061274207627,27.4890826677945,-0.288433018142086,33.5597061025946,5.10946906825956,30.2858183266015,26.7343510833892,8.46848188226414,5.56640835213244,-2.27405491283406,-2.05748968935382,39.0241597433032,0.468460679148734,0.348067580772977,4.09513247324526,31.1607449819516,9.85712363743414,31.9535513143291,0.173773767785462,18.5683268402913,-1.0048948586122,-1.68645122398158,-2.25587809228244,43.2197490275744,25.0602474037771,20.8695620646934,0.21843612421992,34.185287921246,28.0500081854091,30.183377117618,19.4636985337588,10.3831385295608,4.404618752104,-2.10346165016091,-2.04041666923712,50.3552537254131,25.3739768099909,14.3286378552517,-0.398249944788176,51.5494066331725,35.7852262812191,21.6304152930185,20.8937319757413,1.61078882037378,-1.18440961451319,-1.1343051788221,-2.60762464708637,47.625230290107,19.3202067459059,13.4880137169224,1.38933614475513,41.8859586983029,23.9026550896336,37.2001855892462,12.0222760117252,19.4626870441268,-0.116395319900846,-1.43062463156667,-2.07633914855154,53.1388880912992,21.812518709829,11.7560095724157,0.553047300281037,22.844352532069,45.094158661236,56.4152801469162,15.535845281119,0.815198721385514,-1.26016286600378,-1.41383211574419,-2.03513726952178
,89.5,4.86009470530649,5.4710573488349,10.8722782293817,1.62930303750659,22.4510833962975,31.1494444707837,15.424651995397,2.19564399464002,3.1113885052082,-0.801502979502345,15.8461055096005,10.9183366438726,17.2446181413629,5.81022390445338,12.2989215500403,1.92246089845594,31.6962538506531,19.8294815612595,21.9033793883413,15.1217141465964,6.0317549503448,-1.27638883705083,0.763983311691902,-0.0650079920573603,2.81292501708396,4.0717926975974,22.3363340887061,-0.405188381881601,22.261923282184,4.79870678500686,17.8940508094845,14.4872945935986,5.08646834829011,2.72588187418785,-2.16140810774704,-2.19805264354471,20.0662292629322,0.132380281180815,0.572332766693364,0.620966069246663,22.9883415881167,9.17359391202939,19.9977032212796,0.521841422536454,14.9047856438515,-1.40027503051425,-1.8523316917653,-2.20067998567919,21.5017787089573,18.0723496146315,6.89106506811129,0.403265213721454,21.2519569285069,17.2524763990218,17.6949460369664,18.5088068191346,5.07494302544399,1.93822073082436,-1.8845586419439,-1.92920992634475,26.2292750431281,17.7544607758321,6.36471331356108,-0.302694915286679,35.231857595926,22.0948373137542,17.4071274819041,20.7816551787437,0.109532539610655,-1.18813227028949,-1.50953169258577,-2.08519774489264,26.1473925014162,10.6972070586647,9.16747812881272,1.46924655806185,26.7127993401563,14.193539907563,22.4130324686915,8.91829318810778,14.5936219668828,-0.216216060634224,-1.62914246931399,-1.57121427318174,28.1749259423043,12.5897442408959,5.61033495145995,0.803054600447354,14.1902543598695,28.2399850375089,33.0967546703484,6.73114203076591,0.0439788212645453,-1.18782757150041,-1.60059187116383,-1.78856368092738
,90,2.01886903278898,3.58090641050285,7.1045885479798,1.48093740091741,15.2134599013583,21.7005037815056,11.4055065102606,1.30232177290225,1.98305556373367,-1.18963522193349,8.54751016609106,0.495155638362348,12.8936277971054,3.54766325307151,11.0757316380428,0.300504037509256,18.9441269129627,13.0465952676948,12.1513671575237,13.2382047663997,4.91613774728808,-1.20104012283758,1.27399524372782,-0.991874515187078,-0.593746585298163,3.97916398455448,18.9984077424238,-0.0231183623498055,15.219556042365,4.28230859023529,10.756636550185,9.01813328256856,2.85516022307507,1.45831121858714,-2.12623295087627,-2.34824745560684,15.2062033290581,-0.377632625687625,0.232475347357081,-0.0138026634004973,18.4015736810975,8.88367554131941,13.1950624532772,0.753584352600967,13.4319605258182,-1.63376882245882,-1.79608064221594,-2.01395318045775,15.6410852250315,14.2717196073766,2.24401555498912,0.467174304757577,13.9647808296356,11.2221303068068,9.93749146055711,17.4368885309141,3.06600550821952,1.28876662196535,-2.09399368188735,-1.58647357856705,19.5595491432105,13.7124786821297,4.13755897652084,0.0163074702949189,24.6456612497108,14.0334692954879,15.2115086880067,20.6913311558962,-0.20719075164584,-1.70348202439521,-1.97920508781351,-2.06868443142332,21.0203545230838,6.28160301488492,6.96645590021433,1.0317382030612,17.8487667359502,8.69883897003967,14.5836223541335,7.01892430289115,11.7352786279014,-0.116954140694816,-1.93108929858556,-1.74962415784279,21.6834326649663,8.39486836783982,3.0978459226406,1.05404011146675,9.83362488256563,17.3611265475963,19.3240764196912,3.04281663879362,-0.291737718520324,-1.04063067572122,-1.90062361757322,-1.46241402496992
,90.5,0.514685428908081,2.27058515966814,5.36692816956025,1.11940842281405,10.8153149698642,15.8407027117013,9.54015759039152,0.576627283639709,1.45787366002435,-1.07826911678552,5.34558709893713,-0.883997076141441,13.8166998619899,2.09736825434817,10.2378897721281,-0.381887948851841,12.0665127971238,9.0386081314432,7.62549897678758,11.837153365797,3.9596728207917,-0.873076347486631,1.31020024889364,-0.487228206634825,-0.717709441356646,3.96141163703817,16.0813288371727,0.00464369422275013,10.6272481660046,4.0228337282706,8.14530113147481,6.06159735214487,1.9200208091371,0.889347017751447,-1.90384646621703,-2.02721278937997,15.3321413627233,-0.855038491893083,-0.422414890065852,-0.232976588574445,15.1864311163827,9.05430785082194,10.19632585023,0.500971414460878,12.4847095656453,-1.66968016384243,-2.00906997455201,-2.31572982757547,16.9293925196762,11.6146955997946,1.79924505663143,0.360839853259506,10.7737481059426,7.62702256837747,6.70258248041114,16.5751014493113,2.3135050692656,0.39896649474997,-2.37933178271646,-1.50704488966971,20.5695370811497,11.2693479606074,3.86254139565142,0.340156897958309,18.8441644458455,9.93060419903213,13.64570707984,19.850989742074,-0.368804996549329,-2.12099492961454,-2.22489933142094,-2.05163010795508,22.3052686071938,4.21743287796932,6.09257443871286,1.09737823574903,14.2052497879332,6.23146719626658,11.311747514328,5.58040663150382,9.95739202310034,-0.234113688377079,-2.36391137470918,-2.03278588788532,23.7159199244174,6.79629697089518,2.38870832204702,0.853127091051874,8.12645768710746,11.3862148587346,13.637674111893,1.37635142909255,-0.0889465349739567,-0.965960842605568,-2.14275836599427,-1.32445890872458
,91,-0.761247013286948,1.81171968718178,4.01213929842567,1.00885268512275,8.96723383626994,12.1305119139663,8.22097069710844,-0.466234450586285,0.790803153868751,-0.578438596864657,3.91571475017992,-0.607527364681914,12.5343823500396,1.39577078121152,9.06015105736549,-0.910539426031789,10.2530200993952,6.24907377490007,6.74882913993474,10.4210110272585,2.82948311255706,-0.587076753160943,1.01266149019182,-0.892289710155637,-0.75320277089412,3.94410426337799,13.2755773445988,-0.0670747696399872,8.17107609250888,4.58008289284925,6.71713053213307,3.40720343199462,1.49814012136278,1.09835589485579,-1.75763446928312,-1.68693878771359,13.5655092303393,-1.06970107917545,-0.506711417193969,-0.554376748182619,12.743673137729,9.69113249981876,8.89997783758349,0.530625952876164,11.4844557822108,-1.70650741690309,-2.55545990567163,-2.65582922325223,16.148678394355,9.78000430228713,1.70797750186171,0.528080166983557,9.37782707860828,5.51866783286596,6.80996634118662,14.7809405313787,1.45180298789779,0.095516724164554,-2.24389730838891,-1.70558633971081,19.6924955385326,9.20595486461173,3.44021552972708,0.290428964737487,14.9616036051411,7.85302399133593,12.1402209381282,17.8297325181472,-0.526368076797098,-2.20793475228055,-2.61256796582524,-1.77725789476148,21.2617548898178,3.33237852197891,5.59639929334304,1.12691455926398,13.1097843072469,5.38831583176523,9.67042692276658,4.67189296091266,8.11616574946186,-0.212721752957691,-2.55735923767406,-1.85230492703334,23.6669625744553,5.93011810986997,1.7772260045009,0.626473771493238,7.29828661432043,8.68508848019007,11.9018520765213,0.641412839439226,0.328242255015311,-0.988662180045537,-2.82500089703865,-1.76476567083148
,91.5,-1.20292442084269,1.01844739610783,3.17324747832578,0.894613532620781,8.23024613507874,9.41184541008437,7.30536872180767,-1.08862895416746,0.125686350608248,-0.51282681293327,3.44435650498764,-0.844996552331736,10.0718772705322,0.75599030080798,7.6877256909786,-0.451763724879982,9.44917966714524,5.00196385339007,6.68831844026636,8.36776097890771,2.0828187038386,-0.892570585968201,1.0246632343538,-1.14458287812886,-0.774510498985933,3.37811198240831,10.1159175458104,-0.0423452523590413,6.90510201186549,4.77711692766798,5.37777163905349,1.81518612745754,0.780565441035606,0.974205674263544,-2.14758164742926,-1.75282021596649,10.8785657966143,-0.829370701709308,-0.560829502560352,-0.912344829861865,10.6971480966548,10.2599716396433,8.16159476355432,0.719907945115892,10.3605892766794,-1.61752414468009,-2.65008740423008,-2.66792834259627,13.6551203372701,7.91961965925555,1.39254741686727,0.820959637163242,8.83508398621228,4.48349157340289,6.73291675444307,12.1465974370398,0.643655304616914,0.352241641909188,-1.94926117321222,-2.02263928653724,17.3360517452135,7.21016657802181,2.8144338016171,-0.0343346217324552,11.9171457415264,6.29975899373665,10.3090198435912,14.8973656334732,-0.546707844792991,-2.54358986978423,-2.64036017938901,-2.00895283831886,18.5265596960805,2.47206519811698,4.80955706779582,0.539309304581593,12.2700166027597,4.58113346100185,8.84839335739275,3.60445283496193,6.05481431258556,0.0925796390293954,-2.19605623564337,-1.79182056325948,22.1201864472944,5.26731426922692,1.21344272619467,0.761920525467076,6.6090629743062,6.63608485250882,10.6055341943214,0.734524154202347,-0.229182648739311,-1.07128105198558,-3.31067168331288,-1.81924441654678
,92,-1.47317757675205,0.321767257926467,2.41412104710281,0.605292364899981,7.40483012883846,7.96052191547801,6.33386629041757,-1.2894375973757,-0.414420208187607,-0.877445164616063,3.16184368515155,-0.235245890102988,7.06035061409108,0.224861991366254,6.05647843698404,0.116833307998661,8.65883732595199,4.53173929774903,6.37341530913136,6.32957798200027,1.73514696644912,-1.21792864488515,1.00378592793669,-1.42924570007176,-0.699502919303256,2.48286313384904,6.68111206410993,-0.412127180587788,5.77710021274982,4.7254126219982,4.93348610609388,1.07791235780138,0.0847627731853891,0.545413304759279,-2.50811122699082,-2.01217054151414,7.84242020975358,-0.839420507063267,-0.850933709121477,-0.823125161859707,9.07295382012069,10.8214584520728,7.71743337775411,0.700313263965541,8.49106252087324,-1.45512765352066,-2.55275961734225,-2.55969368147765,10.7260269077602,5.93736960101717,0.671139996193517,0.458633420279966,8.99111060564644,4.28877301953662,6.04554201614411,9.44545338476792,0.531418234861917,0.00299428761951503,-1.80829027672701,-2.3749657845492,14.0990443477093,5.97118455220743,2.1629684105103,-0.379531087993882,9.65103758439818,5.16546699298567,8.16029011115398,11.7756559527718,-0.573880526780158,-2.69432592894702,-2.41746530037165,-2.50678657790303,14.4850041483924,2.11313526699155,4.26764850880051,0.500362285963888,11.9888315734016,3.94327585368364,7.62504430270621,2.23614631472287,4.31332757402356,0.0748814822449049,-1.78775481083625,-2.20677727762899,19.1088220961902,5.17741950160149,1.06506135576166,0.738105487750659,6.22801483848713,5.2641221771292,9.41928762020694,0.882700511981852,-0.581809401993667,-1.25452991580931,-3.12078998195148,-1.67816117625352
,92.5,-1.72942354025895,0.312230587655449,1.29595065642081,0.546428697211695,6.89334935485743,7.3796494086489,4.93719229659365,-1.37581293792567,-1.06314893375884,-1.16203111822136,2.57666372212663,-0.401232228400318,3.92140453136244,-0.084300022336663,4.02105489138336,0.143494693608602,8.03357224346593,3.56810307405118,6.08367512313623,4.51283331016225,1.08626699947536,-1.55126317668072,0.771788713795615,-2.15178005344086,-0.873199843854763,2.00321339685598,3.94414116480004,-0.831279210777097,4.62169435029398,5.03863528881897,4.37970510081988,0.45909564447544,0.147252592342852,0.286572729640852,-2.33561363529191,-2.30036919251711,5.08151347642627,-0.835790525385846,-0.459249604202796,-0.731718184834449,7.37115288927612,11.3101468942646,7.54301873627622,0.335801877341851,6.04527844933898,-1.54080299004721,-2.60105981183983,-2.71333240379312,7.68178608612322,4.06971161606953,0.344647815069379,0.204677956988007,8.68808595992857,4.0407667346808,5.79417169473646,6.32609995634766,-0.00217408137035591,-0.532670664983641,-1.81671366933904,-2.82923037230825,10.5552359424437,4.88808658897619,1.43451347914515,-1.02332850077977,7.72396505461325,4.51313971334218,6.12104799464288,8.36410662520603,-0.573580993255064,-2.37372653700777,-2.43253694987095,-2.55317022507097,10.26466540172,2.06686339202849,4.09700078748602,0.415479726930016,11.8627390937887,3.58826315669478,5.62164735493917,1.40853089443505,2.64817751783744,-0.297587984969027,-1.64926642850833,-2.23154380551546,14.8885712642109,5.08648626916192,0.624153181169788,0.725920640010372,5.73605375910211,4.73221101063677,7.69512134407103,1.01517787159764,-0.705057119738228,-1.5658489812655,-3.08124804856811,-2.25227004149076
,93,-1.60145130816056,0.0641065830357093,0.489227461887936,0.600202114418437,6.72746954554196,6.88589939810646,3.81576961868473,-1.17437109583506,-1.53706655189939,-1.74889090028921,2.29674879777838,-1.29158406787951,1.61939567080265,-0.317963221516948,2.15676162802663,0.309263869232893,7.23045269441172,3.08415654571604,5.94393688136233,2.80452013354221,0.760069598578184,-1.92348337663134,1.2146582745807,-2.54820672522339,-1.33827718074286,1.47521376070608,1.86488575934413,-0.992095466741603,3.90194719252878,5.23222231180893,3.51646979665372,0.779224208868527,-0.00520667096748184,-0.394481411668608,-2.60585791904845,-2.82592265712856,3.05175372435502,-0.889553314993577,-0.0990729608158745,-0.929948639494967,5.95786059315549,11.4516013786788,7.51273738752326,0.0886915813485416,3.64969838959047,-1.48792175560419,-2.26936895084191,-2.38719167128772,4.724112198054,2.58362787388558,0.152045013679299,0.128942545616951,8.1230718807808,4.24037986087927,5.02371542720977,3.31704564733087,-0.576561497209696,-0.552082326369032,-1.75247402440755,-2.78614278569171,7.00614504220908,3.56922421116343,0.62179662299792,-1.76185969322967,6.06562559676581,4.0524325915128,4.39500100751627,5.4475202798813,-0.485322774808992,-1.90825397814967,-2.19410458371078,-2.71404623600961,6.41525852575757,1.99241882141411,3.67060706765466,-0.152438458748406,11.0005626756511,2.87425291885836,4.72303269987611,0.627495523395396,1.00290005243028,-0.410133888836071,-1.65311361149992,-2.12482663465056,10.3073146447899,4.72457039046799,0.384649891672439,0.801718111645073,4.67383204933685,4.60102089367393,6.18098720696639,1.19619597621329,-1.50543213945525,-1.56696226638445,-3.11552918738118,-2.44709085695371
,93.5,-1.39304064223006,-0.662485268284286,-0.0499606629264235,0.3793931930756,6.34653051978324,6.86311347763643,2.74895236708005,-0.341898298563137,-1.72997997019399,-2.49204994318745,1.95343840867764,-1.70265465909978,0.119711018620364,-0.381782060175169,0.409097837847924,0.799988731686426,5.9941952958655,3.41624341743295,5.49507517420625,1.096428978294,0.378445227237194,-2.43168904398448,1.29287222323217,-3.10094217713748,-2.07058895591194,1.05037861316305,-0.59058099383401,-0.806714022818255,3.28433737632224,4.900990057505,2.59129769799756,0.7803981808907,-0.035561937855789,-1.14189335454284,-2.65629166558392,-3.47112943485553,1.44875085916715,-0.761858719749284,0.0674401697621079,-1.32864043045788,4.85059293186129,11.1487185099368,7.63463533393588,-0.63151559747655,1.4220582277506,-1.40139727240432,-2.17515134325447,-2.06057361423893,2.46434258218721,1.79860833047388,-0.606985976192107,0.0509858500673204,7.32523656841192,4.0364245870087,3.52486859450073,0.75077299885794,-0.878403298817943,-1.43048683254574,-1.71113047091029,-2.59798853513018,3.53906978199518,2.8612673189657,-0.0724385843036544,-1.87537398905579,5.59209555022346,3.86039617904254,3.13454621670218,2.94907857030239,-0.489019104127465,-2.20513960281727,-1.53554405508402,-3.22497305785345,3.48546491130747,2.11145728384167,2.68455701278685,-1.39914024435859,9.3688406318247,2.32759722865524,4.55749438389876,-0.110855439808688,-0.19673819297094,-0.981574077157461,-1.58329564507767,-2.52545451850165,6.28648886446797,4.53351692190591,-0.02539780938082,0.231474239399347,4.01066947976165,4.18603754660973,4.77546358161163,1.11795581746674,-2.11128111683564,-2.04705532904381,-2.74714589154127,-2.12680008169798
,94,-1.35721759681337,-0.79792330069381,-0.438586438842549,0.301629928161447,6.11081049738988,7.1929804554336,2.07085402654047,-0.0641505648365523,-1.88847181247428,-2.76310574934894,1.59995225635276,-2.10689182000488,-0.706163101158722,-0.39566621318977,-0.701345110826992,0.666796063704226,5.46333909737177,3.0855627512388,5.27045925640419,0.357552192348123,0.114504800674126,-2.60242112414903,1.25033479962332,-3.70379022627316,-2.48062144615255,1.08248417427762,-1.79000547400244,-0.627291568245255,2.88853531543896,4.80273845935608,2.38806867026938,0.294235888376193,0.211181960724218,-1.26694610735944,-2.25907124925175,-3.91113624355546,0.611980338132867,-0.710630453638714,0.417522796635808,-1.47187372533534,3.9058564576199,11.0264457174736,7.60398193804281,-1.32599724739998,-0.0516255632169305,-1.4710486506425,-2.3282821269886,-2.14333310582009,1.40955890069699,1.19385953968555,-1.03179642258101,-0.0545222618620187,6.64342783529719,3.68817633575037,3.01891465756955,-0.767910692826433,-1.11908796677278,-2.17013589793027,-2.04267164034741,-2.47899990941659,1.5510097634874,2.77044577442103,-0.348857326595805,-2.00286489554151,5.13588739524027,3.75117608242533,2.50319292750169,1.39426822203382,-0.466263488613265,-2.08411846427805,-1.49436945870383,-3.34439083345723,1.71290196317193,2.30774470492281,2.33460414447848,-2.03235806420679,8.71981172246501,2.21168497210215,3.64122862029245,-0.303271665385751,-0.887666212704005,-1.38836994355779,-1.86543042922494,-2.77349749646748,3.6398642462151,4.5204026213637,-0.403617205321098,0.0848735216729324,3.77389276232822,4.17567281860283,3.53133335596254,1.15625110884048,-2.22232151364165,-2.26520050687185,-2.55337656466031,-2.35350524663102
,94.5,-1.34170976091673,-1.6591564521334,-0.758710041019413,0.332707261812857,6.97721652279716,8.58077881186659,1.00136940907214,0.817798658610911,-2.20022961179819,-3.15075879210679,0.913796632082096,-3.33338302804896,-1.4079105646573,0.0218818418013598,-2.00549872172462,1.28113729256808,4.5279488970541,4.01578737306323,5.29533919310467,-0.968653883335207,-0.992608814388063,-3.46006747118849,0.547802360768685,-5.27232391028105,-4.15634778837534,1.58255331359283,-4.07015098735735,0.352509576828652,2.86236403997168,4.96624786572602,1.11404320771067,-1.14980655660463,1.3140347024958,-1.18677852222913,-1.64448994004692,-4.53209959615731,-0.502739577778016,-0.0676967155791317,1.34981115817811,-2.33407334530801,3.25998822031721,10.9852868994518,8.99265827661407,-2.93423634775922,-1.69682795525705,-1.52653906425178,-2.93911386569744,-2.56961251065599,0.232670451306149,1.46453776573895,-2.12960584545999,0.452504375271531,5.95683092735499,2.71956429854782,2.51328814792726,-3.05075056885306,-2.21629938826015,-4.07079102060464,-2.30507034281459,-2.60226135078545,-0.709203971992793,2.65221396666385,-0.826944593430142,-1.57430002766182,6.66680100598921,4.52638607020606,2.4737639245202,-0.927765732090165,-0.927011764758561,-3.19888236296072,-0.961968829302975,-3.95355900875956,0.959336976318241,2.69434352733754,1.07907198066653,-4.67503269833122,7.22855077312738,2.4595293854552,4.05029240678124,-0.249216425415511,-1.74747031896544,-2.54821920652057,-2.08281761221951,-3.25439084371067,1.52029380716851,4.32574926176767,-1.79975602133618,-1.24844640986822,4.20498144594654,4.0494322557588,1.90549384533148,1.07235482487386,-2.43136183760157,-3.49349281179519,-2.55180162088823,-2.71593416611233
,95,-0.542030325813357,-1.2668501955111,-0.362171689113211,0.0653125249684763,3.41135047707968,4.34765573058098,0.00508026764237002,0.778853693081885,-1.05224667502324,-1.44765546225506,0.0973032381178314,-1.92298845699133,-0.796320520181212,0.209570644583664,-1.31667613167576,0.980469486966342,1.40942951471743,2.3811839149767,2.3038521971676,-1.03705913972766,-0.930201563321248,-1.91428288056136,-0.207593331324631,-3.07276435147736,-2.56606859406816,0.905624072288674,-2.85000096767897,0.685230603726268,1.27485667316455,2.06274655110201,-0.0990338924991647,-1.21297611048055,1.11469653996193,-0.423906944686905,-0.450394607659518,-2.19642380637322,-0.655437729733535,0.423205554195647,0.979929114376887,-1.4630053477137,1.13134594721402,4.57268991432835,4.55186551498059,-1.99127012167787,-1.23882167252577,-0.707985941166612,-1.55000322829528,-1.37707495157287,-0.364031550678192,0.930319263417971,-1.59388956190924,0.507357020113488,2.26546293854335,0.676895721660742,0.944225537868192,-2.22111977724416,-1.45552182283825,-2.71688673845659,-1.03444946176228,-1.25019241806848,-1.1858558853296,1.16295802717542,-0.472610140258382,-0.33135761943845,3.84526265418833,2.29321254926288,1.1782102531763,-1.36465135935373,-0.706628442560202,-2.10578903231215,-0.0455683574147656,-2.06721922216428,0.29824345195027,1.27963945956037,-0.191339430370022,-3.38438604667334,2.25384110287428,1.18958916350653,2.12951129846243,-0.0276275745696921,-1.07806551212155,-1.63043088110499,-0.864935197392242,-1.61105445461965,0.00457999504953932,1.68590365713499,-1.44181132189397,-1.26139150141836,2.16319233087057,1.46615326969004,0.141190957973379,0.407023470679178,-1.14001877546775,-2.16543220018519,-1.03103009092524,-1.15476267073257
