,Temperature,A1,A2,A3,A4,A5,A6,A7,A8,A9,A10,A11,A12,B1,B2,B3,B4,B5,B6,B7,B8,B9,B10,B11,B12,C1,C2,C3,C4,C5,C6,C7,C8,C9,C10,C11,C12,D1,D2,D3,D4,D5,D6,D7,D8,D9,D10,D11,D12,E1,E2,E3,E4,E5,E6,E7,E8,E9,E10,E11,E12,F1,F2,F3,F4,F5,F6,F7,F8,F9,F10,F11,F12,G1,G2,G3,G4,G5,G6,G7,G8,G9,G10,G11,G12,H1,H2,H3,H4,H5,H6,H7,H8,H9,H10,H11,H12
,55,5372.3273681549,5130.76183618612,5190.51600900129,2983.63357262627,5175.73039388727,5076.89662681445,5365.32185836392,4969.14651292967,4945.96886829296,3223.03901633484,5123.216723708,4544.20069682459,3790.24044169326,4157.10047933609,4081.72319300381,5318.2660503575,5239.73141624996,5186.01421341836,5252.64759351659,5195.97228001016,4994.14106077583,2765.51260683562,3899.65253129492,4834.30641744688,3699.01580050787,3452.20453206838,4324.63658999092,2573.81126473474,5146.04933583818,4075.08490099981,5338.3299114586,5204.63189608888,4982.09150872213,4956.20030755514,2294.27274061554,2309.79385522487,4236.66054732567,2942.24955493475,2620.00475312442,5022.40228265836,5200.54054279445,5037.50542330874,5274.72801670383,4674.31435371345,5241.70877344718,4647.05337838053,2291.53455892741,2304.37021102344,3687.24810352168,4087.78549929608,3814.63780029993,2715.95690133174,4881.95625384258,5330.74704416194,5501.8589318701,5632.95847279827,5688.16241839365,4916.8641761583,2298.79432270051,2303.37031356987,5370.43671354452,5376.69485237312,4147.33463729156,2717.33396609574,5352.69269798902,5436.1168550891,5646.54747150169,5416.10243759392,5021.92934449573,2358.87505903212,2299.64301990279,2312.29853772239,5587.281461145,5323.58919480024,5125.35262223172,3339.49067243976,5340.5930007149,5424.35103169304,5745.88281291125,5618.15629889166,5400.97396664489,2414.92552618413,2304.11392615457,2296.40917247672,5511.00282099837,5235.2882388414,4611.88542601196,2615.25812705306,5093.64460502537,5155.07881576158,5363.13513523645,4982.52844021817,4849.76211135316,4575.66701527175,2298.04711885097,2308.50631242841
,55.5,5370.05199306933,5147.46860409729,5201.68127385993,2982.76218579353,5192.69822198043,5096.0824709134,5377.69304308614,4980.10697962661,4958.44570223005,3232.13354640036,5137.73672226021,4545.8668439799,3776.7150570285,4152.02558985575,4076.91294335229,5332.39632783504,5259.96535413761,5205.04269950413,5260.68871060672,5213.38616276467,5006.62282926765,2771.00070819317,3908.41182354926,4832.77522058158,3682.50971915459,3445.2117515128,4319.97287960581,2568.36889485101,5151.1978815855,4074.14314017716,5343.18912761616,5212.77957761012,4990.85275242654,4969.23686774019,2294.4349620357,2310.17832848573,4225.1967789285,2938.3755592555,2611.7828456848,5021.24161923704,5205.25104927537,5042.52562137172,5281.2235392622,4678.20000850165,5246.26052052491,4660.06932440555,2291.584795504,2304.46373519925,3673.94168392982,4077.42010063237,3805.97639980453,2707.75110213935,4891.3368789955,5331.60908981974,5520.28134756019,5631.54431557809,5691.22469225931,4923.99550148113,2299.04147848299,2303.17783978438,5379.855008327,5396.10502984855,4139.13633427618,2716.35703547255,5351.59645898738,5436.15184525247,5643.36999112018,5432.73332027914,5030.24458751996,2357.94655741924,2299.31200496202,2311.91955224492,5588.32051803759,5339.34423127851,5134.6712150211,3342.53455302623,5351.99770758649,5443.05451120553,5744.17313363799,5628.82641401995,5413.49481693191,2413.30828767072,2303.97738209722,2296.99025676852,5523.58151393288,5250.15378565188,4617.79342106337,2611.53590634376,5102.05760649619,5172.62546851184,5375.44254774274,4987.75085103564,4860.92380901796,4596.79134686937,2297.99373602697,2308.22602805447
,56,5367.77661798377,5164.17537200846,5212.84653871856,2981.89079896079,5209.66605007359,5115.26831501236,5390.06422780836,4991.06744632355,4970.92253616714,3241.22807646588,5152.25672081243,4547.53299113522,3763.18967236375,4146.95070037541,4072.10269370077,5346.52660531257,5280.19929202526,5224.0711855899,5268.72982769685,5230.80004551917,5019.10459775946,2776.48880955072,3917.1711158036,4831.24402371627,3666.00363780131,3438.21897095723,4315.30916922069,2562.92652496728,5156.34642733283,4073.20137935452,5348.04834377372,5220.92725913137,4999.61399613096,4982.27342792523,2294.59718345585,2310.56280174659,4213.73301053133,2934.50156357625,2603.56093824519,5020.08095581571,5209.96155575628,5047.5458194347,5287.71906182057,4682.08566328985,5250.81226760263,4673.08527043057,2291.6350320806,2304.55725937507,3660.63526433795,4067.05470196867,3797.31499930912,2699.54530294695,4900.71750414842,5332.47113547754,5538.70376325028,5630.13015835791,5694.28696612496,4931.12682680396,2299.28863426546,2302.98536599889,5389.27330310947,5415.51520732398,4130.93803126079,2715.38010484936,5350.50021998575,5436.18683541584,5640.19251073868,5449.36420296436,5038.55983054418,2357.01805580637,2298.98099002126,2311.54056676746,5589.35957493018,5355.09926775677,5143.98980781048,3345.5784336127,5363.40241445808,5461.75799071802,5742.46345436473,5639.49652914824,5426.01566721894,2411.69104915731,2303.84083803986,2297.57134106033,5536.16020686739,5265.01933246236,4623.70141611478,2607.81368563446,5110.470607967,5190.17212126209,5387.74996024902,4992.97326185312,4872.08550668277,4617.91567846699,2297.94035320297,2307.94574368053
,56.5,5365.5012428982,5180.88213991962,5224.01180357719,2981.01941212805,5226.63387816676,5134.45415911132,5402.43541253058,5002.02791302049,4983.39937010423,3250.32260653141,5166.77671936464,4549.19913829053,3749.66428769899,4141.87581089507,4067.29244404925,5360.65688279011,5300.4332299129,5243.09967167568,5276.77094478699,5248.21392827367,5031.58636625128,2781.97691090827,3925.93040805794,4829.71282685096,3649.49755644803,3431.22619040166,4310.64545883558,2557.48415508355,5161.49497308016,4072.25961853188,5352.90755993128,5229.07494065261,5008.37523983537,4995.30998811028,2294.75940487601,2310.94727500744,4202.26924213416,2930.627567897,2595.33903080558,5018.92029239438,5214.6720622372,5052.56601749768,5294.21458437894,4685.97131807805,5255.36401468035,4686.10121645559,2291.6852686572,2304.65078355089,3647.32884474608,4056.68930330496,3788.65359881372,2691.33950375456,4910.09812930133,5333.33318113534,5557.12617894037,5628.71600113773,5697.34923999062,4938.25815212679,2299.53579004793,2302.79289221339,5398.69159789195,5434.92538479941,4122.73972824541,2714.40317422618,5349.40398098411,5436.22182557921,5637.01503035718,5465.99508564958,5046.87507356841,2356.08955419349,2298.64997508049,2311.16158128999,5590.39863182277,5370.85430423504,5153.30840059985,3348.62231419916,5374.80712132967,5480.46147023052,5740.75377509148,5650.16664427653,5438.53651750596,2410.0738106439,2303.70429398251,2298.15242535213,5548.73889980189,5279.88487927284,4629.60941116619,2604.09146492516,5118.88360943782,5207.71877401235,5400.0573727553,4998.19567267059,4883.24720434757,4639.04001006461,2297.88697037897,2307.66545930659
,57,5363.22586781264,5197.58890783079,5235.17706843583,2980.14802529531,5243.60170625992,5153.64000321029,5414.8065972528,5012.98837971744,4995.87620404133,3259.41713659693,5181.29671791685,4550.86528544584,3736.13890303424,4136.80092141473,4062.48219439773,5374.78716026764,5320.66716780055,5262.12815776145,5284.81206187712,5265.62781102818,5044.0681347431,2787.46501226582,3934.68970031228,4828.18162998565,3632.99147509475,3424.23340984609,4305.98174845047,2552.04178519983,5166.64351882749,4071.31785770924,5357.76677608884,5237.22262217386,5017.13648353978,5008.34654829533,2294.92162629616,2311.3317482683,4190.80547373698,2926.75357221775,2587.11712336596,5017.75962897305,5219.38256871812,5057.58621556066,5300.71010693731,4689.85697286625,5259.91576175808,4699.11716248062,2291.73550523379,2304.7443077267,3634.02242515422,4046.32390464126,3779.99219831831,2683.13370456216,4919.47875445425,5334.19522679314,5575.54859463046,5627.30184391754,5700.41151385628,4945.38947744961,2299.78294583041,2302.6004184279,5408.10989267442,5454.33556227484,4114.54142523003,2713.42624360299,5348.30774198248,5436.25681574259,5633.83754997568,5482.6259683348,5055.19031659264,2355.16105258062,2298.31896013973,2310.78259581253,5591.43768871536,5386.60934071331,5162.62699338923,3351.66619478563,5386.21182820126,5499.16494974301,5739.04409581822,5660.83675940482,5451.05736779299,2408.45657213048,2303.56774992515,2298.73350964394,5561.3175927364,5294.75042608331,4635.5174062176,2600.36924421585,5127.29661090863,5225.26542676261,5412.36478526158,5003.41808348806,4894.40890201237,4660.16434166223,2297.83358755496,2307.38517493266
,57.5,5360.95049272708,5214.29567574193,5246.34233329449,2979.27663846255,5260.56953435308,5172.82584730935,5427.17778197491,5023.94884641446,5008.35303797836,3268.51166666246,5195.81671646902,4552.53143260118,3722.61351836947,4131.72603193439,4057.67194474624,5388.91743774527,5340.90110568818,5281.15664384719,5292.85317896724,5283.04169378265,5056.54990323489,2792.95311362335,3943.44899256659,4826.65043312039,3616.48539374143,3417.2406292905,4301.31803806534,2546.59941531608,5171.79206457482,4070.37609688662,5362.62599224642,5245.37030369516,5025.8977272441,5021.38310848037,2295.08384771628,2311.71622152913,4179.34170533982,2922.87957653847,2578.8952159263,5016.5989655517,5224.09307519901,5062.60641362359,5307.20562949577,4693.7426276544,5264.46750883577,4712.13310850564,2291.78574181037,2304.83783190256,3620.71600556233,4035.95850597757,3771.33079782293,2674.92790536974,4928.85937960717,5335.05727245097,5593.97101032053,5625.8876866973,5703.47378772194,4952.52080277246,2300.03010161284,2302.40794464239,5417.52818745688,5473.7457397502,4106.34312221464,2712.44931297983,5347.21150298078,5436.29180590599,5630.66006959415,5499.25685101996,5063.50555961682,2354.23255096773,2297.98794519895,2310.40361033501,5592.4767456079,5402.36437719162,5171.94558617868,3354.71007537209,5397.61653507278,5517.8684292555,5737.33441654497,5671.50687453317,5463.5782180801,2406.83933361709,2303.43120586784,2299.31459393576,5573.89628567091,5309.61597289374,4641.42540126897,2596.64702350652,5135.70961237944,5242.81207951288,5424.67219776791,5008.64049430544,4905.57059967726,4681.28867325978,2297.78020473095,2307.10489055869
,58,5358.67511764152,5231.0024436531,5257.50759815312,2978.40525162981,5277.53736244625,5192.01169140831,5439.54896669712,5034.9093131114,5020.82987191545,3277.60619672798,5210.33671502123,4554.1975797565,3709.08813370471,4126.65114245405,4052.86169509472,5403.0477152228,5361.13504357583,5300.18512993296,5300.89429605737,5300.45557653715,5069.0316717267,2798.4412149809,3952.20828482093,4825.11923625509,3599.97931238815,3410.24784873493,4296.65432768023,2541.15704543235,5176.94061032215,4069.43433606398,5367.48520840397,5253.5179852164,5034.65897094852,5034.41966866542,2295.24606913644,2312.10069478999,4167.87793694265,2919.00558085922,2570.67330848669,5015.43830213037,5228.80358167993,5067.62661168656,5313.70115205414,4697.6282824426,5269.01925591349,4725.14905453066,2291.83597838697,2304.93135607837,3607.40958597047,4025.59310731387,3762.66939732752,2666.72210617735,4938.24000476009,5335.91931810877,5612.39342601062,5624.47352947712,5706.5360615876,4959.65212809528,2300.27725739532,2302.2154708569,5426.94648223936,5493.15591722563,4098.14481919925,2711.47238235664,5346.11526397914,5436.32679606936,5627.48258921265,5515.88773370518,5071.82080264105,2353.30404935485,2297.65693025818,2310.02462485755,5593.51580250049,5418.11941366989,5181.26417896805,3357.75395595856,5409.02124194438,5536.57190876799,5735.62473727171,5682.17698966146,5476.09906836713,2405.22209510368,2303.29466181048,2299.89567822756,5586.47497860541,5324.48151970422,4647.33339632038,2592.92480279722,5144.12261385025,5260.35873226314,5436.97961027419,5013.86290512291,4916.73229734206,4702.41300485741,2297.72682190695,2306.82460618475
,58.5,5346.90470977948,5241.49521710259,5265.94684857909,2975.0024299112,5290.5076753522,5207.10940078772,5445.48505541912,5042.56045917176,5034.62921731325,3286.15367136963,5225.56190403103,4553.00868569757,3693.7169018897,4117.25929862675,4044.06910581096,5406.4806954743,5377.79235396763,5310.38758068399,5305.92602503588,5315.68995651505,5080.2793656589,2803.13204025608,3958.36959413863,4819.99652799245,3582.71718542472,3399.69990121276,4287.13738819157,2535.28780147744,5175.73106593052,4061.79750737927,5367.74212377985,5258.32014854157,5044.05633623197,5048.04508492703,2295.50810310691,2312.420486493,4151.95649254081,2911.97404423571,2561.90914288013,5007.63717292736,5226.90122198457,5064.28304040623,5315.27519340654,4697.05313010059,5266.92704051712,4738.18264995834,2291.89919736986,2305.17558288732,3591.74145586038,4009.68283063303,3751.51427837412,2657.04006989869,4944.00810993087,5326.67834359457,5619.09330233704,5612.11669196695,5697.27568336444,4960.23917100946,2300.3583195652,2302.45336637098,5431.32740004745,5508.63184048224,4085.34847097749,2708.40232442946,5337.64449874064,5424.9924290922,5612.99009316297,5529.05823081137,5074.13477029598,2352.49887485078,2297.51725793697,2309.84287852666,5583.74926844008,5430.02252928262,5186.75013668494,3355.24722548498,5412.50089193484,5544.83903729172,5721.92761377621,5681.01548593479,5480.14434317962,2403.50103674767,2303.22695542506,2300.22274388103,5587.32171041958,5336.90774341462,4647.26539148129,2588.56389815401,5147.43837670668,5269.8893409338,5443.84623666965,5018.17643754147,4924.96170341836,4720.55474963698,2297.71697375806,2306.53997904994
,59,5327.13325857662,5243.36892215908,5270.52249888483,2968.9703791878,5297.34487503621,5216.26690923426,5442.88558722451,5045.89489976362,5048.60669807918,3294.09206000668,5241.18952681999,4547.8769260681,3676.97078747324,4103.84747834278,4031.48703537872,5398.53287637881,5389.1229813651,5310.15489179401,5307.47320257769,5326.95510805362,5088.53128667145,2807.09528729001,3961.95944353078,4810.41544371716,3565.59430876918,3386.28960535625,4272.73320716153,2529.14548645724,5168.20172079896,4048.70923414316,5362.55181985252,5258.15361986558,5053.42568814026,5061.44408636367,2295.7657538618,2312.81339816737,4132.80781819289,2902.31388002773,2552.60174197947,4993.92004614061,5218.93923607337,5052.84117660673,5311.65626092634,4691.44060527335,5257.8401289749,4749.7061714865,2291.77470018134,2305.28635776454,3574.33718137546,3989.69297378591,3738.37178022848,2646.44984698678,4947.35521272492,5308.8622971686,5613.04900404342,5590.90188349705,5676.05707964953,4953.28063724192,2300.14777553069,2302.78132722294,5429.33740559576,5517.86152197859,4068.29498521821,2703.24662688121,5322.51047903126,5404.83774943922,5589.71697146512,5536.4140574483,5069.54675372703,2351.72617205872,2297.30216937266,2309.65189119726,5564.30437183234,5436.13512036577,5187.62068952856,3347.14112931645,5407.24227520652,5540.65807836333,5698.84082961717,5668.37911936987,5475.31003917246,2401.58008149455,2302.76777927057,2300.63431971918,5575.59740783079,5345.2745755129,4640.6333031438,2583.49222868829,5144.82961099154,5269.9006566437,5443.87021216744,5020.9456213273,4928.70078852881,4733.82285086754,2297.90268416604,2306.47514323233
,59.5,5301.16106533748,5235.04701064591,5269.88518417906,2960.1819306424,5296.6338686699,5217.50403382605,5430.91546094462,5042.80102254544,5060.6892902448,3300.3061233279,5254.68224881291,4536.99062069793,3659.60131442883,4087.06263989808,4015.97904505009,5380.3327573383,5392.41343028106,5299.31231387297,5304.82791571194,5331.63521644036,5092.1373423723,2809.91911979512,3962.06848679519,4794.6949973014,3549.14287287176,3370.83749916354,4254.78567663402,2522.62199942868,5154.90991646726,4031.29218948008,5351.25761643919,5252.28094017582,5061.23136728493,5072.44847979745,2296.23184714049,2313.0824619625,4111.68974414802,2890.95269606653,2542.86651022053,4974.95240910053,5205.18336422451,5034.40214126486,5302.22689805322,4680.6896276159,5241.82014496912,4757.99461890508,2291.61753510245,2305.47874979227,3556.63197442826,3966.94659228237,3723.32137001528,2635.29920238369,4945.46770979809,5284.16417494565,5595.83331114456,5563.12162906366,5645.83397848141,4938.721422459,2299.90722103629,2303.04139062946,5420.38202064741,5518.69592234701,4048.31351498778,2696.12210677694,5301.92348318659,5377.83729455208,5560.33384992258,5535.12019616063,5057.87802961807,2350.99379699054,2297.54997305198,2309.74045753206,5537.947073476,5434.8746682329,5183.21625795007,3334.76178092404,5393.73236934907,5524.82139338468,5669.80840151767,5645.67595578385,5461.89621181284,2399.70395302943,2302.7852903013,2300.74781045073,5554.07627481893,5348.0804560395,4627.69524740749,2577.84788970061,5136.03968339707,5260.56046873544,5436.1113972369,5022.01713268394,4926.65964651104,4740.40058174709,2298.25333013548,2306.4255747748
,60,5271.0008257643,5217.44518609974,5262.63984504832,2948.86092696202,5287.50136824135,5209.7324547166,5410.61026768003,5032.52996454997,5067.89738612616,3304.17815864115,5263.16617086347,4519.86184124257,3642.0677786621,4067.76102940764,3998.15415016794,5354.58475016389,5386.4012198637,5280.10537278178,5297.59285063114,5328.25014768671,5089.83651112404,2810.86025946633,3957.02076243922,4772.15633647533,3532.74737139216,3354.07701952043,4234.12545812812,2515.9579878242,5136.35561897834,4010.90777002635,5333.87327457431,5239.85031303261,5065.12298723232,5078.88519120684,2296.41239338282,2313.26319654656,4089.91592459532,2878.13855230132,2532.81634720193,4951.64630362154,5186.36276794648,5010.68603291695,5286.46198583635,4664.80943487807,5219.73140732272,4760.96548137465,2291.68992154172,2305.84701400717,3538.906882779,3942.46104707773,3707.04223192455,2623.68432797056,4937.42916636833,5254.02327635869,5569.24847565974,5530.87724205743,5609.45650503993,4917.60743762763,2299.78439649971,2303.35914948363,5404.37851054329,5509.65270811327,4026.33045903015,2687.86537625335,5277.89121731973,5346.81465750229,5527.56970793588,5524.3455355648,5039.83825681646,2350.04842955085,2297.85212368427,2309.88567076874,5506.64915308191,5424.86516768121,5172.59201393568,3319.30092673101,5373.39618893306,5499.71966322418,5636.55950706203,5615.57939750709,5441.27830584886,2397.35584734181,2303.01832851212,2300.72306288258,5525.58379441114,5343.06869128284,4609.83259153159,2571.65363932192,5120.89284019004,5243.08502244608,5420.36573677706,5019.80143900608,4917.58607901338,4738.51921476361,2298.77377834943,2306.53665678489
,60.5,5238.31622406898,5192.9062439528,5248.74736620041,2936.10144851934,5270.84870412094,5194.45862138421,5383.90847956415,5016.26793068664,5067.7743595707,3304.8249392603,5264.57451048815,4497.01923742059,3624.52305791716,4046.81005820139,3978.97646979628,5324.08072865218,5372.35551459017,5254.97241995618,5285.80972570361,5317.14633567099,5080.87389726806,2810.20253339859,3946.07962368404,4744.27618374605,3516.77610509873,3336.54191471068,4212.16381468896,2509.46795443916,5114.04104612865,3988.22620878095,5311.39075530255,5221.46305030871,5063.22379893773,5078.63149230597,2296.41356964142,2313.22536264334,4068.27990365426,2864.50644072947,2522.58291466152,4924.99192392872,5163.82990048149,4983.49189177563,5264.87273165436,4644.94768257237,5192.87808787728,4756.91735346943,2291.78020501641,2306.00421088809,3521.52503797124,3917.42874721135,3690.03400376649,2612.16096615635,4923.25349542886,5221.53510768268,5536.69728413189,5496.31435255563,5569.50900404241,4891.64029502078,2299.80238244076,2303.76476211728,5382.15156117764,5491.2861797526,4003.15255327801,2678.44794007265,5251.29367105293,5313.33089640696,5493.38040035826,5504.27127254557,5016.34385589666,2349.09354527031,2297.95526784553,2310.12249673119,5471.99884150323,5406.05966099329,5155.61210390435,3301.54353110083,5347.95970196621,5467.6767092011,5601.35355319401,5580.69871395579,5414.946063747,2394.97148812831,2303.30393698836,2300.65991335573,5492.44544259249,5329.30877581578,4587.87462075443,2564.89758551746,5100.37798554475,5219.6335842859,5396.97341669411,5014.02061897151,4901.75302717109,4727.87110202758,2299.1297815739,2307.02784173231
,61,5203.64717910942,5163.53687343595,5228.80871105629,2922.37798759065,5247.61972892876,5172.87963646691,5352.23391872248,4993.75998944236,5058.29207124275,3301.31769503974,5256.7954204681,4468.90552185111,3607.10294311826,4025.19939970925,3959.24505063616,5290.99702950762,5351.12177057827,5226.00599280089,5268.79202441517,5298.66361153401,5065.53869045397,2807.68275333624,3929.28344401108,4711.30691835994,3501.35154736297,3318.71331508526,4189.42654661783,2502.97813392316,5088.52506375312,3964.32286260109,5284.42279955906,5197.57526219975,5054.12411386137,5069.82690987823,2296.54815633573,2313.28668309816,4046.65304003727,2850.50187546081,2512.5491755276,4896.5448681881,5138.79241812072,4954.2793561615,5238.84071421048,4621.72602792911,5162.73631516997,4744.73161094911,2291.83396563935,2306.15425211742,3504.08311740492,3892.90363709717,3672.65395626403,2600.84512102515,4903.65536971748,5188.20208446688,5500.529192667,5460.92741517178,5528.42229537317,4862.43403978292,2299.88050680171,2304.06426512283,5355.40192786834,5465.34519090349,3979.6086184368,2668.64252867246,5223.01001128479,5279.93126037176,5458.76203000262,5476.64348156553,4989.17136954237,2347.87384041073,2298.10337303102,2310.10869517366,5436.24060925105,5380.16292872151,5133.17349324146,3282.28669554707,5319.03080449686,5432.26842623496,5565.41905472903,5543.87373306791,5385.41076656834,2392.46717169935,2303.59605759017,2300.94795906455,5456.94396567117,5308.29119259537,4563.34841651283,2557.96456980435,5075.90471354025,5192.70585095665,5368.36573199667,5003.86218663412,4880.51705773539,4710.58814406729,2299.36750515891,2307.7637682869
,61.5,5167.68230492495,5131.44690895121,5203.64872249941,2907.89737382164,5219.61524059233,5146.55093310395,5318.03382326138,4966.17939431614,5039.8381125381,3293.87494315425,5239.1970433019,4436.72553022519,3589.36581855,4003.22567095043,3939.17789039774,5256.86630932699,5324.07377813083,5195.04677819758,5247.0807097103,5274.10272218808,5044.74966728412,2803.70038030209,3907.08921998425,4674.77659781913,3486.25185642869,3300.70716605412,4166.56485860956,2496.67601770504,5060.76423795259,3939.22069243049,5254.14871141186,5169.7038237935,5037.42158477391,5052.57577967517,2296.65259506625,2313.44144535856,4025.11163797161,2836.67218929101,2502.71118843972,4866.3118302366,5111.85977292216,4924.0396038979,5209.13074583603,4596.02485144971,5130.04407546724,4725.88444273637,2292.02748854117,2306.47308899344,3486.97802815418,3868.23193684674,3655.01086913914,2589.90595864831,4878.83605224851,5154.38034611047,5462.5409306946,5425.22326870369,5487.89111052979,4831.45991577575,2300.09358787481,2304.36236639862,5324.94479556174,5433.87361738897,3956.15648919065,2658.71427746308,5193.95068981512,5246.75019869062,5424.20830098825,5443.55056237491,4959.56304476507,2346.4387208938,2298.48457081187,2310.45208816463,5400.0846069956,5348.94263998655,5106.23271442431,3262.65687502401,5288.09995197437,5395.71536064116,5528.87228127919,5506.41336555147,5353.66955538488,2389.79763978609,2304.02294662417,2301.17126044204,5421.06079922566,5281.06285122664,4537.5283522522,2550.91740175991,5048.51365315025,5164.00569781113,5336.24994578293,4989.35800574259,4855.44304006538,4688.52552430783,2299.32416388668,2308.27222480069
,62,5130.79725414906,5098.17756046131,5174.2260220945,2893.36752916538,5188.50085136789,5117.82584127195,5283.11852026053,4935.7780652558,5014.21084969363,3283.63820350009,5214.03071601786,4402.48658985807,3571.48952687808,3981.26587714292,3918.70416599931,5222.78163786531,5293.10436350825,5163.63276205257,5221.24352443749,5245.30902820237,5019.59675978648,2798.4407813263,3880.72815285985,4636.39391769622,3470.98102069951,3282.39530215733,4143.29292382856,2490.95639826522,5031.47079615947,3913.72330049376,5221.74488209444,5138.97423357195,5014.22489432779,5028.54393434259,2296.95615771309,2313.56289612842,4003.642756012,2822.79891763192,2493.05365126458,4834.81598509753,5083.67011497271,4893.74752000665,5176.72980639432,4568.58265681005,5096.20154097687,4702.09123329268,2292.4046083807,2306.74469789116,3469.8664034967,3843.42967820339,3637.68898101517,2579.31590051494,4851.00606474289,5120.51090074866,5423.51818973771,5389.52202497896,5448.13282497028,4799.61595660664,2300.38752548802,2304.59029795282,5292.14897166607,5398.95905026565,3932.6260569205,2648.77256967231,5164.16434183866,5214.28630898638,5389.68780714845,5407.90989498692,4928.59143919432,2344.91195090158,2298.77790854257,2310.85002220452,5363.4930576872,5314.20202666349,5075.89964606974,3242.87674038038,5256.15112620339,5359.2302230447,5491.97602667388,5468.93760313584,5321.1190961112,2386.81837854093,2304.12208167736,2301.66950079146,5384.89700510773,5249.45782079983,4511.04539648725,2544.02616486115,5019.35937464185,5134.48637384847,5301.84891920092,4969.90610474725,4827.60468433178,4663.27654403234,2299.16689615161,2309.00156165393
,62.5,5093.47394160835,5064.66865569412,5142.06908194952,2878.8581166915,5155.73944837302,5088.3495000438,5247.82362268473,4903.81118546698,4984.15046852258,3271.07514117235,5183.49180590662,4367.04801468876,3553.65798353133,3959.195088644,3898.1127336961,5188.2593530934,5260.42383659631,5131.82472610381,5192.26479799008,5213.77771056281,4991.18561828764,2792.39052427264,3851.87701550191,4597.39003390016,3456.12530552592,3263.95743525022,4120.05447103838,2485.59236791221,5001.38665128906,3887.47645357141,5188.12153219838,5106.28178027632,4986.43913354754,4999.6364643776,2297.52456867008,2313.63141120451,3981.87541137332,2808.92211496527,2484.02603142055,4802.83995712332,5054.73998567014,4863.19691054464,5142.93092018064,4540.17466085128,5061.47098994868,4675.01554916506,2292.82076942592,2307.0121107564,3452.62081989802,3818.68625605791,3620.19129594536,2569.07402800714,4822.03811533482,5086.85859839315,5384.30510291319,5353.97733319252,5408.84918392546,4767.48585743391,2300.80755296378,2305.02884737925,5257.69027352246,5362.64663215836,3909.09689974761,2638.80129247645,5133.34611434356,5181.60924292074,5354.51592403346,5370.68272185854,4896.52821417785,2343.64304561356,2299.18996043985,2311.17955152553,5326.61551373179,5277.44612717127,5043.55625683502,3222.74287346074,5223.57573456975,5322.97720195447,5455.0888877076,5431.48198313266,5287.96910029656,2384.18101370096,2304.18940436051,2302.27582932003,5348.49925596269,5215.4319176387,4484.08472600936,2537.14105176869,4989.53843070421,5104.82407460072,5266.23857522768,4946.22301903255,4798.61905876437,4636.38637906945,2298.91332417549,2309.55567562422
,63,5055.98697548569,5030.81886937006,5108.33091859997,2864.29234999127,5121.63291205488,5057.94987501206,5212.26284362436,4870.62020651057,4951.44465621876,3256.99680963317,5149.26483986245,4331.28011442823,3535.82502336426,3937.20796324464,3877.23321603793,5153.29307510567,5226.09931775312,5099.65214560781,5160.48755623084,5180.29836445931,4960.55224026239,2785.67117752109,3821.76697152744,4557.74002028529,3441.15597850426,3245.0968102904,4096.47223973089,2480.45455474603,4970.46263899183,3860.72132021951,5153.45978755606,5072.11919215987,4955.50905911688,4967.68754022646,2298.1779728474,2313.62882039814,3959.77124470006,2795.02485283641,2475.72533871488,4770.47045229325,5025.02565128946,4832.65053747701,5108.27674846557,4510.78686134497,5026.25838393461,4646.41057321948,2293.21549743394,2307.33834277376,3435.01825674931,3794.05056573554,3602.72156793014,2558.96915892254,4792.17878674904,5052.91592725783,5344.74643657443,5318.11305794486,5369.7009322526,4735.36999025411,2301.21762212773,2305.3729316354,5222.21402179378,5325.7060365614,3885.60035400065,2628.94760093728,5101.82551143459,5149.02755884937,5318.89147732349,5332.96775537992,4864.05989457943,2342.40774154268,2299.90085927537,2311.65846100305,5290.15005314572,5240.00671342363,5009.98186256207,3202.72635139672,5190.55206515917,5286.77979927439,5417.82405237529,5394.1347508003,5254.87908862507,2381.63129725941,2304.17376411384,2302.94787489136,5311.94113159505,5180.5130696969,4457.20429264331,2530.4949158986,4959.11656398974,5074.62548766787,5230.38943440524,4918.51927842242,4769.07516712425,4609.01291533762,2298.79701413142,2309.95785135478
,63.5,5018.57850796142,4996.37273478586,5073.24735203236,2849.63988687699,5086.74959289547,5027.26634165469,5176.62966719263,4837.12209275846,4917.78484632053,3242.46361732234,5113.91164191544,4295.67109249975,3517.96415017724,3915.44868507025,3856.24279822918,5117.84978277657,5190.93962830565,5067.07090283222,5127.14258115126,5145.61714092046,4928.21963503147,2778.69857123778,3790.77970149766,4518.42603954332,3426.07219310606,3226.03078943985,4073.01629815566,2475.65264531828,4939.15449849146,3833.53730423034,5118.15448299495,5037.25648692591,4922.87458856756,4934.83461510428,2298.80158435422,2313.6567105739,3937.9646410485,2781.2899505873,2467.88073988232,4737.55661738401,4994.60935451421,4802.25735630518,5072.66702011728,4481.01369013549,4990.86719479524,4617.39400558766,2293.83975710544,2307.5271379899,3417.62934071211,3769.08251438464,3585.35157193425,2549.28530520682,4761.66136331561,5018.8956081027,5305.53155667957,5282.36468533073,5330.77683072823,4703.18506397343,2301.76620464884,2305.6754889727,5185.85554615362,5288.53803181123,3862.48883246667,2619.18794888035,5069.74922526819,5115.97032098733,5282.88433728274,5295.21804879898,4831.11637812816,2341.3998648421,2300.54611458413,2312.46183763542,5253.51359416443,5202.28563941626,4975.74771854543,3183.31459554726,5157.30709992779,5250.55404024536,5380.70786039169,5357.10758143642,5221.66570272047,2379.05142331534,2304.28149964727,2303.22273202847,5275.56718771095,5144.53108545677,4430.14796717102,2524.0895152658,4928.37684041453,5043.87948887915,5194.0217787073,4887.89583838783,4739.29944856598,4581.27101528979,2299.03054874968,2310.29719194083
,64,4981.33422067879,4961.80766574573,5037.71013221578,2835.30930649091,5051.92241939107,4996.42505107864,5141.06510165668,4803.78882039835,4883.83073896506,3227.61685232764,5078.29285277644,4260.21205708237,3500.67464296638,3894.03386724729,3835.57576694044,5082.58870378907,5155.37527770682,5034.70110385291,5092.66145008976,5110.38161960541,4894.93388285899,2771.24164164618,3759.54171567401,4479.35682350015,3410.94242323693,3206.84825854057,4049.60476009884,2471.13066862126,4907.89226566223,3806.13760989625,5082.31260889266,5001.8570826265,4889.73012173981,4901.75974230965,2299.530765205,2313.59439056913,3916.20574804096,2767.531248957,2460.27514653417,4705.14417763496,4963.83996578185,4771.90308072061,5036.71769101663,4451.09907163742,4956.06758625508,4588.17874489266,2294.4711862519,2307.61093514983,3399.88432697222,3744.34884681383,3567.84517167821,2539.89434222449,4730.90532270826,4984.74105488578,5267.02634884193,5246.48478502133,5292.12350332258,4671.22734707759,2302.2077335654,2306.05171106615,5149.16689607781,5251.47196473376,3839.52276467987,2609.62181271813,5037.11071290333,5082.65986286271,5246.71725006364,5257.66919535229,4798.15703860281,2340.62483059666,2301.30446609534,2313.02226629992,5217.03748945863,5164.08884355649,4941.58441479574,3163.9084632345,5123.95536020097,5214.54074672421,5344.1240264842,5320.17941512185,5188.44593005196,2376.78551717184,2304.41979082769,2303.45544505978,5239.24390902821,5108.49096207283,4403.064749882,2517.80456402598,4897.75522522303,5012.70396889158,5157.18980829492,4854.91482270418,4709.24810518075,4553.04974753073,2299.58458832353,2310.72247323474
,64.5,4944.45815162666,4927.58910740021,5002.00625787823,2821.07056114127,5017.29590967961,4965.1955136496,5105.46964483421,4770.11198727734,4850.1694002782,3212.67299150195,5042.50725583254,4224.87977160311,3483.74289291564,3872.64803451923,3815.1016861889,5047.35046808435,5119.88947681331,5002.27036195773,5057.41879714194,5074.92307883908,4861.0582208611,2763.71038462101,3727.96074302037,4440.37575440129,3396.00318485644,3187.46336983078,4026.38970070062,2466.74568679645,4876.63220197693,3777.94943121628,5046.03701288076,4965.93267750821,4856.27072337453,4868.36663685419,2300.07210968889,2313.55612342788,3894.41072866539,2753.77123941298,2453.2507324232,4673.17885613489,4933.0787837243,4741.28429866266,5000.89277792696,4421.30354899094,4921.25816357041,4558.59974897019,2295.10918631482,2307.78169838941,3381.64373722858,3719.87380145846,3549.8191936035,2530.69538194757,4700.30911305813,4950.40125408163,5229.00320787305,5210.08853137425,5253.45474404489,4639.58342403848,2302.63932906506,2306.50078802928,5112.06717155804,5214.34093008277,3816.6574866531,2600.40937449897,5004.19556761135,5049.07427621465,5210.25775008577,5219.91311500471,4764.92867843999,2339.99200323425,2301.97360853176,2313.37443235907,5180.49587155815,5125.56711979656,4907.55757702192,3144.07812504761,5090.71745997072,5178.25175964753,5307.8032279624,5283.61104603984,5155.2438316529,2374.65831175572,2304.80011265331,2303.55999169581,5203.06945908516,5072.3675708605,4376.30920791776,2511.74014257154,4867.12492347706,4981.2712280396,5120.13867334076,4820.9062596981,4679.43209108239,4524.73865362158,2300.24731415553,2310.86017603749
,65,4907.8552531238,4893.30652841513,4966.72322727789,2807.00006515314,4982.58851896941,4933.24923643179,5070.33085741225,4736.32381962036,4816.29207327326,3197.60931100592,5006.74065024415,4189.76440065769,3467.11842525181,3851.50553684528,3794.74729095889,5012.41505738423,5084.09799751961,4969.3898369311,5021.59070733039,5039.18274364277,4827.02072800517,2756.37315579523,3696.16834030476,4401.4881433065,3381.13444005721,3167.62992991645,4003.27982718727,2462.53137955338,4845.13096462196,3749.18676989555,5009.64033993287,4929.93018330705,4822.46377190723,4835.19579745047,2300.62900783234,2313.81464568633,3872.83561007402,2740.3439238862,2446.09480239021,4641.07793011337,4902.1280446071,4710.91817515154,4964.98498306872,4391.43258068706,4886.82783443879,4528.50441015224,2295.71930341724,2308.0247115324,3363.23505360932,3695.68171833473,3531.80237715089,2522.10694246639,4669.19564293701,4916.05817570244,5191.06861693101,5172.8636368038,5214.80388775814,4608.06439305492,2302.9618596755,2306.79601693327,5074.99909141997,5177.04250474816,3794.06476080349,2591.28506365291,4971.13114629908,5015.51915214907,5173.95168924983,5182.16971763563,4732.03926031195,2339.41833934119,2302.64919542848,2313.93166449157,5143.9468272229,5087.22545554275,4873.88239203323,3123.9495822103,5057.41315366263,5141.53272560212,5272.03036059591,5247.22352743406,5122.02312429728,2372.44156679219,2305.15407220018,2303.65565033165,5166.92211498734,5036.11966105845,4349.50204618011,2506.07037430795,4836.13561283341,4949.3772554429,5083.2638929504,4786.30980122334,4649.59104376426,4496.32477768667,2301.01005379318,2311.04348218188
,65.5,4871.02013533829,4858.68472913711,4931.25194119333,2792.92288409409,4947.95828229429,4900.4950570081,5035.23829376894,4702.5063789672,4782.48336803933,3182.49598860295,4970.92423890833,4154.20688876942,3450.75206028068,3830.28062685607,3774.55766989511,4977.6480624865,5048.04350399646,4936.14534844735,4985.32210956055,5003.23926750068,4792.78229856929,2749.07350664347,3663.62780638783,4362.56689835746,3366.38922073256,3147.70341632199,3980.38061837487,2458.42364728723,4813.37245946351,3719.64348649504,4973.06272301321,4893.95671670488,4788.26354715105,4802.00894063258,2301.14880919314,2314.45209316988,3851.86341706222,2727.04963013216,2438.90109726948,4609.07434964954,4871.12834596772,4680.19739454749,4928.85394549652,4361.63156065716,4852.45563515485,4497.97059722418,2296.248217369,2308.40875391622,3345.14307075657,3671.53978751626,3513.42250399001,2514.05750623474,4637.90441952879,4881.4771938931,5153.07126448418,5135.1397574213,5176.40422552951,4576.2778313161,2303.23984209119,2307.1983619802,5037.75594440058,5139.86726628734,3772.04231691711,2582.29815861603,4937.79397439996,4982.00223008391,5137.59080101395,5144.5649113621,4699.06791604615,2338.94740037407,2303.24876626097,2314.36392045067,5106.97066834998,5048.88162480817,4840.49358712734,3103.4217862642,5023.96532550176,5105.01977091371,5236.649039847,5211.33485845036,5088.71037978908,2370.10984053944,2305.84234032981,2303.48807657654,5130.85224396222,4999.85717723668,4322.67187007774,2500.67016723366,4805.3752132244,4917.49863238869,5046.28103011488,4751.63852622457,4619.79596252235,4467.89072911099,2301.79633090642,2311.21819864364
,66,4834.25176732867,4824.04277628989,4895.8542010192,2778.98287671908,4913.81990555726,4866.88405058721,5000.77037606611,4668.61668867833,4749.06591842885,3166.81125126826,4934.75297390522,4118.38024050564,3434.52697487825,3808.92015688817,3754.53657780752,4943.42775175223,5011.71775462291,4902.86269232788,4948.8636893608,4967.32589135635,4758.76096094584,2741.65902649655,3630.66816861305,4323.373789195,3351.63906424883,3127.20368779627,3957.3335724481,2454.39392411808,4781.73084248603,3689.16195626573,4936.53362090368,4857.93872527873,4754.10441045012,4768.61803246876,2301.6230658964,2315.2045450326,3830.76103159147,2713.9771923964,2431.80418574741,4577.43912582669,4840.52603205621,4649.37576634172,4892.97627634708,4331.52894925945,4818.0370866666,4467.28514567138,2296.57181722614,2309.11244512596,3326.98846559176,3647.68638557128,3494.69831580456,2506.52956169127,4606.42434965363,4846.78856143488,5114.7489976652,5096.64357477268,5138.22222512739,4544.68540580097,2303.3021233045,2307.6234086188,5000.46588439217,5102.67352368566,3750.02773274643,2573.374596754,4904.40545139283,4948.66842423357,5101.35127177298,5107.03118794951,4666.14114456325,2338.39900280489,2303.85801176335,2314.71843228115,5070.2400637717,5010.17401564505,4807.14315425822,3081.97675362454,4990.38407768789,5068.52453276103,5201.44214380671,5175.13680467715,5055.11010823279,2368.04137214527,2306.59763638454,2303.59516128027,5094.68697984999,4963.94781448688,4296.06672817239,2495.51159820081,4774.34132217815,4885.46816742707,5009.26980327763,4717.06605669423,4589.54151158992,4438.95699946144,2302.32251003579,2311.30654828491
,66.5,4797.59099632238,4789.08699473385,4859.88906879664,2764.7256781822,4879.35285036923,4832.48923777065,4966.64116300801,4634.51124296889,4715.91170675176,3150.86090463285,4898.73110159011,4081.81906873274,3418.0379104974,3787.54376448556,3734.40493819008,4909.1421570413,4975.04429235012,4868.86149010495,4912.01651949361,4931.2057399314,4724.83514413107,2733.98726193042,3596.48382720285,4283.58008572291,3336.96285634049,3105.76528153196,3934.53306287838,2450.60554586802,4749.67654418989,3657.63965452707,4899.99290756025,4821.99767904445,4719.35070910568,4735.14293522306,2302.11681759599,2315.97469420718,3809.73023778267,2700.66593452684,2425.19533660342,4545.38589452676,4809.86102922539,4618.51450784969,4856.99896821001,4301.18797058751,4783.05700553022,4436.1619001209,2297.05969653304,2309.88334138007,3308.96204347895,3623.73495482075,3475.92106927278,2499.48923630505,4574.62221140768,4811.90667221282,5076.12981109456,5057.68505820321,5099.56731990615,4512.94784779097,2303.3771170534,2307.97319234395,4963.23321980397,5065.3851315811,3728.13523507265,2564.08183280966,4871.06507214081,4915.06630963703,5064.55017729656,5069.26467627644,4632.77171524864,2337.89213242842,2304.23316115624,2314.83906158535,5033.22618338525,4971.6944665389,4773.362982846,3059.37685804973,4956.32476685468,5031.7040268614,5165.76166268948,5138.95558115939,5021.43500703968,2365.78116460661,2307.63461561709,2303.76676798847,5058.41049558337,4927.815619605,4269.04751182797,2490.86474067547,4742.63696670152,4853.32153549033,4972.31975297328,4682.59827973995,4559.12388572608,4409.98349984621,2302.87675700523,2311.4534798253
,67,4760.78835145546,4753.73083039128,4824.11556561142,2749.89310034241,4844.56029156862,4797.09144042062,4932.98778286808,4600.50583482335,4682.44524169437,3133.65783367634,4862.59146043035,4043.98896825205,3401.22983204418,3766.32463739867,3714.37987584934,4874.54852540503,4938.19153089472,4834.48801079058,4875.16546328126,4894.92784462476,4691.01460510578,2725.90303149381,3560.41327161906,4242.47504365562,3322.42242845882,3083.26825349292,3911.99812224192,2447.08217752351,4717.29304561775,3624.69244910403,4863.57219650288,4786.03281998028,4684.12236382002,4701.8949566476,2302.66582473646,2316.90563964276,3788.83320378353,2687.18655444429,2418.91709964792,4513.21416053977,4778.75857623917,4587.71737227695,4820.73360528608,4270.54065270605,4748.03043661269,4404.69241737752,2297.37078867259,2310.52770478266,3291.2621060906,3599.41468041065,3457.23332843565,2493.05084040619,4542.07809264282,4776.97061076605,5037.21510046826,5018.6003467102,5060.62873961323,4480.99930129664,2303.44107028859,2308.45105964117,4926.32627943025,5028.37389638573,3706.12758552086,2554.00537868512,4837.50850449234,4881.34862965934,5027.72891426486,5031.3445394346,4599.45487559428,2337.32747543869,2304.64548138764,2315.15308019224,4996.25558381476,4933.4697689028,4739.39930918497,3035.39809701543,4921.27775733564,4995.18201733379,5130.02037973117,5102.58183605605,4987.25300140269,2363.8582691274,2308.38501721296,2303.96985387461,5021.9913444449,4891.52787852672,4241.79559979841,2486.46979822943,4710.345031896,4821.05599654453,4935.55097151416,4647.92308948834,4528.45795804169,4380.52532407228,2303.47594420484,2311.87349807907
,67.5,4723.09921047866,4718.11721490611,4787.67722104566,2733.85741033551,4809.51033614109,4760.85810466262,4899.25625275027,4566.09964776454,4648.75974471611,3115.18892823413,4826.3106365539,4003.34443222306,3384.00751351799,3745.20109663958,3694.26773662658,4839.7517331924,4900.80632424803,4800.12756651998,4838.2188593364,4858.72593569769,4657.06478370613,2716.91279936125,3520.82828014522,4198.46829696353,3307.45243815964,3059.19095121338,3889.23439308918,2443.67875241478,4684.73773195198,3589.1489226875,4827.1010251271,4750.20167326804,4648.92974556247,4668.24939868343,2303.02946859766,2317.63388636334,3768.01269686668,2672.69717290809,2413.38377569924,4481.32724744299,4747.58027444912,4556.41172355817,4784.19187405712,4239.52837162838,4712.93784831943,4373.15317074875,2297.6426859292,2311.08350947743,3273.31440348629,3573.60846555758,3438.30899925499,2486.64176018556,4509.16341122493,4741.84348297972,4997.94473390867,4980.05151050077,5021.81556703918,4448.92296644372,2303.48202374423,2308.99982583593,4889.17130450204,4991.45082483901,3683.53082682681,2542.57639573008,4804.0993467833,4847.7948346023,4990.90376947558,4993.66633725469,4565.7001857695,2336.76322936928,2304.98452748126,2315.48816573055,4959.27252146521,4895.04930440672,4705.05241606277,3008.56526201338,4885.16305185134,4958.91467218539,5093.40378313936,5066.04595609371,4952.50913230852,2362.10168732102,2309.04197009176,2304.2194188723,4985.67250742418,4855.30135677047,4214.595250611,2482.10925515969,4678.11503020178,4788.97134626166,4898.66624560083,4613.05610455396,4497.81719498624,4351.08772105913,2303.84695732357,2312.2066933136
,68,4685.1361432263,4682.92881927957,4751.29826920167,2715.9452238773,4774.40305946174,4724.48806726004,4866.00257667122,4531.61220211319,4614.90957851053,3094.69488374734,4790.1110467117,3958.2686369906,3366.33879149839,3724.44623246125,3674.3683017179,4804.61671742777,4863.56082445716,4765.72673025366,4801.55153758008,4822.58723075088,4623.32272827236,2707.00791454002,3476.10782272912,4149.40060673009,3292.3928813543,3032.20569563319,3866.52070699879,2440.69993272693,4652.51729030957,3549.41480432456,4790.95668002546,4714.54860052146,4614.17908040712,4634.53512704874,2303.42855532412,2318.16053664097,3746.73871940093,2656.62005547708,2408.4649303558,4449.60804640684,4716.33886555718,4525.3438227568,4747.57608621516,4208.41114047754,4677.83525420355,4341.48428815529,2298.12403759137,2311.71046275808,3254.32544368354,3545.65813786475,3419.15553074148,2480.75046776164,4475.82337709352,4706.85738563979,4958.40988897687,4942.10151365761,4982.87048389607,4417.06167409712,2303.55166373907,2309.6038932296,4852.29210756059,4954.1883620922,3660.19774012058,2529.15492870123,4770.73756681425,4814.07423905172,4954.2586265656,4955.88792206892,4531.97999720656,2335.97691292267,2305.35648095902,2315.70646653968,4922.48149200089,4856.22624038957,4670.6097128927,2977.24385133506,4848.03701031142,4922.2119259108,5056.46049446248,5028.79260138747,4916.50304730292,2360.76987823834,2309.36800142779,2304.83189447005,4949.32844048738,4818.8558166277,4187.22508588614,2477.90540080936,4645.25968867046,4756.76797172686,4861.74667363221,4577.90632567823,4466.99617564906,4321.50333618976,2304.254818765,2312.64571147229
,68.5,4646.55412919618,4647.9953668097,4714.97472732974,2695.13344846538,4739.12673896046,4687.56707685975,4832.55904121974,4496.86422023217,4580.75860020702,3071.89347738635,4753.90994150934,3905.56993439556,3348.23420340841,3703.63235776886,3654.54515619997,4768.89871919107,4826.30455490804,4731.13232170864,4764.68291867618,4786.51366601872,4589.37836031355,2695.81476975832,3423.31588809287,4091.74718896216,3277.16417860572,3000.98628082124,3844.03080421691,2437.94886854797,4619.91103511821,3503.16328484611,4754.69523750332,4678.76339640174,4579.02088573524,4600.72012754691,2303.68762470165,2318.63781348806,3725.74683953522,2637.93785822375,2403.91197185571,4417.81516020531,4684.56132965391,4494.08988583244,4710.88433062541,4177.24967120377,4643.01713353839,4309.5551996443,2298.71526921404,2312.00803062621,3233.67355706022,3514.17515891308,3399.48287007441,2475.04217514559,4441.92751088385,4671.50002695989,4918.98431262848,4904.61563129006,4943.61949534153,4385.14007951157,2303.96128637202,2310.12490470877,4815.29618800722,4916.84274683497,3636.03216741189,2513.03675596583,4737.63254969857,4780.2403078385,4917.67780073598,4918.13624286517,4498.02512906263,2335.19966519299,2305.67640951829,2315.77651214356,4885.53944770791,4817.24266283767,4636.32892206807,2939.7803681391,4809.9149860847,4885.28537059578,5018.68400841368,4991.22490884021,4879.52434978286,2359.59829220678,2309.4124673179,2305.43409368249,4913.07439378047,4782.32825398354,4159.57007673338,2473.80373349045,4612.39518740445,4724.71429261212,4825.13388311601,4542.29883745727,4436.44667556457,4292.23285407618,2304.75273830351,2313.33079436701
,69,4606.88936131731,4613.34610445321,4679.17075919029,2671.0922979637,4703.94752882341,4650.2843582366,4798.68340006621,4462.04104317992,4546.31702385182,3045.7803791519,4717.63930261566,3841.96683528823,3329.66625112515,3682.38445541474,3634.65330131144,4732.70371183572,4789.30232284855,4696.87737354282,4728.22529667416,4750.74443527516,4555.11360044725,2683.5250207027,3360.29884274878,4021.41388243299,3261.45886802204,2964.11394295767,3821.3577871359,2435.34449849729,4587.3918587864,3447.79480181136,4718.55056019173,4642.80096062942,4544.60979381757,4566.90395659274,2304.01223133272,2319.05396609792,3704.8003824266,2616.10571733154,2399.49523032371,4386.33588383188,4652.9206125313,4462.66643241856,4674.3286990434,4145.71416708378,4608.6404550892,4277.64921124299,2298.92337514573,2312.28122188857,3211.10559538923,3478.25107374775,3379.10103690189,2469.27511066365,4407.2464685868,4636.20072496769,4879.41604713327,4867.63794632141,4904.85147706418,4353.46352749266,2304.51116952328,2310.6655370079,4778.34302860717,4879.27007776331,3610.92719601915,2494.30928757634,4704.49043655424,4746.82765053271,4881.6713511358,4880.59102781951,4464.18180092894,2334.36027125508,2306.16547914212,2316.30044912358,4848.98165555269,4777.79521257839,4602.6585034436,2895.09811469426,4771.13613672173,4848.58832670739,4980.94619865946,4952.54618998532,4841.53631431997,2358.91029368897,2309.2363212716,2306.18978052481,4877.01629139483,4745.99622394253,4132.20547433353,2469.67825428549,4579.79413477138,4692.91042579769,4788.61282724117,4506.42430814191,4406.10964085792,4262.96800043372,2304.91265783518,2313.79208737712
,69.5,4566.06174413909,4578.8029429478,4643.16749958146,2644.04259998548,4668.8431254936,4613.03323745949,4764.03618033616,4427.16795543031,4512.05003895497,3017.1383908756,4681.5690479059,3763.24510476401,3310.93210124977,3661.22045571692,3614.70537885524,4696.35162636517,4752.22943327761,4662.55478570616,4691.71890335393,4715.16309763827,4520.68560849219,2670.100211944,3285.09888761381,3934.25405295599,3245.40150308032,2920.27064434095,3798.41505768425,2432.47057931042,4555.08101061999,3381.41669844641,4682.55020924841,4607.05766840604,4510.84171595918,4533.11226845626,2304.32419293877,2319.36660953379,3684.11384267595,2590.18797978897,2394.92701764,4355.10833814999,4621.81319991685,4430.85379656873,4637.97909827885,4113.81791478147,4574.55560477209,4245.65376330097,2299.26397836669,2312.69189106645,3186.05504049394,3436.35263040637,3358.1360101465,2463.76060051192,4371.92219352415,4600.76603060683,4839.86527613358,4830.87948871597,4866.34927334222,4322.03189976509,2305.19772604246,2310.93435604581,4741.49340483901,4841.56597541931,3584.90053427042,2473.4587955897,4671.88941192437,4713.54846390447,4845.81715822215,4843.39659194032,4430.109986374,2333.73338596907,2306.54681271625,2316.86859184756,4812.6685065359,4738.26900827497,4569.19137015455,2842.58720858864,4732.33763554075,4811.64528594532,4942.46163618816,4913.11865190727,4803.29709277474,2358.03612024853,2309.32321263644,2306.94761381065,4841.14225318824,4709.82979423059,4104.71547150066,2465.37836248278,4547.42024888442,4661.14097847833,4752.15269310343,4470.61018868977,4375.75347772663,4234.00864238181,2305.00899182961,2314.05847987936
,70,4524.95645754652,4544.38255568212,4607.61633220126,2614.90275270817,4634.44230331951,4575.98425885796,4729.19394766735,4392.83040240457,4477.98246514949,2986.2811133635,4645.62683581037,3666.50493769248,3291.36008335284,3639.85569347152,3594.64585158594,4659.52661216842,4715.49773160249,4628.32277838722,4655.19383175257,4679.79629155192,4486.40467010343,2656.31217741024,3197.2130110062,3826.71130226313,3229.42127358673,2868.72851519546,3775.81763397628,2429.95532338534,4523.26636430081,3303.42818048273,4646.51006035897,4571.29461696011,4477.0300004845,4499.54498720043,2304.58700828466,2319.89522421074,3663.36942135976,2560.57084420046,2390.11944666676,4323.82196022908,4591.23759864532,4399.2406653635,4602.04480839987,4081.8767055252,4540.56350170228,4213.62487672428,2299.64823501708,2313.05168567752,3158.50509974534,3388.96212369668,3336.65481085991,2458.62438817605,4335.91341125803,4565.055657952,4800.67378761093,4793.98924287925,4827.70854078119,4290.83455472346,2306.13601917486,2310.96366765891,4705.08068420827,4803.78173318834,3558.27170064313,2451.79654139985,4639.50585904567,4680.19854666094,4810.19253418619,4806.17308427203,4396.19080041474,2333.07299258485,2306.88967783846,2317.06160321681,4776.78479638523,4698.74410973562,4536.00741120381,2783.69059034932,4693.82068826608,4774.77622892909,4904.21692781986,4873.26950805294,4765.097459404,2357.22721443665,2309.57887870805,2307.62885927715,4805.04282962085,4673.71706316815,4077.34004564719,2461.40003014388,4514.91351351133,4629.51700913542,4715.94009417229,4434.78697708241,4345.1478952804,4204.82413001742,2305.44432477442,2314.6467558322
,70.5,4483.17436019448,4509.81612105978,4572.15462898763,2585.07261029075,4600.35764916846,4538.65932141777,4693.90082687921,4358.55541233277,4444.06983045177,2954.62688964917,4609.96539470615,3549.8164397338,3271.32497041668,3618.41607244036,3574.49188522802,4622.52611085881,4678.36867997908,4594.13397611133,4618.63325306061,4644.6266828543,4451.82835443749,2642.46288731526,3098.26379812755,3697.0897359209,3213.37905470247,2810.08990556033,3753.201935575,2427.25444644549,4491.42899343255,3215.31941604515,4610.16326400731,4535.53094804641,4442.78105308672,4465.99237380572,2304.88998510294,2320.30882623864,3643.04717965926,2528.68184127944,2385.25867628876,4292.53271955845,4560.91730585257,4367.56328980056,4566.54056573734,4049.66352596661,4507.06049892068,4181.36169351162,2299.88102230574,2313.12275612447,3128.82992685697,3336.07002067486,3315.13811514514,2453.0615276481,4299.30915759469,4529.28584170857,4762.08819533023,4756.93012132323,4789.22716445108,4259.90527522371,2307.18506536964,2310.86253763061,4668.84139073529,4766.27188305934,3530.98895004849,2430.87367774717,4607.70011099213,4647.27584625447,4774.62089471136,4769.07405847995,4362.05470028959,2332.7813554891,2307.04198884461,2317.50469293243,4741.21210312208,4659.5118370834,4502.88166273922,2721.0179630379,4655.41094142371,4738.27998862666,4866.14276697106,4833.58464717077,4728.05097330395,2356.36826800877,2310.03202848782,2308.11406978634,4768.99661963589,4637.86275808911,4050.02754975553,2457.62222143566,4482.68447791307,4598.15306820698,4679.95242309803,4399.08808772989,4314.93799861538,4175.54877106753,2305.56465138227,2315.06458208704
,71,4441.18376340179,4475.14066591197,4536.66366230677,2557.01793383028,4566.63114653497,4501.80857855363,4658.2947785756,4324.99033873005,4410.42460885704,2923.65011904417,4574.59649353229,3414.45318227055,3251.37270832894,3597.2312067411,3554.32434664716,4585.5870073281,4641.26599513927,4560.40251970213,4582.59557049232,4609.71205175203,4417.54771311829,2629.59060914931,2992.80647260014,3546.36581098148,3197.33206722655,2746.64476806592,3730.67939788438,2424.95500983064,4459.99031271478,3120.72032611779,4574.31266146815,4500.23881111535,4409.12275566493,4432.86743286511,2305.50544228103,2320.60760877495,3622.51939815817,2496.69342652062,2380.55041718287,4261.61694175933,4531.33998649808,4336.39917495364,4531.10632663353,4017.33139046792,4473.67998910239,4149.28298171454,2300.11750394309,2313.43210770409,3098.11378077105,3279.24225528303,3293.84419215709,2447.73708912799,4262.19116084775,4493.92520348673,4723.70828291005,4720.11769838263,4750.86074284828,4229.27996055607,2307.92187033769,2310.85554096194,4633.03954589885,4728.88480359053,3503.59281560059,2412.37603914364,4576.09993662741,4614.68093102844,4739.08157128294,4732.02399954341,4328.26441548826,2332.64390639986,2307.3540494546,2318.18831335359,4705.92470808545,4620.88697833643,4469.8930618101,2658.46455855368,4617.16946103447,4701.92815493747,4828.71615976039,4794.34230603367,4691.7126869152,2355.55438431847,2310.69100956948,2308.58651923324,4732.9662052389,4601.65760667465,4022.86876816125,2453.78367289233,4450.37712024791,4567.06984597459,4643.65576509355,4363.85275360204,4284.88550459891,4145.97307488934,2305.73670064624,2315.19257737359
,71.5,4399.51608115091,4440.3440453596,4501.38190599053,2532.15425485572,4533.30341309482,4465.26956780122,4622.60468273096,4291.72257299648,4377.20432949821,2895.1998104901,4539.48033401809,3263.75134196132,3231.7597340748,3576.69031328072,3534.24626267753,4548.6664274949,4603.94300048895,4526.49174920275,4546.48588178942,4574.58897045367,4383.71981912235,2618.02080934947,2886.39771355354,3378.70358061712,3181.50681587802,2681.31413115343,3708.23579441233,2422.77706120953,4428.71476504075,3024.46092758356,4538.52384184127,4465.5382289671,4375.4018946528,4399.9602123246,2306.01502000154,2321.2302550469,3602.15385381095,2466.78539757153,2376.18171981412,4230.90037906773,4501.83142652569,4305.60904572909,4495.64934035459,3985.46398391097,4440.18815900754,4117.25795972119,2300.60662798775,2313.67686912907,3067.18880806774,3220.35573795421,3273.08800755809,2442.92158380025,4225.02408598679,4458.80314270578,4685.61948531749,4683.0402508687,4712.10994893225,4198.76569831203,2308.72326369991,2310.85523447049,4597.34692747861,4692.08958713739,3476.36516095784,2397.14613815753,4545.14080767083,4582.03998413301,4703.52770875577,4694.92533870176,4294.80599950315,2332.55682260332,2307.54973753088,2318.6085220849,4670.47242611436,4582.60780253598,4436.46680924962,2599.68200500139,4579.41081122536,4665.50573382804,4791.08493767871,4756.62541219579,4656.02012448415,2354.51687529752,2311.40333835781,2309.14987390572,4696.77687363526,4565.43425313486,3995.70277837585,2450.19428855813,4418.32610274217,4536.11073091456,4607.51546421915,4329.11468816608,4254.95273579228,4116.30642586349,2306.20737220846,2315.66136664623
,72,4358.74226868149,4405.5709525579,4466.34904485219,2511.38978094462,4500.86509854303,4429.09024335359,4587.12630411258,4258.75527823768,4344.12131005194,2869.93179945985,4504.5002813093,3104.69913291727,3212.12161627356,3556.00471522873,3514.27691458661,4511.6861830207,4566.72910805151,4492.96412604158,4510.57214417431,4539.3313611512,4350.3239163866,2608.09616819084,2785.48129833178,3201.22292719044,3165.805292339,2617.74474917414,3686.15581085533,2421.09147629264,4397.26590867076,2932.20509934222,4502.87443792765,4431.02460075791,4341.68063436287,4367.20542524826,2306.41046092846,2321.89840012855,3581.66490050234,2441.36381696316,2372.44547511324,4200.33282046299,4471.75498015577,4275.51648155704,4460.23641572255,3954.07813676992,4406.6783313076,4085.6813977617,2301.10385026254,2313.97334801876,3037.15725272662,3162.77247570463,3252.96092734423,2438.0890572842,4188.16161516195,4424.07962981612,4647.94461107924,4646.30453958204,4673.27386981316,4168.73542158973,2309.33935331565,2311.10000234236,4561.37393950621,4655.23188228182,3449.94754388925,2385.70591212408,4514.33172199946,4549.72074492604,4668.23299650983,4657.70864661464,4261.80745335515,2332.37567677998,2307.96952062881,2318.83040114811,4634.9967106235,4544.30846757099,4403.23973129614,2548.14695377757,4541.66286994289,4629.23086321975,4753.99005392319,4720.05160573907,4620.54165976898,2353.68749982503,2312.20955689243,2309.72370770642,4660.6207217638,4528.94004700147,3968.68003055418,2447.45094454932,4386.63686512717,4505.75173341035,4571.46950073384,4294.51282898736,4225.33185910061,4086.56728862546,2306.60855308026,2316.11585141229
,72.5,4318.77037343256,4371.14676323544,4431.39853209404,2494.82824159587,4468.43233630933,4393.16237359969,4551.35941249393,4226.04848436115,4311.49581963408,2848.28833993476,4469.8308596424,2945.98190254938,3193.66871259138,3535.67726851359,3494.78961559455,4475.03855233208,4529.47649294066,4459.42386523204,4474.87925840234,4504.0345035055,4317.26505250969,2599.46191780923,2696.54320767162,3024.00425458529,3150.22412032838,2559.68148145142,3664.10292510001,2419.41954346201,4365.56789918459,2849.47208498815,4467.49802021306,4396.94868080676,4308.37556273237,4334.67502402445,2307.19356914182,2322.26092348201,3561.25504134752,2421.41316759406,2369.14792231745,4170.10362579329,4441.22746191048,4245.94991575026,4424.84371202063,3923.29139865911,4373.6380533594,4054.35835900257,2301.63167270382,2314.38630107168,3008.94757056712,3108.21999329119,3233.84311485093,2433.45230861669,4151.60826177517,4390.18555283344,4610.57359300613,4609.59735253884,4634.81251872331,4139.04407667445,2309.89096214356,2311.6543189885,4525.37588526226,4618.69640574777,3424.63130049533,2377.58646954201,4483.92206867161,4517.57181246887,4632.88551782982,4620.7026667241,4228.95208100457,2332.13807120269,2308.36524545083,2319.29455013524,4599.33146566672,4506.47518746023,4370.01569598598,2506.11086758918,4504.31825541611,4592.84198297077,4716.83292339082,4684.147782714,4585.1857138849,2352.96427947572,2312.89959912385,2310.35581708743,4624.79979725563,4492.36147306755,3941.74603560939,2444.84485289426,4355.08794286698,4475.27358738309,4535.45734429352,4260.35560860148,4196.25443753835,4057.20713812025,2306.87334789412,2316.33062630538
,73,4279.91193945034,4337.12189497007,4396.7003633965,2482.62795804028,4436.56922667627,4358.16741058349,4515.47934559776,4193.75895167039,4279.09477228049,2829.93226228199,4435.08482852272,2797.18573230998,3176.13774725221,3515.58107553881,3475.43995478937,4438.60892100005,4492.86872982522,4426.03439175032,4439.419740309,4468.62197711862,4284.98495901875,2592.12048232117,2623.33532220964,2857.30920223179,3134.90123302467,2510.20704427951,3642.29799020747,2418.0287363213,4333.68132307638,2779.51142001797,4432.59854469212,4363.16932724447,4276.04453817416,4302.62492414608,2307.86725235354,2322.75481487022,3540.7954064719,2406.94644717873,2366.02181690412,4140.2310750647,4410.61754301309,4216.62627549373,4389.37868792101,3893.23255653097,4340.57290892317,4023.59614311957,2302.13746388289,2315.09110690249,2983.44735675441,3059.19325603729,3215.2345129549,2429.4479890403,4115.63048790394,4356.79537427219,4573.18392317107,4572.90781809403,4596.5973750344,4109.25391188585,2310.31299949968,2312.34428524274,4489.31278815022,4582.4677835464,3400.38231941308,2372.19689634944,4453.45406568875,4485.47142656902,4597.81542413169,4583.92747980835,4196.67060538298,2331.74501399566,2309.03967883394,2319.68916683691,4563.93844118607,4468.97420534261,4337.22388322258,2474.01603639436,4467.58821711851,4556.59571295407,4679.39948289969,4648.6041903008,4549.47323068265,2352.15568798895,2313.47456493853,2310.98930239546,4589.31171236462,4455.66570405051,3915.01948848873,2442.29170395764,4323.86593231673,4445.20231335846,4499.61031547053,4227.08387397165,4167.08660166823,4028.13855459662,2307.54129114714,2316.6285109036
,73.5,4242.159716939,4303.60142643625,4362.70646757319,2473.07655149078,4404.77663947009,4323.59598062226,4479.71690850293,4161.46749406834,4247.04896735946,2814.12466114367,4400.6359426925,2666.15731378471,3159.05928623242,3495.54821661598,3456.43297070752,4402.51856921057,4456.60172220651,4392.41825824579,4404.00713864344,4433.0728646498,4253.04573733774,2585.66819697648,2566.76949406117,2710.60200780711,3119.87002289924,2470.41770777441,3620.52200173858,2416.33245402803,4301.58414429369,2723.57683373584,4397.68224316969,4329.51725561157,4244.05240746406,4270.68388819276,2308.26039136603,2323.51088187148,3520.6355673145,2396.89954046127,2363.11417890987,4110.62007561457,4379.37771719932,4187.12304279184,4354.28294083105,3863.89286425345,4307.65017564769,3992.93816712691,2302.76660147809,2315.77926377981,2960.6810543735,3016.85256259606,3197.28011164852,2425.47434759996,4080.9694894745,4323.73373770485,4536.24415399464,4536.09308032447,4558.66926717449,4079.68782520851,2310.88416923592,2313.05592471347,4453.54772178646,4546.52850385159,3376.99793715994,2368.36024460089,4423.08570677295,4453.30873664355,4562.99265000651,4547.43774710958,4164.58974416206,2331.39418705139,2309.59787001287,2319.98274989892,4529.06312549023,4431.72875581905,4304.58055259196,2450.85139661336,4431.60338194855,4520.83184763471,4641.65750525699,4612.91314977393,4513.84218606213,2351.3773783191,2314.07291737434,2311.75658224546,4553.97808346352,4419.9128531838,3888.57223486561,2440.22459468561,4293.03238471204,4415.10052144002,4464.31192022553,4194.42293224595,4137.94410817142,3999.6966882309,2308.18725376234,2317.13737179005
,74,4205.49864999876,4270.71409399029,4328.71238668601,2465.6334341458,4373.35997728669,4289.56052562453,4444.01325525965,4129.49832502833,4215.44824556262,2800.1016808891,4366.34908882911,2559.08819186497,3142.37560010794,3475.58610983373,3437.68211733852,4366.87349634367,4420.87458185817,4359.19622896518,4368.98661970511,4397.71826996754,4221.21370400118,2579.85065781548,2525.79132949566,2590.36126133064,3105.14594240899,2440.54805060419,3599.25009371656,2414.62966067771,4269.22141268013,2681.31019148398,4363.05331406313,4295.81778228937,4212.22518668974,4239.11920483777,2308.71208100966,2323.91495435029,3500.51298388306,2390.22070266992,2360.184426363,4081.22126731933,4348.01549427171,4157.56593424722,4319.74156799357,3834.93520524684,4275.384257127,3962.5972664438,2303.30712118228,2316.54666589429,2940.25631371735,2981.40470885121,3179.82362229808,2421.62110456858,4047.37106786453,4291.19229973252,4499.51379723963,4499.72333940493,4521.45751810883,4050.34928741052,2311.42925808363,2313.92846402944,4418.2570230723,4510.36922830038,3354.65254799498,2365.72913691458,4391.82304988833,4421.22500936162,4528.34290103454,4511.53174140458,4132.60594896751,2331.10453949393,2310.20938412806,2320.51506625739,4494.73423620925,4395.13212586095,4272.46582672181,2435.19776943093,4396.04531834873,4485.4193321837,4604.32991179571,4576.79193170171,4478.21866847003,2350.81041028156,2314.69891935702,2312.02075538142,4519.0158921631,4384.44353336189,3862.41250622933,2438.11976823595,4262.11318679831,4385.16674003858,4429.10389869229,4162.05214864924,4108.67102662615,3971.6070093312,2308.85749642249,2317.68863709114
,74.5,4169.28488273009,4238.6057865767,4295.27367625545,2459.58132628832,4341.49631148645,4256.05077968884,4408.30587735622,4098.06263532224,4184.33948896702,2787.25353791419,4332.36276620445,2477.79027651381,3126.14367506958,3455.95605662,3419.00816088647,4332.01215435078,4385.40500791555,4326.23665468412,4334.34176223596,4362.83280615677,4189.39633735942,2574.25842836398,2498.00673662207,2499.10963794429,3090.63644613475,2419.40305394573,3578.23809300652,2413.02460467981,4237.16652332695,2650.48742614483,4328.67423197255,4262.27706846609,4180.67664693815,4207.78887862395,2309.26067995967,2324.30010003132,3480.46292790817,2385.39015212068,2357.1274995009,4052.22782115229,4317.66606452906,4127.89016764965,4285.66607757542,3806.43845059133,4243.51284584631,3932.48281447372,2303.85680121752,2317.19552047634,2921.71229060892,2951.63592185416,3162.73252159763,2418.10860845124,4014.46175161522,4259.04887104512,4462.86015408682,4463.27778141106,4484.83187113271,4020.70448901943,2311.93540258387,2314.85777206461,4383.83032670497,4474.81743028546,3332.90489975397,2363.51935592675,4359.91619723178,4389.16539046397,4493.65799958898,4476.34810338297,4100.91605576722,2330.88415611583,2310.73293065668,2321.20062451919,4461.00490850785,4359.12466433158,4240.32162485379,2424.91247040291,4361.39870071586,4450.46495172962,4567.03110901063,4540.37539236437,4442.63476358349,2350.36860649958,2315.13257977241,2312.42270440714,4484.19227326333,4349.8217024639,3836.40065000618,2435.53884567322,4231.03165681485,4354.85763134257,4394.14133610971,4130.16790516405,4079.61635964733,3943.72215072253,2309.90240216218,2318.44319627936
,75,4133.49114192244,4206.8037263864,4262.22588928411,2454.6638629271,4309.89403110853,4222.92208338136,4373.06141627393,4066.66307956093,4153.4787096812,2775.23282521492,4298.67611758998,2420.89296255798,3109.96587076057,3436.55752850729,3400.34927077884,4297.62095562372,4350.69960228904,4293.65696409919,4300.14361996735,4328.16461781652,4157.51218849574,2569.01186718925,2479.19611850922,2435.16431904255,3076.2871880477,2404.96114365924,3557.62573003627,2411.49827689608,4204.97162075027,2627.69055349148,4294.8448362989,4228.81193933912,4149.33534163244,4176.62922970546,2309.47363651395,2324.85720705424,3460.755916288,2382.02257738765,2354.3927074161,4023.44914961883,4287.65139873447,4098.0205570117,4252.0261679747,3778.27201878052,4211.47784128796,3902.79261619558,2304.33626570171,2317.93497442032,2904.65862007778,2926.5719113198,3145.62790197299,2414.67995712283,3982.35886800875,4226.96084235936,4426.2418177884,4427.20384730233,4448.3601458117,3991.25084159231,2312.34088655164,2315.78972949036,4349.90582468007,4439.39120289715,3311.50837595298,2361.79107881886,4327.26741445801,4357.55574475921,4459.0580574811,4441.37522027189,4069.93251874213,2330.96920082578,2311.44854808531,2322.09476727301,4428.16665201346,4323.33016302446,4208.49684428325,2417.87424358768,4326.92782930769,4416.12228899518,4529.86790808822,4503.93333473714,4407.13986158184,2349.9209001017,2315.7125169688,2312.83512140887,4449.61720463367,4315.80614656499,3810.52754350894,2432.95143485443,4200.20310921854,4325.14339894894,4359.35327925198,4098.57393912667,4050.48871942404,3915.82041411955,2311.06804724039,2318.99262219783
,75.5,4098.13838270336,4175.07531611989,4229.47649974727,2449.82260399139,4277.99048096188,4189.66534542007,4338.09464017246,4035.32570396434,4123.15248876179,2763.71465181944,4265.60493820078,2384.3997756177,3093.75697905746,3417.07325135973,3381.86621783826,4263.83947987388,4316.33633248149,4261.57798370506,4266.13711152559,4294.20663654558,4125.4106938135,2563.7218577982,2466.46319972804,2393.97950915278,3061.94510908955,2395.13257204541,3537.03301260232,2409.9731955773,4172.88960644076,2610.69267477317,4261.33605162875,4195.86653632591,4117.8571791221,4145.69736365625,2309.92303947902,2325.40237787222,3441.32976606652,2379.20341966821,2351.94421239376,3994.84335473219,4257.93336749045,4068.31184478674,4219.01896442972,3750.14443775778,4179.51024161661,3873.15826510256,2305.03393880374,2318.48307045867,2888.43628139352,2904.81128640176,3128.54678753078,2411.45898347875,3950.69685317475,4195.00708736031,4390.19752746301,4391.50705594324,4412.28219758851,3962.31134368311,2312.73898193795,2316.67192906359,4316.5628755974,4404.16066698497,3290.31838247611,2359.95060204707,4294.2449927778,4326.04818991849,4424.56391525086,4406.93077355815,4039.24350978068,2331.06169440411,2312.00995946464,2323.12525015928,4395.25986813333,4287.94706466445,4176.64752034857,2412.6364950209,4292.82846035946,4382.0740872207,4493.17835955339,4467.36430472441,4371.86296266163,2349.68617313104,2316.24890669005,2313.2272512122,4415.01029105736,4282.31996270492,3784.77454094593,2430.63866790599,4169.32501220275,4295.30509005398,4324.54296154253,4066.65185749132,4021.70526107797,3888.04568793754,2312.0173898962,2319.62071777837
,76,4062.83133568498,4143.44185280523,4196.64709596192,2445.51781179591,4246.23681929918,4156.46736278861,4303.44124080046,4004.31713990787,4093.03385847836,2752.71714821823,4232.78668132947,2363.00351548271,3077.41446766603,3397.83169877408,3363.06864563097,4230.21807541405,4282.12057388587,4229.88320097848,4232.30553903829,4260.7781221402,4093.15812783496,2558.36209768533,2457.32942790811,2369.6225039856,3047.68847709212,2388.14072285796,3516.70149900161,2408.77672906135,4141.02373411198,2597.24580955806,4228.19595085365,4163.28284119592,4086.20781318529,4115.11005609905,2310.50913253759,2325.716829801,3421.98549637833,2376.84015851301,2349.7184202202,3966.04671422319,4228.52377071541,4038.74514556284,4186.31233131536,3722.17827435746,4147.90356753847,3844.14656130601,2305.52439161177,2318.93431243626,2872.71386135662,2885.01232509462,3111.65586927478,2408.67268570927,3918.89881220329,4163.4129953898,4354.0342501288,4356.26142425904,4376.69785053096,3933.41485671614,2312.9946410295,2317.60636486792,4283.45767265748,4369.1654262486,3269.75451154398,2358.47941496813,4260.49042830852,4295.09980267736,4390.29255969036,4372.80927298663,4008.79822812543,2331.01160301483,2312.41221574732,2323.99335381304,4361.89004014139,4252.73090235744,4144.89638205232,2408.56765475068,4258.84373911577,4348.02279286574,4456.7867361456,4431.27947117051,4336.71645131913,2349.4311914274,2316.76434518297,2313.57337925678,4380.65676053358,4248.46881360311,3758.97626380409,2428.25137465576,4138.56896874126,4266.01928656151,4289.79786403347,4034.50176501453,3993.30780238347,3860.02392044642,2312.89178349247,2320.1928864994
,76.5,4027.79817186916,4111.96861711788,4164.27757694568,2441.52777681481,4214.19549324188,4123.40484607041,4269.52026134469,3973.52079867449,4062.85868992509,2741.97725080047,4200.2155241953,2351.38689023089,3061.15137983502,3378.66439965375,3344.39034505452,4197.10504664506,4248.18676634001,4198.18180270967,4198.66607045625,4227.95542286692,4061.30382948835,2552.95776538789,2450.34843658183,2356.21566494944,3033.53650419312,2382.73071188323,3496.10280444493,2407.75709463519,4109.55432742426,2585.56963842367,4195.401462598,4131.05555276761,4054.74987985682,4084.45787201811,2311.00614874203,2326.24464693954,3402.80362081648,2374.80088401284,2347.80553314744,3937.52929361298,4199.16004862576,4009.53351143052,4153.69708690555,3694.35582779332,4116.27690464596,3815.35829847732,2306.14350364353,2319.56233479176,2857.58531526593,2866.35007591141,3094.85472741132,2406.12820286635,3886.96802675727,4131.78065759039,4318.38218813427,4321.13155546453,4341.38878504994,3904.6130821866,2313.05614797576,2318.34391184843,4250.57413656639,4334.83441118443,3249.27311547115,2357.11682515127,4227.68027381488,4264.67093473868,4356.29430479167,4338.69561410199,3978.99461540825,2331.03618297675,2312.78429241832,2324.61453743954,4328.63208568162,4217.64153879437,4113.44328727031,2404.9255896721,4224.77636135138,4314.28222547406,4420.19984706507,4395.5186216848,4302.03278366293,2349.17656700298,2317.19774295343,2314.35839286173,4346.71683601177,4214.63403305336,3733.31365273789,2426.04264809758,4108.007348578,4236.80373192589,4255.47904709948,4002.34035420856,3965.57087188867,3831.99466277321,2313.77596053193,2320.47223739354
,77,3993.42899899535,4080.35312671682,4131.95661146166,2437.76396004219,4182.27126715847,4090.28740518104,4236.31911218863,3942.46720700443,4032.55619309816,2731.44004125142,4167.6450880203,2345.5437301443,3045.24365967537,3359.4713334504,3325.99489408879,4163.73340999458,4214.67229979472,4166.25124814044,4165.25282322642,4195.40175829946,4029.90622069899,2547.7590450337,2444.30070295971,2349.30639369413,3019.55981684617,2378.01134827411,3475.12196819907,2406.73174893078,4077.94994170902,2574.85864230075,4163.1164715222,4099.34762281481,4023.4807862732,4054.02617402118,2311.54168303339,2326.745350877,3383.76505975059,2373.10139192327,2346.11037799131,3908.74779588786,4168.85940449765,3980.24491460043,4121.21275486915,3666.65294298537,4084.60881692831,3786.66856798078,2306.76125022616,2320.22745303162,2842.97817183915,2848.5475957364,3078.13650435333,2403.6511240878,3855.29541200558,4100.34693438977,4283.38323169466,4286.329461698,4306.31058976198,3876.20315072566,2313.26431465062,2318.86583360961,4217.81532594338,4300.49422215731,3228.94458260912,2355.91676905769,4195.54118432649,4234.386867189,4322.73623330183,4304.41548497922,3949.26533417133,2331.06893856217,2313.16118417659,2325.17770494823,4295.07337178112,4182.78250865703,4082.49935582944,2401.66062272426,4190.35171651141,4280.42454829378,4383.51435774563,4360.09341665389,4267.64499703782,2348.77743983375,2317.70051480032,2315.02599636951,4313.11717789083,4180.58967397193,3707.83512621937,2424.05095819398,4077.76472410802,4208.04373563405,4221.44715248437,3970.2947979028,3937.78761963496,3804.17962199236,2314.31961083159,2320.65976520386
,77.5,3959.37163021348,4048.85249481908,4099.87623760592,2434.04060041149,4150.05531699409,4057.59601167828,4203.35594239313,3911.78822882689,4001.95735808701,2720.63915266775,4135.06971995453,2342.70928696187,3029.45417349937,3340.02812701764,3307.59616741085,4130.29183710702,4181.119739385,4134.10592968754,4131.92319833238,4163.06596613049,3998.96094536411,2542.41499151101,2439.35042050417,2345.7307958444,3005.77734191785,2373.94983473457,3453.95346712765,2405.72598959761,4046.6121851956,2565.44557942666,4130.7598115437,4067.84058976843,3992.13025382452,4023.77728521139,2312.38689579189,2327.20315826826,3364.56966403303,2371.03883718076,2344.37393875562,3880.01556346726,4137.93641093116,3951.05953986596,4088.82818973254,3638.93482358148,4053.24242770906,3758.03370575765,2307.49409884645,2320.82321069519,2828.78602169483,2831.50425606889,3061.55312111345,2401.3429686702,3823.62463221305,4069.15936389906,4249.03475974605,4251.90021344269,4271.64208881382,3847.62325434867,2313.4434738812,2319.30197121894,4185.04183341052,4266.35672437348,3208.71409552616,2354.46495510963,4163.7122494339,4203.84232757434,4289.81132169587,4270.42660569446,3919.30315432607,2330.88157566456,2313.49353767992,2325.41802844478,4260.99388477817,4148.08842895873,4051.83208107901,2398.69425728169,4156.28433411601,4246.57999489655,4347.34330676025,4324.89840480995,4233.57032109874,2348.31889563282,2318.08990370281,2315.70450591985,4279.67428919194,4146.46115316387,3682.49424852773,2422.35867631664,4047.53227263278,4178.83410003405,4187.742723645,3938.51222442984,3910.27232194383,3776.6122185186,2314.73651815885,2321.39999745728
,78,3925.35761700627,4017.58392726369,4068.17493359662,2430.7367183813,4117.95721609512,4025.00287912419,4170.90456928016,3881.41876970902,3971.14274771706,2709.87294429278,4102.57111763445,2341.01048120851,3013.89686045295,3320.72721028903,3289.21236686958,4096.80638419028,4147.44036975073,4101.61376788981,4098.86456452389,4130.5892692009,3968.29995198003,2537.30066611978,2434.95981966629,2343.84907070003,2992.28748998281,2370.29441948303,3432.96998376486,2405.02391479273,4015.55543303754,2556.13917792035,4098.46510041401,4036.14325446852,3960.80569018611,3993.46152675172,2313.03231344956,2327.60516495426,3345.3868372489,2369.13587263159,2342.68783344256,3851.46224363738,4106.4324349982,3921.68615517175,4056.3900519275,3611.40810537572,4022.2238762485,3729.81709360721,2308.18020416303,2321.46154091609,2814.58698467219,2814.78086955841,3045.43506743641,2399.05290253219,3792.12813899131,4038.13316372902,4214.5229631198,4217.97632707563,4237.13961760351,3819.0223291763,2313.76452831806,2319.81530089834,4152.3051205283,4232.33863023884,3188.91501861016,2353.33408108481,4132.12794147563,4173.30391213811,4257.04859344532,4236.16903808292,3889.27700568951,2330.81390597464,2313.91077966545,2325.31990335203,4226.99199244333,4113.3073353397,4021.33957675943,2396.10723259021,4122.07362794596,4212.83987343321,4311.30461500048,4290.24533450485,4199.63654835753,2347.94605328934,2318.7336314105,2316.56781718882,4246.6488635315,4112.30661877705,3657.39827373447,2420.5100822579,4017.58161710663,4149.50116307999,4154.68685009545,3907.29421250507,3882.76365145224,3749.2476734138,2315.41800908134,2322.16005577273
,78.5,3891.79431706543,3986.5162221897,4036.85659600486,2427.43873352231,4085.9016811091,3992.64448373203,4138.76727553805,3851.16704578437,3940.16724157439,2699.11614032595,4070.05485511112,2339.97810833912,2998.75166034439,3301.46632372113,3271.24846139747,4063.45875652749,4114.29613263766,4068.97320094155,4066.12661878471,4097.96508946835,3938.21048493273,2532.18899984552,2431.09947108695,2342.85050232867,2978.79302226733,2367.23320855221,3412.0243061435,2404.33594809634,3984.74037845608,2547.22220490053,4066.28155877612,4004.34094424676,3929.78438551744,3963.01164243467,2313.58616355949,2327.95621711453,3326.36206327459,2367.276361498,2341.06442214569,3823.22157125827,4074.62177933642,3892.3241822151,4024.12852400396,3583.99268958888,3991.2058216359,3701.36180209247,2309.03324656383,2322.03416233693,2800.48194237662,2798.57019244365,3029.29871570732,2396.6781833537,3760.76998634603,4007.04037412738,4180.44287343816,4184.36589502262,4202.86643225838,3790.89908447913,2314.34344954532,2320.33210017653,4119.60840123768,4198.53283915309,3169.15724590331,2352.23849600009,4101.26118503265,4141.95240623865,4224.26373257203,4202.08069791718,3859.28731300546,2330.92975876198,2314.70193681475,2325.36569269881,4193.43471284677,4078.62281207867,3991.03456368654,2393.44055186148,4088.01073344691,4179.41024123333,4275.69253174178,4255.81554111952,4165.97165382816,2347.48844935784,2319.30409221349,2317.22420231318,4213.84614152803,4078.78499516333,3632.56226543978,2418.80867118536,3987.49872386317,4119.22159484064,4121.9886811126,3876.41046201769,3855.4038773791,3722.39111479909,2316.24974870167,2322.93822121744
,79,3858.24323677359,3955.40065746532,4005.58121206324,2424.22073114564,4053.87390552852,3960.20835077816,4106.35745651123,3821.09464008868,3909.32929893318,2688.28807788352,4037.75976189605,2339.3054232803,2983.57654956284,3282.35733675943,3253.48538054989,4029.60139810291,4081.27547911749,4036.27584937433,4033.27525519372,4065.16114072637,3908.20845546335,2526.94759558398,2427.61534014352,2342.37411518395,2965.24850173297,2364.49124334745,3391.34397467025,2403.67952191974,3953.72787876689,2538.76921844711,4034.35803686125,3972.66946689963,3899.03686771926,3932.73390127184,2314.31869221519,2328.31268344189,3307.44971976121,2365.21877926745,2339.53600946817,3794.98634822253,4042.61229241488,3862.65109180641,3992.0893508998,3556.7732947448,3960.25843689332,3673.25456438778,2309.8945180395,2322.48691300265,2786.32095916432,2782.8390394367,3013.41139266994,2394.13872707588,3729.71258079457,3976.29832778017,4146.15177708735,4151.18251198717,4168.71147933246,3763.04589244587,2315.22672753448,2320.95569293723,4087.22686859122,4164.43370900357,3149.4692311391,2351.11788571929,4069.98384578396,4110.02190490268,4191.36942310604,4168.30308632196,3829.00760705216,2330.95665497235,2315.59592282045,2325.62753400686,4159.72334729656,4043.94346151544,3960.72891381617,2390.85708734794,4054.19323832523,4145.77585983907,4240.63947552948,4221.61700540938,4132.33350730394,2347.01017293375,2319.91265039432,2317.84020304129,4181.04425297773,4045.59350266129,3607.82624751263,2417.27769177639,3957.38355751282,4088.10803480923,4089.26435531495,3845.83560324792,3827.87434030559,3695.94228858306,2316.89643787426,2323.85877419816
,79.5,3824.62194833378,3924.33543019108,3974.29243752122,2421.16301183016,4021.77220906244,3927.87587092411,4073.53370182234,3791.57874920628,3878.56805523254,2677.48172294345,4005.8819065254,2338.83063859841,2968.28254661043,3263.67131857151,3235.73335609623,3995.90875375346,4048.18934828001,4003.62263571812,4000.51565195474,4032.25089567295,3878.39868359753,2521.49544900983,2424.40835231613,2342.24485899584,2951.72998306197,2362.33828785547,3371.43406352202,2403.22165147004,3923.07959452103,2530.71017287055,4002.19736578201,3940.98585715179,3868.44491339853,3902.51467384838,2315.01558737771,2328.64851900958,3288.84505635305,2363.38582856686,2338.15552783381,3766.96568196884,4010.70075915984,3832.91105789025,3960.21438624044,3529.47811161026,3929.74893112271,3645.4856873248,2310.66314306659,2322.98603259814,2771.96967064038,2767.28147818257,2997.54302495927,2391.83321211168,3698.41747984768,3945.46617273627,4111.69212412503,4118.37021121276,4134.7064210997,3735.40530815376,2315.99650365448,2321.67458099788,4054.76756077331,4130.33925098095,3130.06841909426,2350.12934796474,4038.33258131765,4077.85970206116,4158.12727704657,4134.96893607822,3798.92516692143,2330.91391446665,2316.33602313078,2325.98717689698,4126.2284179488,4009.38553100149,3930.58843045944,2388.22838680377,4020.75890733163,4112.24990365212,4206.05711497585,4187.4427468947,4098.85969906647,2346.71728299782,2320.54153743383,2318.4011903244,4148.54799066755,4012.7771638397,3583.32057645028,2415.76010739181,3927.21214498917,4056.10584252326,4056.54068743007,3815.59200786082,3800.71409797284,3669.96126615438,2317.5490655406,2324.72175438904
,80,3791.13527668102,3893.32823178104,3943.08821201902,2418.24666814491,3989.84579046519,3895.16950724797,4040.91692086599,3762.09830454986,3848.423223037,2667.0911355699,3974.2022601063,2338.33841379641,2952.9021548534,3245.35016514662,3218.19609029651,3962.41680202554,4015.20483714236,3970.87960448411,3968.11473629284,3999.42332087195,3848.72708458068,2516.04461374202,2420.86383078767,2342.15766713528,2938.1970439578,2360.41168605628,3351.91459773968,2402.8892670286,3892.46056479691,2522.48768052768,3970.12597774324,3909.46543749838,3838.39850834304,3872.56910612701,2315.34031945133,2329.09750072182,3270.71156389395,2362.00717309595,2336.88723234124,3739.05442080136,3978.81710433004,3802.83964655967,3928.59250447898,3502.29390800221,3899.34136760305,3617.85430513609,2311.32548298291,2323.25881778009,2757.46484207471,2751.8642965473,2981.73723369553,2389.56688566203,3667.33542744738,3914.69278307293,4077.11015562068,4085.34022649357,4100.86886247537,3708.1327213739,2316.97895574884,2322.33368713665,4022.66682483038,4096.47379502632,3110.93431066455,2349.58410303732,4006.66561633419,4045.28122050443,4124.29545141959,4101.76477566751,3768.95466872884,2330.86531087334,2317.04096432595,2326.57612955228,4092.86176311875,3975.01255640516,3900.71078284872,2385.574356427,3987.04140099486,4078.59014914038,4171.4376198434,4153.49606552558,4065.62177085047,2346.62174005234,2321.3054162761,2318.91468666395,4116.1346619014,3980.24466127766,3558.99895667999,2414.29132264095,3897.07924850386,4023.25689835923,4023.8849875874,3785.24436826763,3773.79958120101,3644.09130850752,2318.20260151503,2325.30597362584
,80.5,3757.64916996781,3862.49461962993,3911.69562268522,2415.41731103045,3957.57900298874,3862.49154947563,4008.15623977947,3732.75467084053,3818.46177577146,2656.8764935939,3942.36294406656,2338.21285444294,2937.37449264838,3227.60241470871,3200.87798906641,3928.9007379105,3982.3419950932,3937.96569884385,3935.87049919858,3966.83269487752,3819.33814377029,2510.36325378444,2417.39981533668,2342.26040787072,2924.21026810636,2358.38956618459,3332.73413102424,2402.3056373437,3861.68851894567,2514.90411171338,3938.35253259637,3878.07989090601,3808.58930559477,3842.61856798783,2315.8476928683,2329.75335127477,3252.57257016045,2360.53492135032,2335.75519248879,3711.127684074,3946.35319761753,3772.46411386143,3897.07954820991,3475.23051894558,3869.15929707981,3590.25421140297,2311.73787698012,2323.64985928961,2743.17542926206,2736.72003389041,2965.89286805074,2387.25530872931,3636.30524979684,3884.01870646292,4042.90435790224,4051.9735133556,4067.01069770705,3681.00381140214,2317.90663399824,2322.78686882959,3990.76032026809,4062.50138829063,3091.81647032187,2348.90808570534,3974.80921467414,4011.97369788083,4090.03935113537,4069.14979200202,3738.969821567,2330.70371635088,2317.78680677603,2327.33444421737,4059.6284049699,3940.94859354255,3871.21981498756,2383.01183868278,3953.27451990562,4044.76853799914,4137.00345655788,4119.33843389431,4032.63202150757,2346.16238276858,2321.89867045938,2319.29808194964,4083.64034854583,3948.12930907394,3534.73056362161,2413.03781333734,3866.621833575,3988.87926759029,3991.19413079981,3754.60760443871,3747.19771577918,3618.39726782348,2318.6603488907,2325.66710711137
,81,3723.66137704497,3831.76442188934,3880.24786748603,2412.96869057969,3924.7639334488,3829.65173753857,3975.10347171233,3703.66327938693,3788.65864157371,2646.65512693645,3910.57715917472,2338.24360890047,2921.59322091789,3210.28715104788,3183.96041948642,3895.48264806004,3948.86536178393,3904.57761555489,3903.70500937644,3934.59248989077,3790.04781517558,2504.80157444939,2414.09597233942,2342.30452618947,2910.17767064962,2356.29957922618,3313.69761881081,2401.62586552427,3830.62917435599,2507.55813694031,3906.67333218002,3846.83446889627,3779.01135881707,3812.95179632949,2316.63555734616,2330.7851409187,3234.53330471536,2359.12198871969,2334.60626157001,3683.30287278007,3913.15642916942,3741.49331387068,3865.58687740717,3448.13971196246,3839.29774468642,3562.79491574222,2311.96312506645,2324.07182459458,2728.76275514318,2721.5194660141,2950.19892652753,2385.0971998498,3605.45767891226,3853.29605413365,4008.77626677129,4018.5038630112,4033.27157179814,3653.64183163746,2318.60776805223,2323.16447172145,3958.95568590929,4028.31417547054,3072.67114736434,2348.1353066244,3942.42623267184,3978.53457089213,4055.464421644,4036.50497600919,3709.29079634241,2330.50117624384,2318.3485429592,2328.33089500796,4026.11858434035,3907.05050791009,3842.26347239905,2380.71639012231,3919.15293956683,4010.40636675857,4102.40094075297,4085.10351803922,3999.39816252289,2345.87578700336,2322.64114969649,2319.9533754089,4050.94893680775,3915.90968275899,3510.60949182657,2411.86102884094,3836.04960939578,3953.38331500414,3958.55917555962,3723.85218844648,3720.79810551669,3592.6738372519,2319.04884620305,2326.11586873795
,81.5,3688.29713671129,3801.16727833436,3848.62499414651,2410.49395514117,3891.61807137887,3796.66957604287,3942.13347987235,3674.61958014829,3758.92240484033,2636.59314387593,3878.63342286929,2338.17187353961,2905.17472996547,3192.90377171118,3167.00830429632,3862.45397046097,3914.94608464458,3870.59255904263,3872.09751031118,3902.48793445216,3760.79062408311,2499.18019417159,2410.93673068582,2342.38813894413,2895.70259253675,2354.4233133076,3294.70446978012,2400.94072603484,3799.71284281619,2500.49689594594,3874.77587478622,3815.40092679741,3749.31013484193,3783.46263619394,2317.17777616481,2331.80890054341,3216.21301015126,2357.99569649806,2333.53957023486,3655.57811560144,3879.01592300907,3710.03328886591,3834.11862651319,3421.0012893578,3809.69397164224,3535.2605447183,2312.15319511152,2324.25360902943,2713.85166429537,2706.37620185928,2934.23774758053,2383.18862439448,3574.61299400851,3822.15160833424,3974.82881480924,3984.95252389889,3999.46727706299,3626.44962530351,2319.16053031874,2323.38873766928,3926.30050522387,3994.02561545259,3053.5386166784,2347.42504304817,3909.54196813794,3944.46312583462,4020.31982339436,4003.81589271843,3679.37648387006,2330.51425683891,2318.74526102753,2329.26081792426,3992.06037488632,3873.12519771392,3813.51147159405,2378.66373265196,3884.74912208603,3975.68451333351,4067.84595101925,4050.60994508727,3966.17958906912,2345.70755424547,2323.46929650775,2320.49068352098,4017.6959798829,3883.89982415344,3486.624436752,2410.64345162481,3805.11866829313,3916.47518655755,3926.2260449545,3693.116198729,3694.6640885083,3566.73436154863,2319.51881047931,2326.53136296305
,82,3650.12410523416,3770.73018450089,3816.73369002566,2408.12474841223,3857.95983455897,3763.04395627154,3909.59205914834,3645.18895507948,3729.2524618544,2626.60462679491,3845.82181460672,2338.28616411976,2887.29498834357,3175.38182272406,3150.13364872232,3829.54007674942,3880.6859181001,3835.5698652092,3840.42892397661,3870.28513425772,3731.16121003414,2493.61198405832,2408.13001469276,2342.25252533063,2879.80855345365,2352.53628872662,3274.72307013736,2399.9374382385,3768.03527830061,2493.884341851,3842.78646960284,3783.49039141641,3719.4690048049,3753.80212086761,2317.81098784464,2333.21608153011,3196.85048890228,2356.71396834055,2332.48524486058,3628.06761636717,3843.4891491893,3678.09129634796,3802.58281109535,3394.10987329904,3779.83526717345,3507.37268227321,2312.40520486113,2324.53969845406,2698.14768897694,2691.62927205695,2918.24565417295,2381.09716169905,3543.99166720114,3790.89812325563,3940.68942196259,3950.88501706855,3965.72038053307,3599.2620696229,2319.96726889479,2323.57798143675,3892.36139921913,3959.73246201586,3033.99550778677,2346.69748525774,3876.10446751393,3909.16007545984,3984.73776949899,3970.72982601208,3649.13801929255,2330.68758008804,2319.36244399556,2330.20655568019,3956.57885133543,3838.90528838469,3784.40719729635,2376.81161378724,3849.5894777913,3940.56262899568,4033.34073626733,4015.77416254549,3932.7150214591,2345.48553125168,2324.19251287969,2321.2718840279,3983.01274860367,3851.84256620961,3462.65846438242,2409.72764562605,3773.44525647091,3877.10082327104,3893.93063457754,3661.25194282803,3668.33775268323,3540.16102736207,2320.08575793706,2327.28250959602
,82.5,3605.49279951318,3739.92743558565,3783.77020564493,2405.81341767892,3822.69867751147,3728.31065848123,3876.17676481376,3615.07615218996,3698.14966212354,2616.44969612683,3811.35061728373,2338.49625649318,2865.88270131591,3156.98465597707,3132.92766733933,3796.44783708776,3845.13208861992,3798.62724544991,3807.53748557477,3836.55326210342,3700.90588178288,2487.83848143637,2405.84812714425,2342.20108423668,2860.34690239097,2350.75245608361,3252.73004826247,2398.90557172474,3735.25534373909,2487.63753258544,3809.36759327431,3750.19664487803,3689.0670713977,3723.44888706274,2318.7838595886,2334.57911631289,3174.23729757538,2355.49801077725,2331.19685162672,3600.59926041405,3805.83053143696,3644.53264197994,3769.93599638571,3366.57249655277,3749.54087172303,3478.92111729047,2312.837536004,2325.25281966808,2679.99788475528,2676.66200428087,2902.13987165371,2379.00778121931,3512.68350049385,3758.7803927055,3905.71452510029,3915.22105294445,3931.45214269683,3571.91594226775,2320.49162413132,2323.92730907524,3854.65781832192,3924.17898357724,3013.2611345663,2345.7560835905,3841.18426207799,3872.09476911298,3947.47133611849,3936.34930098624,3617.55994488328,2331.1089907168,2319.85752758695,2331.08972935426,3917.60717820777,3803.68257700396,3754.59580532593,2375.27425064994,3813.00776447539,3903.95159591848,3997.67852106331,3978.94373241728,3898.06460792027,2345.12063701466,2324.68259728837,2322.11509293109,3945.25415948306,3819.69207256735,3437.99800428508,2408.65014002111,3740.45644814527,3834.21579532593,3860.69911682912,3626.34645778694,3641.1865617849,3513.21215377855,2320.6678704374,2328.08323826943
,83,3544.51457374762,3705.05050032163,3747.44179907833,2403.60820191077,3781.52640573206,3689.1279859285,3836.62620853122,3580.19661524959,3663.57400361862,2605.53510505569,3770.52487425434,2338.63737888054,2835.37271118858,3131.96645956977,3112.97208623998,3762.02356631647,3803.62539680945,3755.14086245904,3767.91804188525,3794.23797650587,3666.55456294606,2481.74455672989,2403.92014440351,2342.13934679934,2832.06248038219,2349.58158616411,3225.51737897112,2398.09326757505,3695.11477174164,2481.78688586477,3764.04422368096,3709.60921051938,3655.44370396927,3691.72776016984,2319.56482732728,2335.69809871841,3141.65555990733,2354.43431190283,2330.09189459327,3571.70714429025,3760.67270733799,3605.81646490602,3731.58370180639,3334.83214801559,3715.16947836471,3449.01755056464,2313.56501296537,2325.81543668054,2656.41050956232,2659.42686979782,2884.60470698403,2377.32698320794,3477.06777160266,3721.14589205194,3864.44893662517,3865.41435000463,3893.09764979805,3543.07185829435,2320.97730911,2324.2764085126,3803.8468733723,3882.13719598379,2988.05738873749,2344.97615087963,3798.67030646996,3826.46037361994,3898.47511885886,3890.74578921082,3581.9178550906,2331.69686521996,2320.18849559207,2332.14534110025,3866.32626908405,3763.52556816475,3721.44340961828,2373.91054626855,3769.89895641305,3858.79511127474,3953.08104232125,3929.75244046802,3857.30603639232,2345.40096844166,2325.18247368018,2322.98790744106,3896.88796880982,3784.45076643849,3410.64837665584,2407.69483700613,3702.1357830647,3784.04650185282,3819.55422880786,3582.99876924033,3610.10189366286,3484.45061361202,2321.30269803573,2329.05444329117
,83.5,3449.36129674908,3641.99655552378,3689.44298666576,2401.48455088652,3710.96226708687,3623.3334248216,3767.32744992235,3516.75587487935,3606.2653661917,2591.9662852161,3700.9797374813,2338.98935962475,2788.15104751866,3087.19083067435,3076.86604656802,3717.87598100065,3729.77893177348,3681.18429623476,3697.62074910826,3717.81688606885,3608.92022115366,2472.85398608742,2402.14765486285,2342.13305702948,2786.70956436685,2348.64404519222,3180.97260387982,2397.519373234,3623.674159472,2476.2193754091,3680.57713416314,3635.77103895853,3600.1683246468,3648.14381536608,2320.09722011243,2336.53060765577,3085.74868573905,2352.80142412564,2329.08778048245,3532.90857473057,3685.92014441892,3541.23448576316,3660.92602638495,3277.67454368653,3657.54492709751,3411.096489871,2314.52097282118,2326.6004415392,2622.96156020957,2634.96986614686,2857.00259506512,2375.71170717236,3413.54728576346,3653.96109630306,3788.34389364971,3773.6264818814,3827.80665339778,3503.22630552961,2321.76621404148,2324.72344676458,3717.9610404727,3810.64170101975,2948.61609598403,2344.36199433592,3725.98683026212,3751.08708656012,3811.13992757505,3807.93985759734,3521.5756112651,2332.38739270433,2320.51011854722,2332.86380989665,3780.40344226501,3696.43391817054,3667.90956629055,2372.57137723902,3695.93341982071,3778.58524966368,3872.97860504393,3840.70313536833,3792.86162316408,2345.79534419843,2325.56641310783,2323.66419795702,3815.76623947871,3726.4729307931,3365.53831046875,2406.69529046908,3638.96586569627,3706.39267758427,3746.4511119501,3511.18899322648,3556.35624911657,3445.09304870047,2322.05298609194,2329.88127921021
,84,3315.79720909534,3533.40615997549,3586.56776412629,2399.54924915163,3596.34027913337,3516.73164677144,3650.019100488,3411.77222516332,3504.84483305511,2570.56987389696,3585.01100849278,2339.49767218552,2724.51608464479,3016.36509185069,3014.77132621477,3633.02383172297,3611.53519923522,3566.8282563665,3582.71121381096,3592.97818088543,3507.67776130908,2459.87289918284,2400.63043346142,2342.21082498005,2724.64123010603,2347.85096329603,3108.39066142869,2397.10293586464,3509.68657262848,2470.85522596381,3550.7045523828,3516.62316624682,3502.47417749724,3564.05398654774,2320.95682479584,2337.26561728,3002.80174913279,2350.38687551543,2327.98060403833,3458.91411359892,3571.21884496245,3442.87042449087,3546.76857389012,3188.19959343373,3555.88157842913,3337.82883295154,2315.4691949085,2327.72466286312,2579.39433496504,2600.09883263644,2811.59684254138,2374.17263923721,3315.97018571383,3542.98219897158,3662.40283483753,3632.57759502511,3711.61628574065,3426.1183665504,2322.59031600427,2325.47127810197,3586.43902765086,3691.37761299403,2887.35866474919,2343.86308109433,3610.07029260322,3638.4506540862,3675.13357958882,3677.66728795598,3420.30137592838,2332.92871516509,2321.11548088111,2333.47631972667,3647.92528020913,3583.21333532623,3573.27546293923,2371.19053994871,3580.52728537103,3651.4083025375,3741.05127372964,3702.73304037142,3690.52689666868,2346.18100087687,2325.89555478556,2324.39813867275,3687.9522535329,3623.08694989266,3284.92955790335,2405.76776417452,3539.40590539069,3588.57820968271,3625.67137897054,3397.92721550742,3462.5980788181,3369.53655950104,2322.75479592585,2330.87821244413
,84.5,3147.71208812138,3379.87458029834,3438.29632574739,2397.75560815087,3438.1787215198,3370.11121457272,3484.5561385326,3266.60923184094,3359.85825379171,2541.84219961684,3423.61027163326,2339.87628068689,2646.68458558994,2919.05734643673,2926.77963735023,3501.84691242719,3448.10286815523,3409.06296086367,3423.80696788016,3420.70859166156,3362.89544069135,2442.88559484183,2399.12869181515,2342.46920714274,2647.90829897427,2347.13856607406,3008.63432436209,2397.09946206356,3353.67437377804,2465.77319823943,3375.54183600179,3353.05393972853,3361.64115675005,3435.80831753095,2321.69864505122,2337.319079004,2894.59769364857,2347.02936721102,2327.05952517457,3344.11219364827,3414.61148777168,3308.69794166029,3389.83289078488,3067.17239408608,3409.89117329708,3228.54845981635,2316.60045632058,2328.69990548122,2527.13376371764,2555.08002192016,2749.01394959153,2373.09908794661,3185.64644396687,3388.36723969628,3487.77520045875,3443.64045209116,3543.6859884317,3309.39816804759,2323.2327757341,2326.2116141883,3411.30796237785,3523.75894602051,2804.90635719101,2343.57406603322,3451.71876321842,3481.76576039491,3491.12723523608,3500.70945632076,3278.77086215513,2333.29028123107,2321.79030257907,2333.99978045277,3470.87666879434,3424.42959116304,3436.3288853345,2369.94017585318,3422.93123793773,3476.59230697625,3557.99374973605,3515.63237930116,3544.37222298005,2346.45555243692,2326.41829100218,2324.87863416154,3514.71305733776,3473.6242193352,3168.88125975589,2404.61679059806,3398.82294424508,3430.05560193983,3457.72436274883,3245.72738935523,3328.96249715049,3256.48060766093,2323.45108357416,2331.66260169273
,85,2954.04912788214,3183.18882267025,3246.48589863152,2396.16808860564,3239.17800776612,3185.44669127779,3273.47989878021,3083.13855898053,3174.40548249616,2506.46728004009,3219.60738290597,2340.34109417162,2559.70875794969,2797.60893267752,2814.21892378098,3325.76216825487,3241.91286157436,3210.93418146621,3223.51161954326,3204.39291376482,3175.98298433522,2422.52725123458,2397.75826560849,2342.85107499999,2561.29703936487,2346.56766497661,2884.70178187361,2397.15958851101,3157.86852113555,2461.20506651767,3158.62291329275,3148.11315152499,3179.21550948186,3264.77892978275,2322.26393905153,2337.5315997208,2765.98283635775,2342.52017763944,2326.66821575203,3189.53239948063,3218.66056887971,3139.96427052506,3192.88071989986,2916.73147931678,3221.15755919778,3084.89618339182,2317.6263847464,2329.41148401465,2469.77368904627,2501.50479243041,2669.7634428565,2372.45196742009,3024.50329557328,3192.57188350774,3266.72362643715,3210.99819221102,3326.06661644328,3154.09300114878,2324.03403351448,2326.74361600135,3197.99785993526,3310.48620257658,2703.7795157045,2343.42407368762,3252.85886723506,3282.61123241944,3262.74007767488,3279.80593521209,3100.39612859335,2333.61978647403,2322.81612157813,2334.6204605748,3254.63989445149,3222.47118320878,3257.56899878447,2368.69174861256,3225.94032151006,3256.36887440031,3327.09518212654,3281.58993576741,3352.59074100852,2346.91781155472,2327.18417949885,2325.4766120621,3301.00012736233,3279.562940504,3019.45930018666,2403.47329489061,3217.90315341266,3233.38488068844,3244.97221881482,3059.9439040188,3157.51477470342,3107.03402221044,2324.2543304509,2332.29558176856
,85.5,2756.19962199475,2951.62169645391,3017.08703994413,2394.64861866249,3009.90184032027,2970.73846063528,3028.9184810816,2870.58349570599,2954.18248818365,2465.70878902462,2983.94533995174,2340.84023358507,2475.52847906588,2663.18180653834,2682.56598847408,3108.52227598327,3003.82895503808,2982.94871977366,2994.366500453,2959.09693466144,2955.08922941336,2399.39884892825,2396.32990931941,2343.16579399118,2476.95687138302,2345.6986762869,2743.71166896707,2397.304924347,2935.72203600258,2456.48985593698,2921.38862513184,2914.95719587323,2961.79598659689,3054.4345724903,2322.874140869,2337.96251838985,2631.80206873044,2337.24301188551,2326.11299286271,2999.07152713321,2996.37290353533,2945.1335804104,2966.50264317978,2745.21116337564,2997.44837590755,2909.69588755863,2318.62971599598,2330.26674853676,2414.02225047394,2443.97988021476,2576.79665409721,2371.7884337357,2841.13229090509,2965.70872803232,3011.27575633858,2960.52324688336,3067.50973675265,2964.06396155744,2324.94344593428,2327.52161260066,2966.41264049034,3062.85236794149,2591.36359363235,2343.32248840472,3026.97172670966,3056.33353219688,3011.55939540038,3034.98314430702,2891.96782040279,2333.91476491227,2324.02131141499,2335.12364649282,3017.65732882808,2986.46757411303,3042.12934252932,2367.22727341367,3001.18767057064,3006.11711963715,3064.79388647908,3022.87986724648,3126.11912273646,2346.91947147281,2328.022688869,2326.1495084066,3062.89404864453,3047.48865003016,2841.48347682969,2402.44803750939,3006.28188160567,3008.71143045999,3002.41621760958,2852.70094894413,2955.23321525475,2924.89416285605,2325.18327707116,2332.98387830434
,86,2592.15460785236,2734.59978764344,2787.89931444322,2393.13523382155,2798.92054732559,2771.2514931531,2799.77188126185,2677.10402305022,2739.01169919719,2424.14656574378,2762.55747153018,2340.82045432948,2410.1393638305,2542.95380972941,2558.31984853406,2867.94644377481,2788.54876218993,2774.82340313614,2785.06611593213,2736.99291734729,2739.53770256232,2378.01982065736,2395.07680364479,2343.63306376803,2411.38939400763,2344.73320117223,2610.88084094871,2397.41450620024,2736.46336153093,2451.98336521714,2717.79608205867,2706.91258467668,2747.10867571776,2825.81702496293,2323.61081190244,2338.40093161919,2518.94079992945,2332.49000380596,2325.8339677085,2790.67142743207,2793.30147229459,2767.13624381937,2764.78489968442,2596.32644205273,2777.98541556088,2717.61657822521,2319.59234566255,2331.18098791289,2369.79107332004,2393.39765534621,2487.92703952941,2371.13975016872,2683.41647142205,2757.63109607612,2779.80877688904,2748.51104664115,2814.51031598602,2759.45192332108,2325.56625246904,2328.18517203668,2761.83202730067,2827.50940799543,2488.0738186884,2343.23085689861,2820.3450998205,2846.17799161917,2791.84910511179,2819.5373489595,2695.32747803732,2334.1511837555,2325.33557799892,2335.83246540732,2806.27154926723,2761.72353865852,2824.42856392754,2365.95355252106,2798.81837198463,2780.59487214671,2825.73908913092,2795.35468728463,2902.17808935796,2346.81375467344,2329.11755154075,2326.96686671448,2846.30938665744,2818.09983863348,2665.93133473023,2401.50556723388,2804.2499291881,2798.02163357549,2779.35671701708,2665.32682882828,2760.22812515199,2728.60368167089,2325.9444523498,2333.77266963891
,86.5,2474.29233103555,2567.91444137363,2607.17308890868,2391.95211142502,2636.59757649415,2617.10868526895,2623.47091030288,2530.63652507885,2572.55210505366,2392.49117762246,2592.08889375494,2340.87043004039,2365.16845383132,2451.21034256418,2462.54889192741,2667.35867218395,2621.32882005983,2608.55084540429,2624.29333282613,2568.21867244073,2571.39415391755,2361.91175027608,2393.70845027589,2344.05206987355,2365.69422437717,2343.58752173322,2508.66537572042,2397.5361472562,2583.56670677557,2447.8136918275,2565.74626773594,2549.55915596406,2578.30155347463,2637.69562745982,2324.08867362463,2338.80675611879,2436.62932884443,2328.78332338625,2325.86385451728,2615.82548490237,2631.75945849458,2622.97505384992,2611.30147303629,2484.83765292866,2605.6479961607,2564.03805242304,2320.53691696832,2332.25012147081,2339.01714539296,2356.12029941868,2419.88539368419,2370.66887438493,2564.82583880492,2598.3068668576,2603.82751494724,2590.33437263003,2616.73465254586,2593.41684370984,2326.16202324503,2328.68711208558,2608.17343279747,2642.86992448651,2410.44428849642,2343.07932183591,2660.60602543811,2668.90815185307,2626.43431770728,2654.57242692875,2545.26689551956,2334.2689151014,2326.48548687128,2336.84177367392,2646.62015506719,2588.48192500109,2647.64202152725,2364.96315992849,2641.06815153471,2605.34279122144,2643.36721704625,2618.99514312636,2709.79192962075,2346.74140451587,2330.33773635857,2327.89024013095,2680.77987741046,2637.59624858844,2529.29444490471,2400.63064407704,2636.65116018902,2629.2827134803,2608.07426151711,2524.68595585508,2608.69988110225,2570.93069384321,2326.97482263577,2334.38104190232
,87,2400.13049944198,2451.6499529501,2477.88520673175,2390.82329810246,2523.70889285134,2509.05565289712,2500.87680906555,2430.25218472342,2455.36365761107,2370.08451380808,2473.48742715706,2340.89049587973,2339.00113105781,2389.14968456842,2395.84836712199,2519.15217256583,2505.35662583331,2492.37774690864,2512.72500950633,2452.70821633035,2452.45397186477,2350.96427849562,2392.45498359249,2344.52151269703,2338.69456028287,2342.641013172,2437.82061778817,2397.38700217409,2478.57557216621,2443.41999363489,2464.47544251916,2442.90161025825,2458.37987387423,2499.10631840683,2324.57178413926,2339.80113215118,2383.87152543539,2326.33330504988,2325.97442290597,2486.78701049877,2517.95396393981,2518.09270382085,2506.15439162853,2410.10211895006,2483.06016991588,2452.19470439368,2321.38968615848,2333.34666980865,2320.7277812387,2331.73031618227,2371.99844218094,2369.90564828607,2484.08626021073,2488.31603405445,2482.65867424094,2485.19494248534,2477.04829591542,2472.09597899018,2326.86710600953,2329.43028040752,2504.51370220204,2511.11426407101,2358.21277043247,2342.69266262351,2547.51885474122,2540.25140140784,2515.07084967411,2540.19880591713,2441.53246685223,2334.64544110021,2327.50908491602,2337.90290598589,2538.03376842271,2467.27252407963,2516.23769984492,2364.00605238523,2531.53083604997,2483.04406578204,2517.6929776153,2496.12536265068,2562.86560799948,2347.04050378522,2331.40344525891,2329.02877525812,2566.8627616902,2508.95085966703,2432.52178181252,2400.11874058864,2514.41403747043,2507.6581784151,2489.24556312172,2429.69410947251,2502.01944464602,2456.01684755197,2328.13843331071,2335.0328084911
,87.5,2364.41651667982,2384.68164519323,2398.97505635884,2389.75224867503,2458.72638743867,2446.29464060254,2430.65683338248,2374.68073053063,2385.43353132364,2356.39194301567,2405.09390882584,2341.02033249572,2328.76262306726,2355.45234094963,2357.24460603716,2422.2415117705,2439.21790337714,2424.79677570699,2448.80145526177,2389.05562775599,2382.04300734882,2344.76050917811,2391.31007963798,2344.97508042676,2327.89971856511,2341.54140166816,2396.47081612426,2397.4188037303,2420.052385574,2439.01469536063,2411.73676058191,2384.97629054607,2386.02889805843,2409.45765742013,2325.2354798227,2340.64479206543,2357.89379461494,2325.25485705815,2326.03662258912,2402.86208782236,2450.80752046964,2454.82030432576,2447.62737946165,2370.7649757643,2409.26955305275,2380.65728934104,2322.27036276211,2334.48118376463,2312.91929008612,2319.37384879409,2344.13745199379,2368.99436985436,2440.0381248339,2425.98570979508,2414.90602999585,2430.49299009679,2394.06033369159,2394.94820946996,2327.75701542794,2330.34872718244,2447.7209853602,2431.05201956815,2329.54082086336,2342.42209755504,2480.38471750438,2461.06759834325,2455.53529733465,2475.07219537386,2381.97285616333,2334.97146751946,2328.21226861542,2338.8862537861,2477.08586395129,2396.77860673074,2431.28706170775,2363.26097061686,2468.54754618841,2413.79149883775,2446.5921935774,2427.95046323862,2468.65603681683,2347.36575178544,2332.53566949001,2330.00453610196,2501.33175257436,2430.87709271593,2374.3277202159,2399.97752337649,2439.10047836903,2433.63215125196,2421.78452647965,2377.51616739052,2438.81804492141,2383.05459025293,2329.22305151702,2335.9074714896
,88,2356.133132235,2362.19658602701,2367.16958474267,2388.81378037717,2435.85253382633,2423.71486588853,2405.93017759957,2358.68926487389,2359.47257537647,2350.93004412662,2380.82217023324,2341.21271120349,2328.02477203333,2344.46379249171,2343.45011752094,2374.05567105608,2416.917157093,2399.96668520564,2425.61136095744,2368.84218473934,2355.41360783779,2342.9719257608,2390.15990279801,2345.48706903777,2326.62999056735,2340.5968138504,2380.49565777494,2397.37590648434,2401.0720061545,2435.10470795971,2396.51305755882,2368.62111614747,2357.732107501,2366.2131858422,2325.97803060523,2341.42736968161,2350.91526884747,2325.1113624636,2326.38074201514,2361.69357023467,2423.42822108689,2428.39479940013,2429.93596395235,2362.09012237306,2379.97911227955,2347.77281860348,2323.07919648863,2335.70517876863,2311.85207208314,2316.38534999328,2334.4856175507,2367.87793463626,2427.7516794657,2405.92045830967,2393.87357830277,2413.10884289099,2362.7726900821,2359.4442101775,2328.63159125337,2331.36170825297,2427.01939630595,2397.77131463617,2320.68828104087,2342.17542945785,2452.09992590343,2423.06646586608,2436.21863289398,2449.15441063992,2362.52018909395,2335.38436811228,2328.87313519228,2339.91314541243,2453.90056936192,2371.61094670026,2391.504902499,2362.89173929225,2445.51090275971,2389.27456796801,2421.64801837766,2403.14236872221,2421.24345977238,2347.83895718902,2333.73087991542,2330.8813268605,2475.36479354968,2399.6620882,2352.00153702562,2399.60971502568,2405.32770615928,2401.86796916224,2397.39747017773,2361.21343310063,2415.22662550614,2349.66469324397,2330.01752533387,2336.78886804221
,88.5,2355.1592450234,2358.87723867064,2362.63181590538,2387.79665328046,2429.92627665563,2418.56669930794,2401.60131145515,2357.94931562171,2357.03716557609,2350.8598005612,2376.9817606576,2341.78118330025,2328.54419345352,2341.98070637606,2341.16306402526,2365.23431898153,2410.43747358217,2392.30493955898,2418.4664914097,2365.5458194658,2352.31325965182,2343.40741222585,2388.89084726367,2345.9431312895,2326.47487678648,2339.81011864564,2376.88227748503,2397.50926898175,2396.14308770243,2431.36447534451,2391.21740823426,2366.50879098538,2354.04547016214,2358.78758668219,2326.69968213349,2342.28158993673,2349.00040064566,2325.29366638588,2326.67812550831,2353.79300716772,2412.4314886904,2416.87776444735,2425.51406738757,2361.47628601431,2375.11091112286,2345.35330015359,2323.8817994834,2336.71877829653,2312.21661828153,2316.98928332183,2334.0696304117,2367.04199373437,2422.68712169292,2402.44688173373,2389.80059835328,2404.40180512901,2359.30666406821,2355.12388766784,2329.66945672422,2332.62779401158,2419.08121652692,2387.87724115456,2320.96817496392,2342.10560579211,2439.37085294669,2404.21917556204,2429.37770453622,2435.94748620357,2361.61567433838,2335.77548237857,2329.65306245716,2340.89816400206,2444.43447646334,2368.57372618794,2379.45426265786,2362.6042129366,2436.82995310279,2381.58503375298,2414.90847438288,2393.08031240719,2401.11254742049,2348.35057572094,2334.72256768414,2331.65953918673,2465.13652187523,2394.54904885836,2349.6544747541,2399.25029927369,2392.33904678146,2390.31430040805,2390.66954660629,2359.73275564381,2411.97523588619,2346.2088527365,2330.82462904114,2337.51718246536
,89,2354.44346811931,2356.64315225299,2360.69599968722,2386.62579335412,2425.19548564239,2414.99998892366,2398.24397861396,2357.15263723708,2355.94692833034,2350.76244376012,2374.75268555051,2342.45780858428,2329.0274941873,2340.21383093466,2339.65738011275,2363.29925760116,2406.66696883073,2389.86882648928,2412.53858387263,2363.49629762654,2351.50596773651,2344.08838375034,2387.76563167085,2346.37598916729,2326.36636280401,2339.23689542383,2373.74690004937,2397.65007393363,2393.14650438463,2427.60566257404,2386.53644093722,2365.09171499115,2352.87211979723,2356.94641883369,2327.66497619356,2343.45154736498,2347.16705740078,2325.34075838569,2326.81521322169,2353.03677577402,2406.00825593234,2411.05305668459,2422.03922641981,2361.04549882219,2372.80107356146,2345.15250565582,2324.61668265427,2337.56248753293,2312.71871296224,2317.93528983108,2333.90625667189,2366.28689282531,2417.87484402536,2399.90089734295,2386.23308622756,2396.67707569379,2358.11242081554,2354.60522965821,2330.53712894947,2333.94413196528,2411.0354859379,2381.51570672736,2321.38036611697,2342.23142074218,2427.76972387082,2395.49089748578,2422.50497920253,2424.69959471008,2361.23821793757,2336.60816060823,2330.5285272156,2341.51931098198,2434.63586636616,2366.88662401607,2372.99073967038,2362.0882815946,2430.76061708057,2377.38853735573,2409.25713353151,2386.89943414737,2393.28234069197,2348.82609511606,2335.67102523983,2332.43367055933,2455.18325453434,2391.88074787197,2348.35810427784,2398.89105686416,2387.08779142363,2384.17697712963,2385.27793269565,2358.88303118869,2410.07158465718,2345.69184584003,2331.51863429591,2338.52436556727
,89.5,2354.31559301939,2354.76196720589,2358.92193624243,2385.30747085005,2420.70671978958,2411.87117572212,2394.97659843952,2356.50126282651,2355.15916714274,2350.77326173217,2372.95451512555,2343.23662868866,2329.59100178423,2338.40441937368,2338.10374739774,2361.85360324542,2403.01862119108,2387.81820424222,2406.93607650398,2361.97737746817,2351.41701560623,2344.81661841445,2386.63289842807,2346.93424648657,2326.41297807951,2338.50242669174,2370.02879281263,2397.99171169718,2390.5138659868,2424.37709570086,2382.090562133,2363.97299061165,2351.89985720785,2355.84902188685,2328.87686098403,2344.46221534645,2345.02544877142,2325.49316331932,2326.88724248496,2352.83117274287,2400.40911919171,2407.689891648,2418.60782787252,2360.58666057189,2370.74676408912,2344.87538693125,2325.43667655307,2338.47575454939,2313.4538619786,2319.1042788879,2334.15683099163,2365.83434178995,2413.27570029984,2397.57963758373,2383.20104904117,2389.71218137671,2357.04199761875,2354.55812600339,2331.3708396056,2335.14414752,2402.54181799888,2376.69518208117,2321.96909218863,2342.67370954868,2417.10696576533,2388.86700249775,2415.26298560322,2414.62285624094,2361.08603508341,2337.50004128714,2331.36521517729,2342.20743484432,2423.77420564679,2365.25192425869,2369.15400607747,2361.71895913244,2424.86589767083,2374.57670845799,2403.81455405551,2382.67588521697,2389.68656980968,2349.00773466923,2336.70562318253,2333.1502745393,2444.04007622346,2389.40398848034,2347.0172482767,2398.23654611631,2383.67910485073,2380.05838467988,2380.45185604916,2358.2640767443,2408.14043081212,2345.67286717845,2332.07101385023,2339.18091883357
,90,2354.56483728029,2353.05106510423,2357.17892836041,2384.10330599571,2416.14401855945,2408.5209447423,2391.15589239141,2355.81044608681,2354.71517055454,2351.02075870669,2371.23582075171,2344.013641167,2330.08661949753,2336.28294063723,2336.46072818463,2360.63947970652,2399.42300693514,2385.65332319973,2401.69324568995,2360.2097099269,2351.49508959942,2345.51527136126,2385.47539326356,2347.50696082785,2326.55666973424,2337.97048690238,2365.69764539489,2398.1630622005,2387.94768965933,2420.93653764273,2378.17794278334,2362.90214342736,2351.31904159857,2355.02808783441,2329.95169057541,2345.55165212905,2342.34734973838,2325.814138341,2326.92202565802,2352.80962654482,2395.11815757364,2404.29394843458,2415.09353772083,2360.20793153475,2368.74025847289,2344.90615877282,2326.18359805488,2339.46164851238,2314.39246872523,2320.04256438882,2334.30241351926,2365.5999151967,2408.52363978904,2395.01205207407,2380.25009848228,2383.47437295296,2356.14155009101,2354.57171570538,2331.87411537108,2336.40631599048,2393.48937490836,2372.84325993103,2322.92712904728,2343.03453097897,2407.46326539692,2382.69856066576,2407.40802973914,2405.2437703181,2360.72878753415,2338.28606109265,2332.35292099057,2342.91651185896,2412.02277980082,2363.47724164351,2366.62017145114,2361.17841171631,2419.15313321851,2371.88684814979,2398.70039550244,2378.43609826986,2385.58792553212,2349.08501163152,2337.48895812199,2334.0625817,2431.83195102111,2386.84581545028,2345.65609214898,2397.2677801233,2380.3267086491,2376.45783744783,2375.55675373017,2357.5320363514,2406.07441722705,2345.88342031433,2332.69920380531,2339.82327459226
,90.5,2354.98512834817,2351.99766359863,2355.32366429757,2382.87232742825,2411.19479775568,2405.41593370445,2386.69116304824,2355.19091587348,2354.47632421823,2351.11683764399,2369.61444048082,2344.80315587463,2330.77385209288,2333.98080122484,2335.05508695333,2359.99184664082,2395.61375435481,2383.34283963076,2396.80896231902,2358.63373046766,2351.69406161631,2345.93240184186,2384.45197792012,2348.13317675049,2326.92882834889,2337.50640278195,2360.92825187461,2398.34273290744,2385.07844523464,2417.26447959027,2374.6885455604,2361.91504318386,2350.84458993089,2354.52552181191,2331.12131537978,2346.62285959685,2339.37052410054,2326.27078475837,2326.78700334628,2352.78578234022,2389.74261727728,2400.8460102532,2411.44162045818,2359.61789427296,2366.82461519401,2344.5430850857,2326.98503189837,2340.29106447334,2315.46644598323,2320.97715129992,2334.37883902309,2365.76169528769,2403.7854670093,2392.31485275375,2377.22802433346,2377.68591268248,2355.35257806496,2354.67820775649,2332.42554832174,2337.47303933726,2384.43557057013,2368.94588928748,2323.74788406609,2343.60463209553,2398.85990809189,2377.20654434676,2399.27233007408,2396.14935026338,2360.49321653348,2339.10280916612,2333.43778790537,2343.5943832174,2399.76376953527,2361.87242920967,2364.20836228631,2360.43455981769,2413.65384001217,2369.61646050545,2393.47381478473,2373.89387388506,2381.20489112439,2349.2406857299,2338.23700926039,2335.15330421993,2419.18368708057,2384.26381478327,2344.26132229866,2396.4704107238,2377.05066314746,2372.55788783757,2370.80363817798,2357.10691781902,2403.97008514828,2346.16085358485,2333.46818334378,2340.46779261805
,91,2355.65925492516,2351.50996151849,2353.83802351276,2381.94299220125,2406.32075324367,2402.136663951,2381.82708459344,2354.35265743808,2354.42701647341,2351.48258812179,2368.25040253567,2345.69716304222,2331.46770300563,2331.63714563485,2333.90126230477,2359.54444244843,2391.82727201417,2381.01500871955,2392.29187537118,2357.00694968961,2352.11591738409,2346.23242279601,2383.61752115516,2348.74861133121,2327.56565843804,2337.09938758176,2355.98129256526,2398.16773137297,2382.48335900548,2413.36251790579,2371.50547519981,2361.18785844261,2350.55743219161,2354.09348475022,2332.36211165284,2347.65277653552,2336.49219642057,2326.86376277184,2326.53247872595,2352.97927154379,2384.46504665084,2397.1530033937,2407.67846979857,2359.18217866011,2364.96464143863,2344.33984506177,2327.86533617956,2341.37081998912,2316.46291471014,2321.79748786453,2334.0355853713,2365.79387704631,2399.19763391016,2389.57938526285,2374.37899382705,2372.51602023421,2354.62667488532,2354.68572228875,2333.10130449335,2338.31935405394,2375.80366009347,2365.16855812308,2324.47767501647,2343.96383170997,2391.16749878048,2372.29563569518,2390.92406976452,2387.20498581191,2360.44365459045,2340.01578389042,2334.19850722538,2344.24998814708,2387.95307843931,2360.17946331281,2362.01640734153,2359.66302393379,2408.07498189487,2367.38934466184,2388.26592055466,2369.25525826548,2376.8245212086,2349.52299369205,2338.89741129038,2336.37304059754,2406.7071983161,2381.38331354473,2342.9858454543,2396.11768580347,2373.94967597491,2368.90450491879,2366.72854480021,2356.54356168758,2401.60464476981,2346.5350850849,2334.33434069503,2341.48461630936
,91.5,2356.56957668156,2351.10449894814,2352.27921177198,2381.14009099341,2401.37114609395,2398.71065614245,2376.85756408823,2353.90332873848,2354.30455816454,2351.93632443293,2366.92998420259,2346.34946488734,2332.03817827309,2329.83515781618,2332.77681023066,2359.68777165615,2387.75696389791,2378.47586018194,2388.11933143516,2355.27894685209,2352.3276798472,2346.31197063767,2382.65261759189,2349.50324763808,2328.43502721355,2336.73769147953,2351.34207405115,2398.047003913,2379.86068185436,2409.34181103885,2368.61039353279,2360.78561093981,2350.38181779311,2353.94490901062,2333.63572536835,2348.44641657427,2333.65958090361,2327.6793260249,2326.64933657175,2353.32905275744,2379.57477551069,2393.30891180366,2403.63427650481,2358.99415957825,2362.92660245772,2344.35316530376,2328.996033223,2342.36182433436,2317.54997654006,2322.43889264119,2333.65420846014,2365.64021452793,2394.3051539223,2386.732202814,2371.69059695176,2367.47592280043,2354.24901176947,2354.96640351092,2334.23080391375,2339.24089109735,2368.16724101798,2361.40553097399,2325.45591468559,2344.30070222598,2384.72934687555,2368.33962258548,2382.94165570551,2378.80627401666,2360.48446752347,2340.53213549619,2334.97510088299,2345.27461676953,2377.33306456123,2358.52640924118,2359.87432065967,2359.12987211842,2402.48782361543,2364.92602582233,2382.88257591106,2364.71193492077,2372.42660830381,2350.02587497641,2339.47631667146,2337.52844373837,2395.17460264024,2378.46846522057,2341.93165634534,2395.82723145222,2370.84067251253,2365.66995818538,2362.90745988004,2356.09355012517,2399.26349941469,2346.83761791162,2335.1561024408,2342.08964566422
,92,2357.23775742497,2351.07820575836,2351.1923347284,2380.51903858485,2396.3770720338,2395.01073071503,2371.70528682903,2353.42139765616,2354.15390467457,2352.55798060317,2365.51247263365,2347.11232472041,2332.58202093866,2328.5836154459,2332.08315553599,2359.71971115801,2383.83748066914,2375.79059917428,2384.22960940677,2353.74243276876,2352.36246326184,2346.36131721462,2381.73968670922,2349.99740248299,2329.32952224777,2336.36547990186,2347.29206589703,2398.02615050392,2377.29734623249,2404.79436126607,2366.39075574831,2360.43327618715,2350.33896481243,2353.94268897847,2334.743011462,2349.18279444759,2331.20090263327,2328.41637515535,2326.76315026211,2353.43214191782,2375.18625691864,2389.18886424676,2399.54490043078,2358.9030601308,2361.21431540584,2344.40810841605,2329.72724554485,2343.19874551376,2318.40685945961,2323.05609691142,2333.06640419962,2365.30538045944,2389.18329718976,2383.68703854696,2368.63695167677,2363.10608700476,2354.05204595383,2355.04149316905,2335.22334237923,2340.29141204392,2361.71674145043,2358.10431138516,2326.29602126787,2344.5030272096,2379.64075691615,2364.64509471281,2375.61125473204,2371.20014586275,2360.33194261758,2340.78648151269,2335.96447430515,2346.25513748782,2368.53948532226,2357.30047486324,2357.96976134398,2358.63740207555,2396.68686852197,2362.50779422978,2377.82718019184,2360.76414361648,2368.58973681211,2350.71304588177,2340.21525218671,2338.56920769349,2385.55217716744,2375.2033773811,2341.38405200876,2395.80435186082,2367.60263791124,2362.54393598863,2359.14189414347,2355.90910055877,2397.17585975189,2346.8847543162,2335.95106783436,2343.2096716066
,92.5,2357.83510094174,2351.31623389333,2350.45818430668,2379.84367875866,2391.2997604648,2391.13361110931,2367.17527924478,2353.0175299452,2354.06234158363,2353.21382187034,2364.15931176876,2347.68871126185,2333.17718648878,2328.07383349133,2331.85533259793,2359.89381289572,2379.90244915377,2373.10180571693,2380.40421989496,2352.54558256762,2352.23180356715,2346.36675706748,2380.63081850827,2350.36369006236,2330.3425412396,2335.88280158866,2344.19467950036,2398.05060489149,2374.84950480091,2400.36199897495,2364.49920160208,2360.20620307967,2350.21266278261,2353.93913785878,2335.96954525043,2349.89707322085,2329.87978518435,2328.75504161275,2326.91626277113,2353.51029580824,2371.25725011116,2384.94158288563,2395.15949157799,2358.7816361897,2359.7882066146,2344.17742982209,2330.51732767614,2344.14604466847,2319.05128935205,2323.86665415056,2332.65119653124,2364.77988224705,2384.35216582208,2380.89778431007,2365.48984021484,2359.46876411903,2353.94910606134,2355.18821702685,2336.47797332518,2341.38999231006,2357.07053389052,2355.40223125707,2326.71411008154,2344.88504745275,2375.53301836008,2361.43853251334,2369.39721704586,2365.14394783388,2360.4612979666,2341.35605151879,2336.95621016909,2347.3925565119,2361.92554103443,2356.16263694197,2356.2971208791,2358.24847653765,2390.42792286771,2360.23861290896,2373.18353671192,2357.68166619008,2365.6086112824,2351.5997752625,2341.14503570459,2339.49171729605,2378.26578228964,2372.02716159051,2341.07913089247,2396.05377204611,2364.48608076454,2359.20905100212,2355.95228680472,2355.76901473785,2395.41738276505,2346.70994194751,2336.85551269985,2344.31795658667
,93,2358.24650128784,2351.02423185276,2350.11235396621,2379.13703931206,2386.71418575705,2387.13060024534,2363.76090918992,2352.64196437062,2354.13112865603,2354.02521541871,2362.7061455171,2348.09400067716,2333.56826096214,2327.85974132391,2332.01607760108,2359.83173322417,2376.3369608996,2370.31810672766,2376.81865178364,2351.58324876931,2352.22680712292,2346.79491791505,2379.51623658219,2350.74782637627,2331.46630210133,2335.37652493126,2342.11047148599,2398.36184936534,2372.71679543615,2395.87619780626,2362.88017787472,2360.09319388842,2350.2424273642,2353.85906438014,2337.19405755245,2350.66494684715,2329.14404265161,2329.24332631397,2327.29063830194,2353.80333444663,2368.18631417367,2380.55551380852,2390.64425968939,2358.95705586434,2358.53111219759,2344.24103991697,2331.3515952021,2345.15142272461,2319.55168095317,2324.55880698122,2332.50536738877,2364.30756601623,2379.42549731423,2378.19321528484,2362.74215012404,2356.84085727727,2354.02500155745,2355.34975856485,2337.59386321466,2342.27843785346,2353.92431182608,2353.65651796941,2327.14027789081,2345.05478508171,2372.30283263424,2358.57795212378,2364.29101591737,2361.10110829833,2360.6543613869,2341.89451114412,2337.86821687284,2348.56225783731,2357.67868908763,2354.97999532441,2354.81858665004,2357.96564466122,2383.91674847772,2357.67527988004,2369.30448560883,2355.36781199745,2363.25934524561,2352.51135476259,2342.02212322138,2340.35734804854,2373.40721606567,2369.1676005383,2341.13213607046,2396.29207078285,2361.475392972,2356.51197598862,2353.67294636721,2355.41961084492,2393.87632189078,2346.53437611542,2337.91194185275,2345.44559557935
,93.5,2358.78256491732,2350.55592191939,2349.92647874522,2378.40629209925,2382.3656992083,2383.01476762043,2361.0261652805,2352.42819518376,2354.21015167609,2354.94113164704,2361.08926830533,2348.28728896273,2333.92291893774,2328.37079539505,2332.3689504671,2359.59751804831,2372.8321234713,2367.43943670819,2373.38506062294,2351.14141746848,2352.31615965627,2347.23299266779,2378.42604669036,2351.08844398359,2332.59478834139,2334.71763557821,2340.93901240007,2399.09048944271,2370.45009082287,2391.50468267407,2361.84460609915,2359.73425003481,2350.32616266328,2353.7953003591,2338.24521911977,2351.63497656203,2329.15156445141,2329.63758735727,2327.77187473964,2353.69832872795,2365.82632244358,2376.23732657619,2385.92641801004,2359.11891779013,2357.55534569148,2343.99714620838,2331.89594105273,2345.64161681252,2320.30052650844,2325.16330862394,2332.91995791155,2363.99262710494,2374.56631795038,2375.58563960405,2359.835722712,2355.05920912159,2354.36934986674,2355.57568804714,2338.31601262436,2343.268317109,2352.04540920573,2352.33435234135,2327.50360145286,2345.60430012918,2369.84118801236,2355.80822212333,2360.68136019246,2358.38862486306,2360.74422991271,2342.60347283321,2338.9429146989,2349.77590467871,2355.0162888363,2353.90594709942,2353.20990841275,2357.65628326072,2377.29673199452,2355.27379313319,2366.1021752867,2353.91515321235,2361.36534222792,2353.41453204526,2343.14723115216,2341.12308949363,2370.58678123186,2366.43354897161,2341.04982868388,2395.98416512715,2358.41789019365,2354.12205930008,2351.66989336206,2355.19015586815,2392.58992094774,2346.31749637368,2339.14752054546,2346.50636250687
,94,2359.38739911916,2349.36755817171,2350.66875163538,2377.49979292729,2378.80788534992,2379.10608291374,2359.29910611904,2352.39103929546,2354.58782754919,2355.74275389434,2359.42152696285,2348.16335975466,2334.38851450011,2328.78567787773,2332.86524335808,2359.59813664812,2369.71043404872,2364.75920580425,2370.19163288368,2351.29538346261,2352.55872696533,2348.21664470636,2377.69266486565,2351.57184606232,2333.82905945296,2334.33270968,2340.17583686826,2400.51636894778,2368.33570477093,2387.25184049675,2361.04966632619,2359.21721462687,2350.67909341178,2353.07454643299,2339.57020608858,2353.01154850751,2329.60709246154,2329.66627426542,2328.30618847232,2353.64583923974,2363.88939268853,2372.0897937493,2381.36786048914,2359.26357877389,2357.09572379168,2344.07762858647,2333.04419483909,2346.33636726638,2321.33661468155,2325.59341301561,2333.23604900875,2364.54128256866,2369.81858128938,2373.5061307849,2357.25787785785,2354.78984864367,2354.71920266642,2355.77077517433,2338.9015464147,2343.24630968532,2350.9241344691,2351.52728266043,2327.74166890403,2346.04535661871,2367.88753013868,2353.07594799671,2358.14129551191,2357.33936939673,2361.23863726445,2343.74354079885,2339.89069630455,2350.37874249159,2353.88481274609,2352.8986762519,2351.94315438065,2356.8667223057,2370.91948860476,2352.8860801329,2363.95045032553,2353.16145152401,2360.61742922824,2354.15043291068,2344.29619664943,2342.27130296013,2369.50210241408,2364.58239572558,2341.48335018342,2395.87524896298,2355.90098371389,2352.04807368542,2350.90789149996,2354.5639031186,2391.5991063755,2345.78321619533,2340.54729475607,2347.88511047941
,94.5,2359.94360085052,2347.91545795978,2351.34592125568,2376.61084762018,2375.37736529476,2375.24075343603,2358.13150903895,2352.4167544772,2355.09453253923,2356.59422234667,2357.71096844724,2347.91726216453,2334.70828182393,2329.2260850399,2333.4596061601,2359.43992266089,2366.71414154088,2362.09528153477,2367.03212595895,2351.51043421825,2352.92459648141,2349.26800405366,2376.89626816923,2352.12651361509,2335.18741683686,2333.8950959512,2339.85365616089,2401.89737136166,2366.22416356246,2383.16447347513,2360.28289985712,2358.72729182473,2351.11807472282,2352.28777063147,2340.82382714106,2354.40030874977,2330.36776232361,2329.92319173487,2328.91067732525,2353.66469017397,2362.23449784405,2367.94486737995,2376.6471889753,2359.50544383475,2356.58589687676,2344.10485931002,2334.24466741961,2347.00907677843,2322.32151132524,2325.88428060641,2333.95212930027,2365.1824703785,2365.17517476198,2371.48636216894,2354.9534669455,2354.72568730829,2355.23258322348,2356.08513177609,2339.42983034321,2343.15342267328,2350.36808303435,2350.99989624144,2327.94410649052,2346.55134211426,2366.06866139687,2350.48133885746,2356.11693730677,2357.01221046248,2361.790310642,2345.03821069118,2340.72794323686,2351.12638769226,2353.35889764201,2351.70676171704,2350.50961463214,2356.09013354361,2364.51257452152,2350.4631050942,2362.08953315777,2352.60163913491,2359.88821868515,2354.89812724755,2345.32215858483,2343.43524910376,2369.13771095301,2362.96720316189,2341.76541932904,2395.53630357947,2353.40236525263,2350.2076246664,2350.5238840102,2353.77365096402,2390.65714432741,2345.46432572584,2342.14686276912,2349.12823952841
,95,2361.10298622372,2344.88671880992,2353.41451315385,2375.51453473974,2373.37946100148,2372.02029577867,2357.97048353397,2352.85722705178,2355.94078315985,2357.06835570932,2355.92292568076,2346.89193916261,2335.3761471359,2329.36159144931,2333.62172389414,2360.54536859653,2363.94201462947,2359.65379447106,2364.45333584613,2352.54684824732,2353.4615619255,2351.22791583184,2376.92841334283,2353.29370458755,2336.65126057062,2334.37239346967,2339.28969100798,2404.86618964274,2364.25548518642,2379.34246091619,2359.63876451383,2357.79845663808,2352.16268606201,2350.07611110147,2342.89844492116,2356.69853533111,2331.20945752282,2329.28075816808,2330.04653795214,2354.03680290065,2360.78027868003,2364.28634182756,2372.57960170824,2359.76202908892,2356.76493348015,2345.18668830177,2337.22256985036,2347.86941156115,2324.50060370336,2325.7495250971,2333.90164092883,2367.55567815785,2360.39621634622,2370.40373569998,2353.21312300447,2356.525672043,2355.82762557396,2356.35791010665,2340.23248732501,2340.95344784274,2349.76783010207,2350.69911218718,2328.36912923028,2346.95207857849,2364.50241789435,2348.02871487577,2355.00961721797,2358.37329278919,2363.14353918565,2346.84075870477,2341.3806699554,2350.56086107319,2354.0409258246,2350.889391392,2349.74079684603,2354.20316218683,2358.99401445751,2347.78782711725,2361.43158694649,2352.29674214545,2360.93475524946,2355.44653149113,2346.30640222965,2345.46765032783,2369.95861311646,2363.4187813541,2342.9688874284,2395.60623531592,2351.93657353146,2349.06649170271,2352.01354083071,2352.16672378509,2389.97488667992,2344.21566126348,2343.84008391647,2350.52285309533
