,Temperature,A1,A2,A3,A4,A5,A6,A7,A8,A9,A10,A11,A12,B1,B2,B3,B4,B5,B6,B7,B8,B9,B10,B11,B12,C1,C2,C3,C4,C5,C6,C7,C8,C9,C10,C11,C12,D1,D2,D3,D4,D5,D6,D7,D8,D9,D10,D11,D12,E1,E2,E3,E4,E5,E6,E7,E8,E9,E10,E11,E12,F1,F2,F3,F4,F5,F6,F7,F8,F9,F10,F11,F12,G1,G2,G3,G4,G5,G6,G7,G8,G9,G10,G11,G12,H1,H2,H3,H4,H5,H6,H7,H8,H9,H10,H11,H12
,55,2.27537508556486,-16.706767911167,-11.1652648586336,0.8713868327402,-16.9678280931631,-19.18584409896,-12.371184722219,-10.9604666969428,-12.4768339370918,-9.09453006552383,-14.5199985522127,-1.66614715531341,13.525384664756,5.07488948034006,4.8102496515188,-14.1302774775364,-20.2339378876468,-19.0284860857722,-8.04111709013466,-17.4138827545031,-12.4817684918164,-5.48810135755025,-8.75929225434186,1.5311968653067,16.5060813532809,6.99278055557079,4.66371038511215,5.44236988372882,-5.14854574732794,0.941760822642209,-4.85921615755831,-8.14768152124464,-8.76124370441255,-13.036560185049,-0.162221420155618,-0.384473260857362,11.4637683971706,3.87399567924911,8.2219074396142,1.16066342132831,-4.71050648091671,-5.02019806297983,-6.49552255836898,-3.88565478819862,-4.5517470777238,-13.0159460250214,-0.0502365765963191,-0.0935241758160714,13.306419591866,10.3653986637052,8.66140049540331,8.20579919239361,-9.3806251529162,-0.862045657800991,-18.4224156900899,1.41415722018212,-3.06227386565911,-7.13132532282668,-0.247155782473897,0.192473785493405,-9.41829478247473,-19.4101774754311,8.19830301538332,0.976930623186661,1.09623900163422,-0.0349901633725267,3.17748038150023,-16.6308826852199,-8.31524302422679,0.928501612874754,0.331014940765328,0.378985477465505,-1.03905689258818,-15.7550364782688,-9.318592789376,-3.04388058646782,-11.4047068715918,-18.7034795124932,1.70967927325603,-10.6701151282897,-12.5208502870252,1.61723851341242,0.136544057355763,-0.581084291804757,-12.5786929345072,-14.865546810478,-5.90799505141024,3.72222070930195,-8.4130014708154,-17.5466527502572,-12.3074125062822,-5.22241081747075,-11.1616976648011,-21.1243315976207,0.0533828240021421,0.280284373936922
,55.5,4.92997935205653,-36.1979971408612,-24.1914071937057,1.88800480427102,-36.7636275351866,-41.56932888108,-26.8042335648069,-23.7476778433759,-27.0331401970309,-19.7048151419684,-31.4599968631285,-3.60998550317868,29.3050001069716,10.9955938740716,10.422207578291,-30.615601201328,-43.840198756568,-41.2283865191738,-17.4224203619583,-37.7300793014226,-27.0438317322684,-11.8908862746926,-18.9784665510739,3.31759320816411,35.7631762654416,15.15102453707,10.1047058344102,11.7918014147452,-11.1551824525428,2.04048178239066,-10.5283016747109,-17.6533099626962,-18.9826946928944,-28.24588040094,-0.351479743670438,-0.833025398524285,24.8381648605375,8.39365730503999,17.8141327858301,2.51477074621027,-10.206097375319,-10.8770958031231,-14.0736322097989,-8.41891870776317,-9.8621186684004,-28.2012163875462,-0.108845915959023,-0.202635714267956,28.8305757823764,22.4583637713613,18.7663677400416,17.77923158352,-20.3246878313176,-1.8677655919015,-39.9152339951943,3.06400731039525,-6.63492670892663,-15.4512048661254,-0.535504195360829,0.417026535235777,-20.4063053620282,-42.0553845301004,17.7629898666653,2.11668301690423,2.37518450354173,-0.0758120206403419,6.8845408265845,-36.0335791513094,-18.0163598858247,2.0117534945619,0.717199038325077,0.821135201175196,-2.25128993394014,-34.1359123695831,-20.1902843769824,-6.59507460401244,-24.7101982217815,-40.5242056104025,3.70430509205551,-23.1185827779611,-27.1285089552218,3.50401677906024,0.295845457603434,-1.25901596557731,-27.2538346914315,-32.2086847560352,-12.8006559447211,8.06481153682142,-18.228169853433,-38.0177476255583,-26.6660604302776,-11.3152234378543,-24.1836782737363,-45.7693851281782,0.115662785337975,0.607282810196864
,56,4.55075017112813,-33.4135358223333,-22.3305297172668,1.74277366548091,-33.9356561863261,-38.37168819792,-24.7423694444362,-21.9209333938854,-24.9536678741823,-18.1890601310478,-29.0399971044263,-3.33229431062739,27.0507693295115,10.1497789606823,9.62049930303874,-28.260554955071,-40.4678757752936,-38.056972171545,-16.0822341802684,-34.8277655090054,-24.9635369836313,-10.9762027151013,-17.5185845086836,3.06239373061294,33.0121627065624,13.9855611111416,9.32742077022476,10.8847397674571,-10.2970914946541,1.88352164528271,-9.71843231511775,-16.2953630424897,-17.5224874088246,-26.0731203700985,-0.324442840311633,-0.768946521714327,22.9275367943432,7.74799135849895,16.4438148792278,2.32132684265468,-9.42101296183387,-10.0403961259598,-12.9910451167374,-7.77130957639758,-9.10349415544567,-26.0318920500436,-0.100473153193377,-0.187048351631915,26.6128391837329,20.7307973274096,17.3228009908086,16.4115983847881,-18.7612503058308,-1.72409131560141,-36.8448313801802,2.82831444036572,-6.12454773131685,-14.2626506456551,-0.494311564948418,0.384947570986412,-18.83658956495,-38.8203549508619,16.3966060307688,1.95386124637315,2.19247800327014,-0.0699803267458492,6.35496076300194,-33.2617653704394,-16.6304860484545,1.85700322574945,0.662029881530884,0.757970954930954,-2.07811378517465,-31.5100729565393,-18.637185578753,-6.08776117293451,-22.8094137431829,-37.4069590249869,3.41935854651365,-21.3402302565786,-25.0417005740518,3.23447702682444,0.273088114710902,-1.16216858361025,-25.1573858690127,-29.7310936209554,-11.8159901028187,7.44444141860487,-16.8260029416296,-35.0933055005154,-24.6148250125649,-10.4448216349434,-22.3233953296027,-42.2486631952414,0.106765648004682,0.560568747874072
,56.5,4.55075017113063,-33.4135358223382,-22.3305297172626,1.74277366547767,-33.9356561863251,-38.3716881979021,-24.7423694444554,-21.9209333938718,-24.9536678741921,-18.189060131047,-29.0399971044335,-3.33229431062239,27.0507693295106,10.1497789606818,9.6204993030434,-28.2605549550574,-40.4678757752972,-38.0569721715513,-16.0822341802716,-34.8277655090118,-24.9635369836367,-10.9762027151048,-17.5185845086891,3.06239373062169,33.0121627065558,13.9855611111383,9.3274207702226,10.884739767455,-10.2970914946533,1.88352164528737,-9.71843231511411,-16.2953630424797,-17.5224874088397,-26.0731203700999,-0.324442840317431,-0.768946521718533,22.927536794344,7.74799135849202,16.4438148792209,2.32132684265196,-9.42101296183694,-10.0403961259699,-12.9910451167234,-7.77130957640611,-9.10349415545147,-26.0318920500436,-0.100473153195992,-0.187048351625833,26.6128391837301,20.730797327413,17.3228009908107,16.4115983847828,-18.7612503058308,-1.724091315598,-36.8448313801844,2.82831444035412,-6.12454773131719,-14.262650645651,-0.494311564955126,0.384947570983854,-18.8365895649521,-38.820354950873,16.396606030768,1.95386124637668,2.19247800325877,-0.0699803267399375,6.35496076299626,-33.261765370451,-16.6304860484618,1.85700322574667,0.662029881528213,0.757970954922371,-2.07811378518284,-31.5100729565322,-18.6371855787404,-6.08776117293598,-22.8094137431964,-37.4069590249883,3.41935854651319,-21.340230256569,-25.0417005740362,3.23447702682807,0.273088114718746,-1.16216858360741,-25.157385869014,-29.7310936209647,-11.8159901028262,7.44444141859975,-16.8260029416327,-35.0933055005128,-24.6148250125576,-10.4448216349572,-22.3233953295861,-42.2486631952528,0.106765648003488,0.560568747868615
,57,4.55075017112085,-33.4135358223074,-22.3305297172963,1.74277366550194,-33.9356561863292,-38.3716881980458,-24.7423694443103,-21.9209333939809,-24.9536678741181,-18.1890601310524,-29.0399971043687,-3.33229431066047,27.050769329525,10.1497789606792,9.62049930300509,-28.260554955176,-40.4678757752713,-38.0569721715052,-16.0822341802481,-34.8277655089723,-24.9635369836042,-10.9762027150719,-17.5185845086422,3.06239373055917,33.0121627066065,13.9855611111647,9.32742077024398,10.8847397674759,-10.297091494665,1.88352164526145,-9.71843231514208,-16.2953630425545,-17.5224874087215,-26.0731203700806,-0.324442840269626,-0.76894652168545,22.9275367943322,7.74799135854079,16.4438148792796,2.32132684268322,-9.42101296180715,-10.0403961258912,-12.9910451168458,-7.77130957634211,-9.10349415541441,-26.0318920500448,-0.100473153171947,-0.187048351679834,26.612839183753,20.730797327388,17.3228009907883,16.4115983848208,-18.7612503058443,-1.72409131563597,-36.8448313801508,2.82831444043745,-6.12454773131867,-14.2626506456743,-0.494311564901352,0.384947571006876,-18.8365895649329,-38.820354950783,16.3966060307713,1.95386124634894,2.19247800334358,-0.0699803267820016,6.3549607630323,-33.2617653703688,-16.6304860484015,1.85700322576736,0.662029881543845,0.757970954988991,-2.07811378512361,-31.5100729565783,-18.6371855788331,-6.08776117292962,-22.8094137430996,-37.4069590249815,3.41935854650967,-21.3402302566474,-25.0417005741546,3.23447702679834,0.273088114657696,-1.16216858362702,-25.1573858690133,-29.7310936208984,-11.8159901027747,7.44444141863755,-16.8260029416175,-35.0933055005285,-24.6148250126138,-10.4448216348409,-22.3233953297114,-42.2486631951618,0.106765648013663,0.560568747908121
,57.5,2.96824470837555,-34.4492015659199,-22.784865456073,1.32086785119031,-34.6019087175303,-39.0530439846378,-25.8148854443483,-22.4724868334123,-24.7332492973339,-18.2802360350315,-28.9224653614376,-3.80813451303379,26.7431281378144,9.43028656952072,8.95677603096465,-30.0434378261822,-41.0639803579112,-39.527978060628,-16.5837988655186,-35.1910159717382,-25.1692160768729,-11.1090820621351,-17.9515816647488,2.46380849767127,32.8861551049146,13.3930332833972,8.51854925298642,10.8135940889447,-11.3567731844917,0.767677001582115,-10.4854824454234,-16.8529494085677,-17.416467145549,-25.9749776906535,-0.307807415216644,-0.779726781327383,22.1845907935534,7.22173453449852,16.3534385181225,1.21458254573565,-10.5231573245213,-11.4343576831102,-13.811291984507,-8.51477743137673,-10.2108212344292,-26.0289504829357,-0.098309418790393,-0.161931246157963,26.2192207640487,19.8066509911995,16.90718124779,16.1655588704427,-19.3633369695332,-3.4079280109687,-38.7985879407628,1.00453439210753,-8.17832307945559,-15.3533643804503,-0.521993833666443,0.456675787603388,-19.6761523939966,-39.4760639872537,15.6302651630418,1.60500669568393,0.963390297200817,-1.96487318353854,4.46912481833726,-33.8384963002067,-17.630698609951,1.87755774390058,0.693920318136009,0.790844146086158,-3.87904561062237,-32.1520597675019,-19.2759580909147,-7.01286301627158,-24.1302565566209,-39.1463508564422,1.42145117613654,-23.3121667324739,-26.4542964865777,3.2171737196976,0.284561059979467,-1.20450502335063,-27.1127127224026,-30.1376474709122,-12.8119900845239,7.33799409631928,-17.675542710682,-36.4293128471271,-25.5216226977506,-10.5963013679946,-22.812110594462,-42.7457609981692,0.1140214272001,0.559844954428286
,58,12.7122757241265,-28.6360527594977,-20.2484486379733,3.83600371721423,-30.9603265361075,-35.27358696716,-19.7298662636616,-19.3310636686991,-26.246490106879,-17.7435190412734,-29.6781152655007,-1.13439735813722,28.6674693795336,13.7967372315294,12.9712587438721,-19.4600576201798,-37.7790287785101,-30.9701267769811,-13.6536046414261,-33.309800805629,-24.2287579106236,-10.3001896729373,-15.3491782263054,5.91084245917261,33.7914167013547,17.0636700220206,13.3661096168678,11.2661019944244,-4.99230147901085,7.67001541545551,-6.02400141729981,-13.7779601799278,-18.1632778837364,-26.6997122508308,-0.424985926569377,-0.692078301973311,26.8473411413393,10.4674277053332,16.8955338304791,7.97579302704264,-3.81808448819913,-3.02634220252048,-8.9350595495215,-4.15006452707382,-3.62531437233383,-26.3012204359521,-0.144741588056092,-0.359992973376677,28.685192306152,25.5957453168338,19.4852895834348,17.7364710321777,-15.5522307198096,6.94975020443781,-27.2463211198523,12.2946662370559,4.20506677554306,-8.97596435061814,-0.376818986430294,-0.0304108389505586,-14.8610313005378,-35.9271410254249,20.2851283142303,3.69938194685409,8.45646182830706,9.82932470116316,16.2065388231467,-30.7704915363066,-11.7795413831516,1.73908806894923,0.458117888127958,0.559191641918062,7.11441674325658,-28.6232395125909,-15.5737846518015,-1.47037772870749,-16.3407346485294,-29.0452892782413,13.8418593248358,-11.4210885413199,-18.0460549027716,3.30498071991616,0.139005481278502,-0.894064914487615,-15.5205971491671,-27.9683357895705,-6.93400412872643,7.96466454875957,-12.7161857558358,-28.6638102477195,-20.3144807180137,-9.79333467482888,-20.1394905687234,-40.0783503020449,0.0958240656986504,0.601543394951534
,58.5,32.0909075215995,-13.0300821906477,-13.429392494854,9.39737861931684,-20.3992944004883,-24.8939260151499,-3.82588087489353,-11.5054195144578,-28.3130595072297,-16.6820749273502,-31.3261603410253,5.8374029339833,32.3210943185244,22.960986808964,21.5507296719678,4.58900505749671,-28.7318629535549,-10.2670708104391,-6.7760859029695,-27.2337882456791,-20.0682467367545,-8.71109538351953,-9.89829590836655,14.2791507474069,34.6229180136826,24.2104694837434,24.1394337863773,12.0191759855899,8.83816134632093,21.1194846599984,4.68312210073964,-5.02907345213396,-19.133349582185,-27.5216617114877,-0.501579729780076,-0.722564430941986,35.484831467717,16.934454363323,18.0906377253319,21.749915244488,10.0008423129977,15.013201379992,1.89673292996986,6.07473621924078,11.1309419403459,-25.0992375412063,0.0536698228542036,-0.366515933270705,33.4158676043292,36.3648590880697,24.3952514974476,20.4248950897423,-9.38555558795588,27.5938450026811,-0.56372057306919,34.3011850344818,31.0320077106664,6.19542441890451,0.152162390079809,-0.648900823547649,-2.71225894345139,-25.4491092378047,30.1281774369115,8.2464729334244,23.9250432981484,32.2429769478672,38.6331203847851,-21.3912074673785,2.09414355223066,1.56404406530851,0.400019156197402,0.386452746556984,29.8602955355395,-18.6025604209661,-6.59690211877728,10.8257197814779,1.72459469651744,-4.28939877224536,37.7908743681692,14.092007263893,0.771704548350613,3.66678804755782,0.594857458800902,-0.745985902999223,11.2000925574995,-21.3133272206059,6.64509859185944,9.4435765109173,-0.887651018776864,-9.76450097032136,-7.28093594617189,-7.21418187609981,-12.4431471100357,-32.0278099322966,-0.155628778029666,0.352731305919008
,59,46.3791439431375,6.3380656833458,-4.39573965075624,14.8366115804347,-6.50759012440847,-10.9060501663947,14.6030094631393,-0.717309258486466,-26.9021782069372,-14.441275625495,-30.0222170687919,15.6347969138718,34.3173907740563,30.4471927971551,28.3354901933543,26.7867566715148,-15.2837390365963,11.420396222838,0.913904860874027,-16.627918042154,-12.3431623849715,-6.97959863782222,-4.12977727236967,24.9082242914471,33.5604265712764,29.1213978632088,32.7141371513833,12.6878931303231,20.9973673937028,30.9193295259828,16.3773541492698,5.77433245703457,-17.8227053566482,-25.1269394036544,-0.770604670365742,-0.688883666576487,40.6953291324913,21.2172927992588,19.080683332004,32.9476853509708,21.8836747244973,30.3511023935687,12.8578661014527,16.3481953855045,25.2612192988829,-20.4465541216605,0.35120688232945,-0.25161288512561,35.3955247109152,43.1263077615208,28.3193502446294,21.8148603188627,-2.08127288825381,43.0362179068914,23.8224965314879,49.727369301094,52.4090137527671,21.6828829893311,0.519321222604844,-0.593419240186563,10.8325105840511,-10.6693106717544,37.4108812914335,12.4391225194781,36.257346295508,47.9548229589745,53.5561774410572,-6.67298682240437,16.3452299331263,1.46416717965053,-0.0110879156658257,0.113402311334198,46.5918183823438,-5.34522626515468,3.26647747443917,20.9050878766548,19.0871879458008,20.5481509520844,52.9814113097653,36.0197748421989,18.5273814026622,3.75173699733398,0.542831281955102,-0.562191317093209,34.1787167684862,-11.7990882367425,19.8433913002685,10.7428173586504,11.3266288027781,9.55954462831119,7.54414032747206,-4.13117120943787,-2.12162717834883,-20.4434078291101,-0.540649096145842,0.10454746687526
,59.5,56.7451627979975,26.4668192208335,7.64362471890331,20.3291060690677,9.8481805212723,6.60414278963515,32.7709967501496,13.4378255373512,-20.1967270197342,-10.3362535308556,-22.8000909817965,28.0218717212134,35.0050377527663,36.3737251759732,33.5950742785948,44.864173816204,2.72287543895686,30.8301652283436,9.82108604001564,-1.48398965146055,-1.64121066860378,-3.84154737800242,4.53657971298628,38.3920856147064,32.8057364483648,32.423783364079,38.9814031274483,13.2800236709944,32.1797991271842,38.1400690560191,28.8461656247288,18.2615594051555,-12.4018216717835,-18.1570718944079,-0.71127493893772,-0.465585147198738,43.2430933156672,24.3225030508459,19.8261550002801,42.5907818589816,32.9234039186639,42.7416668146037,25.1919564946231,26.8239859390137,38.4701367629416,-11.8899625990277,0.0932061272520741,-0.609436990049574,35.5376618137614,47.6002217072986,31.5260186372992,22.8741747312421,9.77562605845026,55.5948217612241,44.668034810716,60.7324653509429,67.5063195924612,36.1311201542788,0.391849187234527,-0.551863723196391,25.0825535916641,8.05414169881908,42.253381967496,15.5159367776768,45.1005443340796,58.7538671350439,62.9280692381949,11.9602028003527,29.9795101475372,1.66943508041771,-0.660270764041172,-0.265103061215143,58.2485538444423,11.0327921978579,14.8485619937419,28.169654383219,34.3712500365137,41.7241655037575,62.9460866431557,53.680167153881,34.5092645260314,4.21072076710442,-0.321235394859627,-0.0454626387503936,50.8721065883519,1.67468437360094,31.1691536951458,11.8404003824014,24.0722958750104,27.3782194888416,23.5271638579186,0.832939999973291,10.9514999793627,-5.0424264629936,-0.925990941875739,-0.000707623015898662
,60,63.212108446805,42.8823474702999,21.2314593334461,24.3419108978884,26.092695047373,23.4960044612296,47.5673637569669,26.6883040915258,-7.83253024061469,-4.82081540435274,-10.5886999589687,40.1332770002838,35.1263679563881,40.5620958233244,37.2964362146636,57.0800637696258,20.4103524567133,45.0950420568576,18.9107236506968,14.6032582725535,11.1858274360694,-0.279973796915215,15.8724842282516,50.7069971809198,32.4485634630033,34.464730891974,42.9447058361228,13.1775012303529,41.2123842771808,43.3569123418209,40.134311466613,30.9941268785041,-2.54017125021835,-6.8468794256022,-0.111896255595013,-0.111653419314678,43.5206576324092,26.6263396882564,20.3693663367091,50.3847839036652,41.7801486652523,51.4533625780949,37.6696307458376,36.0368305006574,49.4054404882939,0.607260491305397,-0.207015642266811,-0.555965735620077,35.1002379475913,49.8922373132394,33.4301843376472,23.2501939761765,22.3356453243996,63.3953875670056,60.0947341208164,67.4139572898345,77.1608352059357,47.6337370078029,0.0952400058839658,-0.750672333774787,38.6513663384469,27.7936016133674,45.4335544827916,17.7982059042681,50.9230048871358,65.190782682248,67.445442508679,31.1701355062905,41.9830009310922,1.89161368564646,-0.406859115006284,-0.433251602764017,66.5870155334782,29.0913110454378,27.7310060131099,33.481927469387,46.3283113922084,58.1279702233859,69.036168616861,65.885424720418,47.6169853204286,4.79113490229747,-0.553482529480505,0.169469350893962,62.3988692753156,18.8650098120467,40.2133544322539,13.0124624302047,36.0614475612103,41.7033783182077,39.5998940285951,7.8147791677178,25.1782039876907,12.833521825978,-0.92446508574443,-0.588251767591487
,60.5,67.5584021377613,54.6110666025905,34.0687683760914,26.5964930250363,40.3390810705231,37.3115742125636,59.0215256628499,38.9230287719256,9.33189022677141,2.74208810626862,5.91346627533005,51.2309107764945,34.9138647453176,42.7760114399028,39.0786069336491,64.2058862064794,35.6493236888678,54.7549173619472,28.7765672876911,29.8599658282246,24.4991483787348,3.20021825794214,27.8198801023597,61.1461575734729,31.3792626317371,35.4632170619924,44.8950790096386,12.9821415807807,48.0831272145134,46.7679603920956,49.7491491824458,42.6038817134274,10.696867409427,8.76559175110697,-0.110892616259719,0.0285151638731236,43.2541617146603,27.8021513247563,20.3303419356363,55.3618174339372,47.8732012172978,56.8151461127812,47.9790034649621,43.3337465709104,57.3641112866844,16.293464539273,-0.123733223718489,-0.243927613469339,34.8226961197573,49.6241040681431,34.4659507346718,22.8867353046566,33.9264526095341,66.1309510498866,69.4103139153259,70.2833757875308,81.7218015637507,55.6876126790745,-0.0970859295907189,-0.719991557405876,49.3959060523224,44.9396387866989,46.9362831582845,19.3958252222105,55.1794758180106,67.3300135304601,69.0559790886298,48.3411330347416,51.170018889963,2.14027283737408,-0.179232835688197,-0.17876076780783,70.900980694403,45.2809805718767,39.7274370046624,37.334823928586,54.8817763524842,68.4173105283721,71.364583070918,72.3971208801682,56.4522763026915,4.8671819827108,-0.564029383580817,-0.229286577410733,69.3505257210887,35.2003974478158,46.9510841657848,13.7636780333119,45.3964971585829,51.0797668318505,52.6897644648585,15.8091486723856,37.5559272963758,28.5955846885477,-0.613163454114044,-1.32837366503043
,61,70.8112969228245,62.067842395707,45.3958877756929,28.356533297494,51.8111985592263,48.5591487995785,66.5842505004425,50.6593986116391,28.3005733047122,11.1766689512193,25.6473804407314,60.8290676964477,35.113277192208,43.6966576238334,39.8231085032785,67.6520403838198,48.826172553215,60.4887538899413,38.913800292128,43.5679647298347,36.459014755658,6.59962443865464,39.2717700031595,70.0390447727184,30.4046064446127,35.8327119815655,45.6598523892769,12.8889840523206,53.5549404315899,49.1432768785065,57.6346597742657,52.1996221101773,25.9199367343434,26.3507406970235,-0.228073178058935,-0.238160356659762,43.1788261463169,27.8890628063909,19.8685189728428,58.7684051688269,52.1780612501399,59.7799650185866,56.0339511841079,49.1926451522208,63.1903721557456,31.5648396304235,-0.210596893187642,-0.475556826463958,34.5559332090364,49.0905190070832,35.1386376848936,22.2786054347888,44.8194073028953,67.2876194946012,74.5867569293915,71.2289089561754,81.9365780052091,60.5752588231979,-0.287752414012118,-0.591614296922387,57.5707643416732,58.1011401768935,47.0440184315266,19.7960823825843,57.5028290702246,66.6862055358076,69.2491490287821,61.5550067978994,57.1666119050956,2.68368606046823,-0.551439812073852,-0.278730005291834,72.0262967777234,57.7121711726985,49.7237913290611,39.1115103773175,60.2721562008447,72.5335580499932,72.5444491550663,74.6068321438808,61.6754761932203,5.14221965614865,-0.774720653543795,-0.52405646360188,71.7317262718709,48.7260877050195,50.663825495581,14.035665933274,52.2301989346375,56.0707405334211,61.2118249522215,24.5675952620768,46.7497503606799,39.9203251711202,-0.193656783340941,-1.2483599463298
,61.5,72.9928528703723,65.7728192564102,54.9972045739059,29.1400559290498,59.6402941231759,55.7202067032192,69.4730551360301,58.5664413788049,44.8376468908061,17.9476890382103,43.5058218367294,66.8967055354101,35.6737092559315,43.9755351622118,40.577223499111,68.3169595966172,58.7012630943851,62.639692022365,47.8071786846542,53.91134025749,46.3078610599131,9.35396115892877,49.0399535046237,75.4029759106442,30.3855689558047,36.3266039938297,46.159939777269,12.0497164561012,57.2966243182763,50.6744569415158,63.0256861021334,58.9378264983314,40.4015151464113,41.8781293927919,-0.358835331704825,-0.300609280151605,42.9462966535364,27.6732228111487,19.5678851438682,61.9465163198639,55.3147517287813,60.6599513346303,62.4909085092639,53.3956578718914,66.8118492693675,43.2035361578444,-0.587429586882934,-0.619277720270532,34.1382488654167,49.5081966661352,34.9795156949622,21.5244709887342,53.32984328378,67.8088267427034,77.2826403692748,71.4843503632492,80.2759905176924,63.0650379705612,-0.508496494568874,-0.490696229660045,63.5937269938206,67.0749295847412,46.9674730999978,19.8855040675062,58.802966476614,65.572992932804,68.9548844180961,69.3800236569823,60.8039668442528,3.04076940274086,-0.693598583012886,-0.812260242089394,72.7661807898936,66.5122804403543,57.6891550507389,39.4131639489066,63.1089098252156,73.2676863792409,73.5465931591327,75.0453847722439,64.5594000344522,5.73331180667287,-0.553787554224812,-0.692736308484371,72.071582979616,59.4650193645388,52.4390442432731,13.9584509661432,56.9205260577701,58.491051196709,66.89994348326,33.9751758593372,53.3608364703634,47.8346795535797,0.231402443331604,-1.22908550739538
,62,74.3344504848437,66.9180036651376,62.0265553237988,29.0380699069548,64.1699201467658,58.4469505043846,70.285088252512,62.6343146435795,56.4422895166917,23.0129217414445,56.3518864260917,69.9657861447542,35.7307933992257,44.0422036644648,41.0849031691397,68.5252825778007,64.0295132418318,63.2370949261789,55.0371375962372,60.7058076545703,53.920990296705,11.4112120700723,55.6968605625107,77.5876022128523,30.136139727239,36.7302236060573,46.521465613752,11.0242698609173,59.493044757833,51.7253947485185,66.2090702841365,63.6533796829194,51.5407591777328,53.562525454802,-0.890995386487873,-0.196264911262858,43.1680029081845,27.7539286635754,18.7762365567709,63.6167615018906,57.198588530828,60.8521213569385,66.5057732496954,55.9770597005432,68.684458818857,51.4383518068057,-0.827452547237783,-0.521347241221861,34.298800898941,49.5853958248299,34.7706995360684,20.796580504464,57.1511520568391,67.4813040882584,78.3506443597829,71.1921878104004,78.9356749523507,64.1214028676645,-0.729100897632918,-0.670530222077616,67.4747117066144,71.6961212504708,47.0780751846936,19.9348253596467,60.6086839870519,65.0373241061069,69.6114104931913,73.2111663242149,63.1945282891444,2.81655056230619,-0.640938463249881,-0.71165684296642,73.6103650008508,71.9693145373878,63.0366716724926,39.9586113926318,64.6191666498767,72.7361070888235,73.7786910364913,74.9520128471436,65.8453271272052,5.68285570684509,-0.125659227837502,-1.13943919951873,72.5815853379449,66.2115576341657,53.5674810122001,13.7901910040082,59.1689383362998,59.2287703990962,70.3524444750946,43.2894975781052,57.1916599661527,52.5896555295586,0.452704443673326,-1.34558725339969
,62.5,74.8964053905687,67.299225760774,66.1265762482009,29.0573244080318,67.0129778012117,59.9538564383028,70.9068761701091,65.3675947340201,63.3460469302277,26.9533041839086,65.4736013094663,71.4328942855501,35.6523932896325,44.1143875510077,41.4720845870753,69.4819959211146,67.1510360359703,63.9781760321245,61.0182695156881,65.2666214461403,59.3043539900154,12.8591702295677,59.2299886954426,78.8134368352662,29.7367790399005,37.2852597201924,46.8361520545706,10.4985626277941,61.0759196466623,53.0554089989705,68.3810879816824,67.0654990715136,59.1966142468176,61.5183313930183,-1.27092196442123,-0.05202149039917,43.970848928741,27.8017132767383,17.2993419733627,64.3348415969319,58.6508818430144,61.165602107397,68.5267896185347,57.8925337344044,70.0613959443381,56.1591405728117,-0.779140643616586,-0.615851677382636,34.9060810895169,49.3139128801138,35.0133345792166,20.358879882956,58.9072558363285,67.5458416531388,78.8607752151934,71.4021921499664,78.3901436566406,64.282146502978,-0.828026057279317,-0.824657814434943,70.0650582617053,73.4480873427199,47.0896611058063,19.8455702162499,62.4181964476056,65.2150205654606,70.8411124823592,75.2007672133348,64.6342817137089,2.49913646990876,-1.15367701502652,-0.742960152902185,73.362170583446,74.4842508914318,66.1428786970755,40.3101387320907,65.6666060511905,72.407011627783,74.1752289168675,74.8528390948762,66.3193678707659,5.12507229689868,-0.0258177447997809,-1.36258686879802,73.025562764454,69.1710405089242,53.8914076117244,13.5703508677083,60.3009454135248,59.7934800854688,71.5746185483066,51.605407207308,58.6820910268113,54.475753423284,0.444240170755791,-0.937558411109137
,63,74.9500726175323,68.3329120917529,69.0096582430928,29.2812693069309,69.2234019739287,61.2107461532694,71.2497042221518,66.9205828017905,66.7574778146402,28.8118066045943,70.1505747813433,71.4568074560609,35.7892971535066,43.7898697824006,41.971847446083,70.5139380763983,69.6907634206484,64.849821328837,65.3992767271503,68.3928580903063,63.1774981869829,13.7227474331352,61.2653458080308,79.1124767764305,30.0643836493907,37.9776871443599,47.1028698886716,9.94867518458079,62.3797819805941,53.9879173551656,70.0506867376154,69.18086597631,64.003597875314,65.2717670256117,-1.27358633021151,-0.0284834190686638,43.9748591045819,27.6316077248134,16.0639712625727,65.4324850753234,60.2024833427593,60.9453324382723,70.3498475215337,59.3006967589461,70.7827344176137,57.8433100365271,-1.01422059415228,-0.542330101556388,34.9916261604659,49.6248503327793,34.8123304586495,19.8147040186789,60.4855456865031,67.9890127434472,78.9494214955262,71.6439904894454,78.094917321692,64.3362896924605,-0.974834233837385,-0.61861993903733,71.9492905604061,74.2302862075181,46.626874334484,19.6259986357607,63.6202472779385,65.5808215572704,71.6803561534986,75.5794474736474,65.4767146343241,2.27638764446249,-1.3871126002453,-1.34767413062303,73.0599647183825,75.1951198221858,68.025512507117,39.4096576936673,66.3255518555349,72.4493028920671,74.532703056277,74.3728375926472,66.2923357582512,5.16731028597718,-0.0731755239574454,-0.964879566533796,72.9672416557303,71.0399664547473,53.9189040169068,13.0317818646556,61.2814288164377,60.9623801359334,72.1792102095023,58.6043605191131,59.3667170726789,55.1160189559422,-0.0866840702672675,-0.701869825336814
,63.5,74.7010414122531,69.1683467834573,70.8172445003744,29.0127987421141,69.8734004361785,61.5074341788553,71.2046596484826,66.825315118022,67.8217116308745,29.4395847956465,71.1318911023387,71.0627026135419,35.2146587612255,43.1409523090105,41.7080908787812,70.7876809206269,70.8763267645768,65.0089949821905,67.9604747134164,70.0798878512458,65.8032436334443,14.459357891272,62.3142957243199,78.3418824637066,30.2643869115246,38.2490580965433,46.8791777864345,9.29073464706033,62.6347562207754,54.5237767051593,71.1821516649231,70.2912955831428,66.010514807263,66.0254259685044,-1.37913297366339,0.0333584759056862,43.5098817608027,27.4663259138235,15.4710397413959,65.4915160463244,61.3040470191731,60.6778403615403,71.7390528896478,59.7718676333449,70.2189258429967,58.239804403286,-1.29284894246274,-0.235191895924174,35.0157259245376,49.8002161290326,34.7731779455968,19.0366479208013,61.4097850082549,68.1569391108191,77.7431344699822,71.5228969283334,77.5374985932604,64.2064520027891,-1.01485256667735,-0.659715799327216,73.1256506272265,74.2611454242494,46.0302169119548,19.3690646292847,64.7613069196444,66.4011001978613,72.1892740218522,75.2698122278728,65.9372186791838,1.76870753147568,-1.40753441131068,-1.45259359023459,73.1301445538455,75.9106585937307,68.5301503862692,38.6463928140948,66.6525608444341,72.1978296824104,73.7190912305838,73.9619580557908,66.4566666568707,4.87392312589634,-0.226250902997378,-0.462733161935205,72.6913306095315,72.1854190357327,54.2234706664678,12.6869842973132,61.4128671510944,61.9698839415427,73.2495178326075,63.9198144019109,59.9049213109934,56.0096028345461,-0.827767259479231,-0.802079104397137
,64,74.138521386034,68.7927796883823,71.3868436518287,28.5437201746166,69.430845440243,61.9776642434043,71.2246987758728,66.9640761597909,67.6284975655323,29.8229179893191,71.4518165074795,70.8024755671092,34.1772433300603,42.7837963347972,41.107161873865,70.5194166360551,71.0666486175253,64.6903363865304,69.8155705290066,70.7394793057504,67.2933001842928,15.1012452013852,62.8255060992675,78.0250673595862,30.0884212583102,38.5120794164344,46.6367278494482,8.88874883033628,62.474449624387,55.5280722980972,72.1867188817253,71.4002444147964,66.6309390557632,66.5420138707783,-1.28552794872877,0.165087076050156,43.5826107398078,27.5781267407281,14.5682538913763,64.2715946355158,61.557826606146,61.0086831357706,71.8170286876218,59.7211414164146,69.5736167171344,58.7413149787504,-1.27527128195464,-0.22501907290922,36.0169374547182,49.2168093347674,35.5566393111238,18.6428616029704,61.3058097079745,68.5161801021956,76.42482846813,72.1599684184723,77.279941495369,63.5845870467263,-0.873459630332604,-0.863217859133272,73.8486777317954,74.1522136690785,45.8525288852383,18.7610096277899,65.6224826865384,66.9433252468496,72.6788182503408,75.2735721016459,66.2468272063192,1.37891511021104,-1.44526923798099,-0.837925716784071,72.9897591545706,76.8278165127801,68.2369436098618,39.1858324684661,66.5963680266742,72.1951951850602,72.9072279424846,73.5101766344113,66.4198340354652,4.32586033495102,-0.528099327007908,-0.331716983073306,72.4938020664315,72.1524513552765,53.8346379271501,12.3950733272353,61.1723973905677,62.6029757485685,73.9898835795749,67.2845253864588,59.9091227514662,56.5951259491221,-1.25351393084736,-0.569706991036696
,64.5,73.378894636136,68.3868488326763,70.9833047773514,28.2928213198686,69.3133154620057,63.1058720880387,70.7470967552842,67.5173820721117,67.5013078755223,30.0154503090521,71.5717028752065,70.3528412778386,33.5396086366659,42.5097641669724,40.8237799197246,70.1979084914428,71.2203528647453,65.2607634982575,71.1242450807038,71.202189046883,67.9779837280628,14.887137035541,63.3058513073639,77.8483833938901,29.7968155107172,39.2365426458477,46.3272972519669,8.59421908533051,62.7180615490396,56.952150378374,72.7143986161054,72.0192373890944,67.253292874018,66.6143140669629,-1.0731193633016,-0.161109723597917,43.476646624874,27.2097133518739,14.0771850898058,64.0079520730338,61.7023934752531,60.9698804658087,71.6747648270757,59.6582996874288,69.2510758149839,59.661878259982,-1.2627461765282,-0.40476585571372,36.7846528246146,48.6323834940715,36.0688813790557,17.8452331821241,61.6534157305202,68.6741032095217,75.8669271819963,73.624042971801,77.364053219479,63.0660665873418,-0.759895239748744,-0.738595654911592,74.2071392516153,74.4608190601462,45.5362525769061,18.3007003762354,65.9802136609532,67.1929324676219,72.8051583736107,75.5571140493998,66.1489607074777,1.19991092929081,-1.34253049804045,-0.895517119659985,73.0303953452344,76.9171815836439,67.7270084469919,39.9630398184313,66.499312980112,73.088316607519,72.1150844269458,72.9790630860472,66.4045205176805,4.30167004354911,-0.718901716220955,-0.222716271147533,72.3099014296996,72.3827499824936,53.5042554203073,11.7423616186715,61.6592119878044,63.3721418498238,73.94442902728,68.7638099472454,59.6255008813876,56.7365787622804,-1.43965693340749,-0.274510812386268
,65,73.4036128261293,68.9116894414943,70.6964337137616,28.1424977675954,69.433084208115,64.6771087734232,70.2593471552739,67.6121224601749,67.7872395624529,30.1017370221074,71.5207094204043,70.5918743487922,32.9631654985863,42.3042584910324,40.5521568695758,69.7430487909846,71.8517099084914,66.1936160930078,72.1626233203647,71.7357937430227,68.3390760702116,14.5854014451043,64.298324333239,77.7479690075725,29.6013923338248,39.7391762210095,45.966911825874,8.30659526175788,63.3194194885363,58.2453173565659,73.0025551585668,71.9815548464763,68.0719497496892,66.2866433219968,-1.08688255709814,-0.926267245422764,42.4889627293185,26.7031362809891,14.3876867405014,64.1885000124198,62.0482613878326,61.0279864237492,72.0948741289967,59.6342973820491,68.7316212893364,60.6899357911298,-1.16860290987216,-0.585822373058875,36.5182450659313,48.3349417158363,36.3377768390377,16.6230375282423,62.4594291966724,68.906664676226,75.8630326557014,74.9581635624903,77.0838116546375,63.3171334170784,-0.618285744997024,-0.668149009124193,74.2981342623427,74.4984782192264,44.5710543257412,18.1070851832312,66.4179140301006,67.0974884028001,72.6616023806549,75.3579369563395,65.8117008518543,1.02183251494728,-1.27461936095062,-1.03662312526092,73.5673666630744,76.5948553326181,67.0117764365222,40.553166776216,66.7409655397631,73.3066159845716,71.0919370409553,72.1944817118494,66.4886321818933,4.60727078394973,-1.0266626425136,0.119172862440507,72.1967986342206,72.5900002341053,53.6834468351003,11.044472812976,61.7639631627317,63.8241606237976,73.8235234649604,69.3821836297219,59.5637391482372,56.7817746692373,-1.60903538247146,-0.380017633163163
,65.5,73.6601218427874,69.2679840559219,70.8058368313204,27.9654374189084,68.7009746644694,66.3692018129489,69.609228157159,67.6760505379623,67.2585908714813,30.7620651720396,72.0208760781585,71.3354297243441,32.5044367617124,42.5964616038765,40.1648262020185,68.9483556688134,72.3661264517341,66.4680474955012,72.735644351409,71.8562465639567,68.3091766241027,14.6649852831448,65.4207429526811,78.0198607022784,29.4871129918411,40.2853081104277,45.9522333485211,8.15991709233725,63.3742198833891,59.9814553915687,73.1349411521677,71.9994442937992,68.3258128980033,66.5664030370937,-0.984626100896833,-1.45010399848087,41.9860228296097,26.3047578387215,14.3782562204332,63.5529121142249,61.5997243180328,61.5949132775971,72.0293073427016,59.8522455029005,68.6874706895626,61.2193778329321,-0.811600042150928,-1.10003762630362,36.2151683984707,47.9706359116535,37.1557277399852,15.5688167597337,62.7472407694429,69.27705537861,76.2805928913363,76.2261705129833,76.4609794845351,63.3993869640086,-0.330720173937493,-0.857788194927423,74.571950744716,74.3326749997261,43.9623288126741,17.8260322503285,66.7791772965841,66.7996427910574,72.5159611709348,75.0766331267885,65.8379937997045,1.00913691410011,-1.23516300908688,-0.80491884839779,73.7307365727762,77.0898109873236,66.6198846706957,41.8468936146901,66.9733191136484,72.9196349904197,70.4440281734446,72.0063861958082,66.9158839837762,4.38740167104311,-1.45233508519397,0.115114783947377,72.2036862661739,72.1371368861763,53.3701413286587,10.5991344935159,61.6443947444212,63.8871685962276,74.0222995024486,69.2736627124456,60.0146753397373,57.3645120044038,-1.31170118185668,-0.251870839407331
,66,73.394368409826,69.5343628670388,71.3825529178463,28.0784470807284,68.469204666627,67.9814596480689,68.5723285905369,68.0238505315803,66.4544097869421,31.5215324051971,72.2326514553284,72.2211879813034,32.6374341764323,42.7856665862358,40.1424064217767,68.3634519304093,73.0145377576355,67.2281734331153,73.3365794143936,72.0022202560408,67.9285187677334,15.0366389004952,66.8994607990226,78.8135669042604,29.4498172563656,41.8572336494495,45.9164565044293,7.84926822063852,63.6215671974511,61.9227224920337,73.0817300322828,71.9624896594413,68.8268827126323,66.9378670788819,-0.951208386454539,-1.51496905698252,42.1771713243153,26.3186992334344,13.7447304310397,63.6073119014354,61.128177595121,61.7103817846386,71.764740084898,60.4427987626983,69.3986065284905,61.7762640085904,-0.806724676161423,-1.54895107675424,36.2458784503698,47.6952706066663,37.5737381704397,14.5816762295578,63.1900191124525,69.5794347509645,76.9463517756914,77.5623839418505,76.7533494736682,63.2624627404607,-0.103164847430719,-0.757266700342086,74.5848307971986,74.5314115479166,43.8865799121844,18.0751535805225,66.7014293777428,66.8861401808874,73.0170357923563,75.2627837473835,66.2975369437387,1.05854661044884,-0.979812200502352,-0.429952229459843,73.7107727182857,77.2902632523698,67.0936252337468,43.9679900868069,67.4981788082799,73.3625406916927,70.848172732566,72.3987544916262,67.238809850106,4.34101829963623,-1.85120954758429,-0.319221292082716,72.4338694147244,71.9567797536146,53.548069936073,9.80713939782908,62.6858985409381,64.182586048085,73.9962159494286,68.9892100236586,60.7072547745978,57.9097300839746,-1.02958639647437,-0.175372259352287
,66.5,73.2977336876779,70.3213421596497,71.722393852426,28.9421228757958,69.2714942926528,69.783988164545,67.7131174275961,68.0800166062021,66.5402984254321,32.986713394425,72.1130842407572,74.044620247054,33.2720993183053,42.6141042832437,40.1606137328229,68.8562469139257,73.4954350128409,68.4966117284986,73.7470930686825,72.4451736749409,67.708888642882,15.6478754566211,69.8732749515564,80.5152271535113,29.1327172911944,43.8285015530317,45.2562293939521,7.29151298067978,64.4779412391277,64.2102489143386,72.9549495533703,71.915366491784,70.0870952420378,66.6708441033571,-1.0769018859877,-1.73782728130084,41.928650378001,26.6621077321237,12.9298945376109,64.3421033481241,61.7652625029417,61.5802469214784,72.2132161747704,60.9671972330758,70.0892355993029,62.6540666459108,-0.832883835238249,-1.44122028205732,35.6637014565057,48.0403865543917,37.4343990360521,13.4023373719137,64.3381746304354,69.818315739545,77.5241078333319,78.2095962632145,77.6932042704988,63.688995193718,-0.144899036614277,-0.803290720537063,74.0886999661325,74.3300961585222,43.7816146190415,19.2053302775117,66.9134912645351,67.3918268520353,73.7153047544305,75.7657690019676,66.6870702458475,1.06467465413448,-0.760665962328517,-0.392156334803019,74.0296154617934,76.6336089227548,67.7515982535666,46.2954547703526,69.0080481945943,73.4391707815978,71.354809316104,72.5251411020269,67.7759345267114,4.24277848742167,-1.8499028108933,-0.37769974315728,72.7308911171057,72.4672778691713,54.3487345875261,8.96224794951638,64.118356539102,64.4616801555445,73.6893115989579,69.0935526627521,61.1149434749428,58.4417325102398,-1.19614115587461,-0.591183947221566
,67,74.4697771079009,71.1073802685846,72.1898083650501,30.6514149886257,69.8872112882584,71.7755135895178,67.3852471111716,68.3813791782817,67.1765593944762,35.5432406114783,72.4536321826911,77.9475814270687,34.0091654092445,42.3779030568298,40.1548894030663,69.3853927444499,74.2911357751592,68.7892377675919,73.8448549128309,72.516628877365,67.7874417876798,16.9907647661506,75.1140050961807,84.4868546016795,29.4728604253804,46.2661083975993,45.2627488107133,6.95339270579149,65.0494909544757,68.0297837959076,72.9263530978243,71.8296535756722,70.5737297171059,66.844231149506,-0.915953097606121,-1.71959094016131,41.6196691895608,27.7321593384578,11.8588719736318,64.1063495417167,62.3431452851918,62.1317217912075,72.8427605152086,61.6931638151857,70.1252375372105,63.044829576846,-0.518615800677082,-1.16722119112836,35.41968300551,49.830611066479,37.5589625132095,12.8334525043729,65.5115714836497,70.0957230116263,78.1902514664765,77.7543867507369,77.7770469507362,64.0958865123541,-0.0982855153384889,-1.03876388751098,74.053590930641,73.8315487238751,44.5008788901387,21.3039714306472,67.0096530469153,67.2629358493228,73.679769560081,75.6072410488995,67.0685147460681,1.10152243182461,-0.752076900744726,-0.70079981717555,73.9784539315821,76.5355869669872,68.3251821500487,50.293311000227,71.1577754417082,72.6670384263092,72.3135645094569,72.8221328726298,68.7999894865579,3.6940540629671,-1.41474512567714,-0.397412313475456,72.7575609851483,72.5036841361747,54.4627412415833,8.7396144558046,64.5156430817007,64.3502196882012,73.6174882223604,69.5296117453198,61.3180316629879,58.9520945041568,-0.971548969585285,-0.781090786497828
,67.5,75.6967997845087,70.8874101615903,72.9373383018445,33.6651303340153,70.1719575743904,72.6508040622865,66.9665879644301,68.9170064907577,67.5220331543354,38.7893620309064,72.50369161141,84.9189192924055,34.8874362128907,41.8526387971127,40.0388018435735,69.8685043279727,74.717652343075,68.7268459831793,73.5963007986716,72.3388061797293,67.679705141634,18.8314072430305,83.5459420015941,92.1270997739126,30.0729498502346,50.6202436945268,45.5528438805943,6.40021350876532,64.7400888989483,74.6241314257981,72.6044102937399,71.4399121713155,69.8694073221235,67.4093048524513,-0.755172932601965,-1.22934278413544,42.1287461355658,30.3006525724395,10.3889982648809,63.5463631236693,62.3429976474164,62.4272956906547,73.1909191637816,62.1829664073878,70.2535978802223,63.1763888835268,-0.728403111537659,-1.22289575954159,36.7008021396316,53.4154240765768,38.030697059159,12.3259866661599,66.2238373117572,70.0831926261859,78.8826989108362,76.4868729179303,77.686370195432,63.9488748861246,-0.0500963808642041,-1.17849272376606,74.0560571934283,74.1569816003404,45.8892825902494,24.6264205045557,66.7891631637521,67.2281871770706,73.481654172249,75.4207509190336,67.508740152629,1.35200548211276,-0.707458034835611,-0.58160670354772,73.7509998056023,77.2494040674285,68.8804515933723,57.606245922047,73.2526992372966,72.8903458530574,73.5669046456222,73.7638675049031,70.6814959235526,3.08737578544009,-1.01433700297559,-0.871499844907078,72.6611883095424,72.6481882617902,54.5144460339288,8.57569536257847,65.0734944178704,64.2828259438569,73.8747521997174,69.9724446997092,61.5028414965938,59.0708762150194,-0.725835863838768,-0.716732100678371
,68,76.4102766869421,70.0983431388796,72.7791905510401,38.4984820970553,70.4093357833038,73.253523373153,66.5455515737273,69.2364381025786,67.9801563717022,43.0810253762934,72.3755670903092,96.6956416093532,35.7704833262702,41.4349548302943,39.6756781458225,70.8298830735498,74.5208244456265,69.0585535404892,73.5578931124405,72.2524580136967,67.5983970803395,21.0677043387196,96.6641179247455,105.451283798061,30.2237526657598,57.7471754336443,45.1647293120233,5.68356531805085,64.7853979731242,85.1645759063982,72.3707774465179,71.3790592632522,69.9597181025709,67.5405281728762,-0.653140372611801,-0.980515090435688,42.3490062157845,34.4989467269864,9.39209357067733,63.5364035322656,63.0522657756329,62.2539603245652,73.3425735351582,62.233852962436,69.9959561207953,63.6234271168524,-1.17134663426697,-0.940442014056259,39.4950434512002,59.0504744155181,38.7461236518064,11.5034917628739,67.1759297787622,70.3296270600388,78.9807194844198,75.4207722161456,78.2985518387001,63.7878869421975,-0.460666964613608,-1.1310256026581,73.8362801892433,74.62680090165,47.464814302949,29.4368378341953,66.4527181232817,67.6525391639675,73.2916977979482,75.5812072501723,67.6878964982749,1.59021820444661,-0.669176423630574,-0.193233728797281,73.7651102993943,77.7964293713339,68.8411910360398,68.3298614455156,75.3071509198637,73.7401203484033,74.7806694556139,74.7554553262133,73.026928853768,2.51319757925768,-0.352112291754167,-1.24957863855315,72.634976016614,73.0421946185423,55.1018775926796,8.27543823499673,65.8679742090069,64.318476408239,73.5534592675928,70.7598925711845,61.4359730315985,58.8802687041807,-0.968255701520661,-1.17903652153962
,68.5,78.1561314887249,69.5579077754222,72.0850597711449,44.8347661597917,70.4961724098571,74.3008008307335,67.2222234043314,69.6062631886518,68.671788584752,48.8775832341721,72.5053940200406,115.052514359985,36.7174851196136,42.0855959082379,39.6929409133816,71.9839896515223,74.2485203164094,68.870345478814,73.3516618774775,71.8632542910614,68.2156412311678,23.5084272135547,115.123741218554,126.613258394871,30.9035285964571,67.6356190886127,45.0806705830395,5.27255012213101,65.2244551422299,100.871299310745,72.449690465194,71.8061857123777,69.7443771855137,67.6520389034724,-0.562447287944735,-0.902452080860883,41.9346402673185,40.2675853408647,8.88347369957131,63.3263985511189,63.5964916124507,62.643532619413,73.2943869326332,62.6442217172007,69.1960248945751,63.8635346417801,-0.795567999562252,-0.492948575813614,43.0832372270207,67.0001129641365,40.0438269347002,11.4869495183759,68.5623417254983,70.6959721673164,78.9785461622865,74.4227528174719,78.1142934930291,63.6490176928347,-0.993390662575678,-1.09310333609244,73.9857886607147,74.9102375352464,49.2556767091744,34.9412548097831,66.2945178701967,67.2877229090435,72.6019320308194,75.350901446812,67.7992284709028,1.65054832341764,-0.818283371630002,-0.56190575903787,73.5657794427203,78.4446543929488,67.9581049474316,81.8646399502794,77.0635954011522,73.6199012312005,75.5287032454942,76.1739978384663,75.0869707216365,1.80185155374573,0.222447299030193,-1.35581558329602,72.3278230840756,72.9008631569105,55.0461855517533,8.18104658568171,65.5049416458763,63.8383332750029,73.0928697718148,71.5683707377277,60.8380935115783,58.5339345618356,-0.683446342566072,-1.21987011214145
,69,80.6265657961643,69.1655212162868,71.7959808309721,51.2807194450034,70.3846919321009,74.6278177999923,68.5623763441322,69.798053117717,68.7902294425581,54.9378202836967,72.3738229876923,141.139156292381,37.2396848539237,42.4507795709646,39.8326281043181,72.5477728913158,74.0896466981318,68.5360560255565,72.8924027917517,71.335601307439,68.7706594003261,25.836787564124,137.806865351598,156.209297263725,31.8549660726047,80.3746519007589,45.703816539801,5.51361742646156,64.8982116628376,121.331011225963,72.1189343954643,71.7319734007065,68.0473797143038,67.6454554794867,-0.655682156065666,-0.682613466002692,41.6157794721693,47.6583027002787,8.92235833943789,62.644748377455,62.8139618307745,63.2975927860667,72.9517634928727,63.4866027376688,68.4034129382003,63.892013219274,-0.477579299248248,-0.688276767078662,47.521298098669,77.6473689809337,41.3790265902846,11.3544195806253,70.0220955070295,70.6783738561156,79.2026984322081,73.6294783024056,77.166638813256,63.1063864330349,-1.21786032128887,-0.852639377833952,73.8684736655559,75.3012570702296,51.1878376090422,39.8775492846111,65.785565737511,66.6098431802421,71.8031746218736,74.7003949336633,67.921990786206,1.47105224226476,-0.905004784038795,-1.23025015914118,72.8784722933901,79.051184307942,67.083018936547,97.3320025696499,77.7337470510491,73.6141633703323,76.255901860263,78.2211603548195,76.4020780276683,1.49245197738219,0.154152455327278,-1.55186603636702,71.8619189785412,72.4748207606731,54.8253002704618,8.48293289930604,64.9088888335112,63.5559250798104,73.007156773459,71.7316402573626,60.6162170558108,58.1857478970963,-0.143420366571206,-0.636739956488157
,69.5,82.0139101941028,68.9215240697991,71.6025529283497,56.5759206449362,69.5454523731927,74.2488399311894,69.5429008083876,69.2293863838975,68.331283310559,59.7879230950032,72.0258646065201,174.656947684039,38.2566848644611,42.5023017028791,40.0010544720095,73.174031501023,73.750142506578,68.5730692745793,73.033675626196,70.94969443691,68.686906145737,27.3918106494439,163.27242732921,193.827198052945,32.0859385965339,95.3645078061327,45.5820594391744,5.40316313218727,64.0869856998435,144.51485030468,71.9653375276815,71.4697168331971,67.3997523360097,67.3573335662061,-0.565975869047918,-0.843175358659323,41.4580047764516,55.8371613507161,9.39216228144369,62.4714913625785,61.6366812144223,63.4799234014339,72.3212267100289,63.8522578719043,68.1098320796024,64.0001950028246,-0.772187646527811,-0.841497468891816,52.6600558246396,89.3677436950636,42.5375089011009,10.5375220672256,71.3410175568278,71.1577251457055,78.8403264800731,73.5840195950659,77.125193228915,62.6328296442923,-1.62916970250677,-0.274568714368002,73.2739929865513,75.555982137354,52.7001242741303,42.9898151988863,64.9906968936763,66.6780615650192,71.4622715953785,74.380227332435,67.992929223434,1.31331994300194,-0.738001707399519,-0.726841992824461,72.2079214589747,79.1129994979934,66.6269130982437,112.08296494305,77.3365904973657,73.9152333762133,76.882154212358,79.4288656315941,76.6729104748038,1.70576830341861,-0.35348305360634,-1.47210898580983,71.9516533412127,72.2946317167612,54.8968170854814,8.34071351301526,64.8890434315072,63.4310181488401,72.7000674221841,71.6479831247569,61.0308812784942,58.0778133869547,-0.573570405859812,-0.85059332009763
,70,82.8989122735513,68.9481894271578,70.9326446445233,59.6142589040711,68.4279047187938,74.4192581084749,70.1157010274948,68.6416067217432,67.9915421717932,62.9936249506194,71.6310694191072,213.319277870662,39.7605839780819,42.8803029231394,40.2298323922446,73.9145699238803,73.8082831131552,68.4819371530066,73.1759126941207,70.5431557914354,68.8820241847724,27.8606975794158,187.864724290241,237.044410804867,32.0087977045433,110.662789225538,45.1710979370712,5.22326237546309,63.6357652379772,166.950630586081,72.4762772008726,71.6086022271653,68.1663774711805,67.1537722461103,-0.505521060846888,-0.997348493628522,41.0420533108546,62.1061362108828,9.73365294483972,62.6476677766366,60.9310877468281,63.3427994467468,71.3809813203652,64.1420556505045,67.5000634707372,64.3283881310598,-0.623703785834209,-0.382672441443731,57.4681824129309,100.542009897884,43.1210525443506,10.6757602291518,72.641496616106,71.5943316175221,77.7514803672574,74.0124485338538,77.1643561522137,62.1382382324124,-2.08133563383359,0.127425212605601,72.6521050202417,75.3279107844936,53.9930488928193,43.1246157179311,64.1873179218474,66.3390369492874,71.1633880389136,74.3355399011339,68.0874838724275,0.983313164083313,-0.462139785735474,-0.533490741494859,71.432379973895,78.8581892150893,66.2853696148514,122.653401377559,76.9078128748394,73.3770344632247,76.3868191396183,79.6780256567312,75.3575547269293,1.66448475792112,-0.702639752201037,-1.15581818284528,72.1858303771505,71.8996119773358,54.6944446314616,7.69242449730683,64.7448588745553,63.0104503912821,72.1075163159309,71.6008755231941,60.8832827718261,58.4473408283051,-0.603538935027814,-1.10805461083339
,70.5,83.9393150282809,69.2460367621688,70.9726275941615,58.5317009822153,67.8249236462564,74.2736287960624,70.9603091881364,67.8791878270578,67.602856813814,63.184895694855,71.0256707228086,252.820046762124,40.1211055027003,42.744291901186,40.3521538887529,73.9719399753852,74.261243152847,67.8831721628866,72.5921780862491,70.0166318690921,68.9816444185502,26.9488572488168,206.091855531363,281.202242985712,32.1364939465295,122.952243974801,45.1544375772064,5.05149838944453,63.307027851503,184.117844009452,72.2588039532365,71.1545012198605,67.969689541699,66.7113964251605,-0.942774151358492,-0.639238500100362,40.8066994579503,64.6027932035517,9.63448967421118,62.2386981126344,59.8665206311299,62.9145287398752,70.863016034411,64.668098264629,66.7834425057652,64.3898927496933,-0.401916964502959,-0.343066358323881,60.7107198946802,110.293675809505,42.9061578390161,11.0432292787945,73.8133159574752,71.1801246368511,76.9130411318306,73.8555196876198,76.7571765088773,61.5284253143376,-1.79354527419571,0.130982000073516,72.030438185829,74.9498414167529,54.8159511712914,39.8418934362385,63.4164625154247,65.4387408814308,71.0997089599332,74.1202374317351,68.0178487568214,0.37602101902354,-0.452008019084928,-1.21229180949319,70.7807709961087,77.8659742424118,66.0317057074474,126.483841796312,76.7138322562555,72.7741733026098,75.4382409943877,79.1540627404491,73.3002019366463,1.64389933241313,-1.13615352834523,-0.909836592276747,72.0412692504319,72.0133518087091,54.4595877937846,7.62446401462648,64.5328333275173,62.4245096204747,72.272900624264,70.9963812198906,60.2163972529388,58.8510374177245,-0.190104432624196,-0.460614260706677
,71,83.8420072472575,69.4941670795334,70.819082771281,53.305645286126,67.1427806354354,73.3706689046601,71.3835849385412,66.7645984205707,66.8438087551593,59.8445532281488,70.4589885005681,287.785829567439,39.5472372759565,41.6591825057235,40.2660072341039,73.8395062939134,74.4394687283406,67.6298604871614,72.0928804318654,69.9727948007193,68.1312548007154,24.5534357511561,213.866160652936,320.266811226251,31.8936548913148,129.870404872311,45.0112176967422,4.49253913249947,62.6188952507308,192.607471092032,71.5799591494938,69.9452894053736,67.280650224948,65.9862883161393,-1.19613775749201,-0.894709091384755,40.9070143215014,62.6607537376665,9.15694670726509,61.5949306932763,58.8674026875794,61.984961460871,70.8869017307791,64.2996279483133,66.8489248184125,64.1477318934648,-0.724871701775839,-0.585206949260112,61.9635172158578,116.587435628857,42.1178295301198,10.0973699818194,74.4214627945117,70.4809273144036,76.5034172617062,73.9057100565017,77.0838421970898,61.1695803599463,-1.51704208356369,0.0324599940641974,71.3748268918938,74.1514194115157,54.7776926618837,33.9549479068868,62.5500482540291,65.2348492061285,71.1309916613938,74.1208867613542,67.2677098719892,0.183157880233523,-0.497024449967114,-1.17697254807774,70.688221716675,76.7994390358007,66.4251913348622,122.524004620049,75.9738705439362,72.7747787799354,75.0392934070185,77.0759962476606,71.9484984872236,1.87857117973357,-1.38996679592049,-1.03193075429584,72.2226433579879,72.4418372445516,54.323025990744,7.57906290427468,64.4317254971814,62.0955704357129,72.5041795987594,69.9188414025734,60.0110110675006,59.2803200400616,-0.66292305062251,-0.550863482228181
,71.5,82.5213285000726,69.6480581680414,70.2934737905139,45.7968090650742,65.700511846064,72.7082889637026,71.1343968864828,66.2289259945493,66.3087299371811,53.9013344933595,70.1058604533591,312.366309606966,39.3920797696308,41.1788546953667,40.1128644751599,73.9531726554129,74.567151610619,67.4661730675221,72.0722359809652,70.4088909096408,67.2045119876207,21.492426360284,209.480133948497,348.009598165458,31.5098774543868,130.13195450422,44.5149476262307,3.84556088675913,62.6556896840315,190.379080524588,71.4734240882906,69.1885692699667,67.5219133436811,65.6631185255773,-0.822760856768639,-1.39570559756305,40.8406404891579,55.8947004623804,8.12146376429371,61.307312767588,59.498367799392,60.9080288537414,70.8770722618548,63.2756503794169,67.0984694661719,63.6348895189444,-1.0233533595848,-0.511062928356012,61.294978010941,117.318034873918,40.96185303478,9.59583928648613,74.08924494449,69.9440500816185,75.7657953870583,73.8620836033846,77.7133897588643,60.5825188635847,-1.43899450829741,-0.193984947577121,71.6432242780114,73.6079821930138,53.8007540229177,26.6789679918916,61.7279457838482,64.9962425055902,70.8422035505535,74.358571945715,66.425512963312,0.250425445440726,-0.600085464581809,-0.557807525551311,70.9238903733691,76.5985727500637,66.7267795597411,111.272290460025,75.4933404541708,72.6900546809803,74.7498338528909,74.1481229833396,71.0838262917806,1.92184790240691,-1.5468013246001,-1.14262674738671,72.4278409034303,72.7065320606561,54.2047311183936,6.31407636710554,63.7209176533119,61.2775699483486,72.1658393455349,69.3311529648311,59.6242671515595,59.4841095272941,-0.944353826708834,-1.02002468188522
,72,80.782306299227,69.2599143418936,69.9839487102682,37.3696883814588,64.8177824042025,72.202730940362,71.1911214863909,65.6935536704893,65.72304038942,46.9289846134182,69.6140216659938,320.814677555821,38.2488684651054,41.0757044891272,39.4614641343345,73.6741524957554,74.5557991787091,67.0291573023004,71.6128594855593,70.5576101586607,66.5125631336242,18.5001675823,191.560816110816,358.089666584164,31.3051216992108,122.770578971613,44.1135911369421,3.32231141180694,63.1443228684825,176.450305777247,71.0820760416078,68.6078169019781,67.188739645448,65.3398329470234,-1.17776384161954,-1.01635689759831,40.9110846701973,45.538476746308,6.95696328244554,60.8313599168112,60.6848789061253,59.5833567284564,70.7862313265279,62.2136413463237,66.5489608343089,62.9183278590049,-1.03006629812177,-0.669409390415296,58.5439126647088,112.839493009734,39.2249104091829,9.57751689680435,73.4609867915236,68.6351482940285,74.9737964586514,73.3888843917129,77.3526789762839,59.6244874050734,-1.15840973119623,-0.817321977215784,72.0069299970365,73.4547385121451,51.7767312520915,19.3830343549963,61.1840068425211,64.4226448089515,70.6452300427253,74.2808093477119,65.8729229805601,0.408519800129227,-0.806405663370356,-0.664561819890764,71.1902361136217,76.1913579353513,66.489954586928,94.0200961897316,75.1932004263291,72.6629274791267,74.1165729070719,72.3471533535751,70.7393047602393,1.50367837414757,-1.53108845987009,-1.2074603819072,72.0270196938039,73.0983896523842,53.9674437431853,5.2172527293834,63.2323485117163,60.8049359392819,72.0699182970035,68.8839594810609,58.6312471834642,59.159963608864,-0.587202497391388,-0.653023957207381
,72.5,78.8810449395434,68.4749736298704,69.7523355380353,28.5028133116274,64.3067002182254,70.9515124969779,71.7146489817442,64.9525889350284,65.0094900054665,39.8201913460743,69.4132051611721,310.418862780283,35.8617507213984,40.3745034757674,38.8137310679848,73.0783729801434,73.9236245879815,66.8940638955204,71.1234146294172,70.6931610761262,65.3395961930262,15.9088124307325,162.923264914127,347.201371143198,30.9326135893052,108.23420262967,43.858128751524,3.00955209820734,63.5910106679976,153.44422345771,70.2275912021053,67.8035357920078,65.6232137201541,64.5612807809437,-1.56816000601623,-0.761781851470801,40.906277624503,34.242183527528,6.38695412811006,60.0889432888592,61.1076313025168,58.7726075948807,70.9159038148027,60.8655870423454,66.0508992859346,62.0603740904556,-1.01815591206986,-1.13994606984863,53.8619023472356,104.188430330091,37.6672365341797,8.61355162515724,72.6990702586244,67.2007732250846,74.7850286570897,73.3711002266459,76.6618794120534,59.462367421249,-0.938043989365667,-1.29226216001547,72.1150008592864,72.7586177662728,49.5257620019096,13.2143721067418,60.8276915979717,64.2105498944549,70.4675867126487,73.7936238096903,65.1464214060524,0.647111120433749,-1.08552219316783,-0.915982949403201,71.1761424792229,75.2991751850161,66.0400879884725,74.0361217796153,74.131632219705,72.7345526553568,74.5495226277127,71.3111768473769,71.0615823781018,1.51916628503704,-1.24174755870956,-1.25300819543219,71.2788808369467,73.445557276105,53.6922988355651,5.21737181015425,62.8122907422204,60.5641918234156,71.9449896854749,67.4566473675915,58.1589053063581,58.4700224330148,-0.913670496867894,-0.437545131100364
,73,76.6069388776224,67.5843059709824,68.6499763334385,21.376195673646,63.6234089095977,69.5002376817188,71.671163845852,64.5651615221864,64.4836256179412,33.9132186263361,69.2346905198355,282.164294844172,34.5215657843453,40.1023016309849,38.3763936413602,72.5578630491741,72.8572732799774,67.0461598022735,70.8985722669958,71.0133366103213,64.1073848317011,13.684042714442,129.749956674573,316.059384727597,30.3622382505159,89.4855818076779,43.6236116254391,3.03914997614203,63.9709238560843,126.044517026707,69.7841820804101,67.3740971821611,64.1882990788943,63.9738110405076,-1.03882628541317,-1.33051881566723,40.6339792741462,24.1609837948469,6.00148308506374,59.4594747143548,61.8430786341917,58.77740605959,70.6652202979377,59.3408906203626,66.1014912521855,61.3795672812269,-1.14602654573866,-1.42839729824476,48.20519842329,91.5952797846152,36.5611200955173,7.89262256970756,70.7199385179896,66.4545318241912,74.3674497087109,73.5754962563024,76.2216101143659,59.4106462580461,-0.975958661824905,-1.39739735211117,71.9180652287495,72.0800935313281,47.6286517981418,8.97217071990866,60.6970371796899,64.2681451730175,69.8754745185241,73.3237419510139,64.2828650587328,0.779989320726429,-1.2701888328474,-0.636822166695879,70.3140411662766,74.7991852365695,65.4512070962993,54.8544305766455,72.6835726910537,72.044925275402,75.2905338238623,71.1028982471947,71.4042052138684,1.63635328491449,-1.14953058988971,-1.48484559821128,70.8281467893602,72.5154075717318,53.1871469375667,4.60514822596599,61.9867978184399,60.1332556954651,71.132965083726,65.8334550843596,58.3036337434952,57.5205533034339,-1.37705060058522,-0.813529699746312
,73.5,74.3034708183649,66.4535718632546,67.9631596408825,16.7848793080489,63.1229950489626,68.6239142934684,71.4458645945331,64.3498606829372,63.6693138459904,29.6016415204214,68.7363040184989,239.431449587421,33.7620232720642,40.0397522911704,37.7135408164465,71.8094998782907,71.9802831185427,66.9196819555268,70.487911444118,71.0046599766467,63.7168874983878,12.1591844333788,96.9692451103743,268.448151761355,29.7424417886303,69.4989203161409,43.0863899722976,3.46627772775213,64.5463178853947,97.7708615714396,69.5896761319004,67.3567912166777,63.8093160135305,63.5266015109962,-0.78191973851682,-1.20698988187189,40.24454454524,16.2971567661836,5.7797835853973,59.0337762203272,62.8758320916023,59.0704969785772,69.6532208290447,58.2543103675442,65.230667809378,61.0192448128824,-1.18868831357787,-1.47254208829293,43.0488440563789,77.6207176752638,35.3627553335444,7.87856260137886,68.1548083592171,65.6146524215058,73.6079280886988,73.1927097308351,75.189701302325,58.8162346912718,-1.14760470521418,-1.5783295362433,71.1500936776818,72.1515777509653,45.6852951005719,6.27916031060573,61.5070424939094,64.2608192757206,69.4254444227207,72.4685573148432,64.080204347737,0.64498015449368,-1.16499285785915,-0.78352016331462,69.2178471092855,73.897685454099,64.7283968123315,38.2246230868623,71.5706059096673,71.1723358202977,75.125792408606,71.7876130738516,71.2475912332599,1.36109144716653,-1.26030911656659,-1.03078942799408,70.2931729366429,71.2062658175516,52.5850787453272,4.01157975875071,61.6609463492121,59.9781050864226,70.4558876736772,65.0110165236442,58.4477537409437,56.4612291209376,-1.25009798912373,-1.0614065877345
,74,72.7629793572305,64.9411583821277,67.4979760715897,13.3329510844198,63.2612380502292,67.5193800442077,71.4783866416412,63.3571663098915,62.6766274233672,26.7115914614542,68.2961168285991,188.440588069201,32.8588354685157,39.6189554893851,37.3846324263136,70.510558916998,71.2340977985796,66.1792334736962,69.6744818197039,70.2438514403515,63.620404883917,11.3615889613494,67.660475968733,211.632345952227,29.209094856491,50.4785550015289,42.2665016142162,3.32205589342618,64.4385442346413,72.1490657002688,69.0517301973192,67.2606848764185,63.3828146109189,62.8607303516376,-1.06598743145429,-0.701892182451729,40.2236041777924,11.1918728222702,6.04405429728928,58.3926850420562,61.7878461805809,59.2095471092545,68.5970643497842,57.44579525775,64.0005951293012,60.4732157169224,-1.08713268276591,-1.41436434239989,38.8268955733381,64.8519635362766,34.4623515708709,7.35964687871166,66.4650471631807,64.6074002275022,73.3549823133259,72.8030700859396,73.7436565185924,58.9772698698514,-1.06366328860719,-1.8282224269243,69.7220328636272,71.7686679799681,43.978392631274,4.72021531041787,63.1949041831043,64.2051812711391,69.3199727816115,71.0274817127284,63.7752367529829,0.550739052445465,-1.11193598317681,-1.2228994210144,68.1156577810737,72.5314482636037,64.2240638276752,25.2282694794901,70.1628436751239,70.4102905469775,74.5799325265721,72.6052006188075,71.2210017880524,0.972564444816669,-1.03989119237838,-0.580526380005608,69.7653289784198,70.1449413789464,52.1467889826126,4.69095383266114,62.0571666798979,60.3140343950082,70.1846061179999,64.2550469683601,58.3373509914111,55.9130265983135,-1.699071850915,-1.3470807700362
,74.5,72.0064550624943,63.7928050857906,66.4436685648775,10.7504370417003,63.4902351528403,66.5294837905233,70.9987405925524,62.7566956058677,61.9766347422835,24.7568060115404,67.7254609035508,137.300716048148,32.3292546006641,38.9589475592184,37.3493366013718,69.2235394038196,70.1890744713388,65.5789740645373,68.8123284640449,69.5938315173256,63.6628467532186,10.7939976385825,45.4092322597351,154.158839941733,28.8241868467789,34.901686638441,41.5843200510169,3.11530196704615,64.2172995976554,52.6788241628856,68.2202717621445,67.0660040527329,62.8205886860716,62.4888794203209,-0.738299320219937,-0.941087605148027,39.7917899187382,7.98148024418163,5.86063084318249,57.7333701202688,60.244735764839,59.5919699798388,67.7432039582775,56.592844205813,63.8518987801964,59.7762166602416,-0.994303138294924,-1.4004435882286,35.422796022766,54.4368506761688,34.1387397471593,6.91896924080822,64.9708270910821,64.1875014401301,73.3548681796943,72.5949854065977,73.0653181318487,59.2351808367127,-0.906369173682037,-1.87901988953547,68.3041234914659,70.9093943932015,43.0789702753642,3.84913703532374,64.6007282412392,63.6822616823625,69.3083356119857,70.1241992516764,62.6735345702632,0.125036116321439,-1.25020370104249,-1.58251797742463,66.456236034894,71.7723352562297,63.9698045441743,16.7288841922524,69.0274984565372,69.2697641823586,74.5361473260504,72.8866551111714,71.1085386175031,0.904146041800516,-0.988798596414938,-0.840709875472555,69.3702846382183,68.584367316047,51.8803346405729,5.29345671209313,61.9288746881423,60.0652162218493,69.7059994732471,63.342433570991,58.2032684205716,55.7736268999787,-2.3090450682181,-1.32475581086049
,75,71.0841143166699,63.4952537448999,65.7186868902219,9.65902600425852,63.4872477014983,66.3317185523706,70.1863138351496,62.7857109571222,61.1802690929206,23.4877593478558,66.7500360882918,91.8398884644366,32.3554059425074,38.8846718370844,37.0870121130225,68.1209958142642,68.9658992500267,64.6593899743023,68.1593541693479,68.6782015103678,63.9715953668559,10.4673340660169,30.6477322607799,103.383712164497,28.6788718407839,23.6260879093909,41.1820080864445,3.09305686729397,64.3362760868866,39.0489381745504,67.3080132568195,66.4582193379937,62.7563948373268,62.1204951671442,-0.583637437809841,-1.16939121274703,39.0896345380729,6.01888591047458,5.16671511904502,57.3168630441118,59.7283087920961,59.6342990364826,66.6246114145658,56.2658619631745,64.0900240415157,59.357614971919,-1.19997171004422,-1.3187922194524,33.1109368937384,46.3674499771008,34.2196865852446,6.70809682009275,63.6078219770823,64.0924941892953,72.6369109799389,71.7839814327715,72.6062867959544,58.3684553326918,-0.810541981124686,-1.80589252555615,67.2233764076218,70.6750507253471,42.6323502953167,3.55005151516184,65.6728356753272,63.1353996132684,69.1170555601265,69.4360283634455,61.5954411750422,-0.252207130894874,-1.33556647407011,-1.98645292750706,65.5193544880417,71.1699289722465,63.6372318953847,11.9296147293031,68.5600572697082,68.2883961255602,73.8798033346294,73.0960400980763,70.7786983706656,0.680041349029182,-1.14419825253464,-0.813958427508283,69.1827876697178,67.3398663855121,51.5954383427877,4.88883809294094,61.6848231399481,59.5454794719412,69.5801603131007,63.4296662911892,57.9875940520368,55.6381022325153,-2.14760246702656,-1.15265376396923
,75.5,70.631956506458,63.3763031984182,65.6057078779618,9.1858099293305,63.6594793717026,66.4986385205997,69.69596462936,62.3709467627803,60.3463350967984,22.4748548099641,65.8280413458217,56.1186983865385,32.5698215869516,38.7524968165707,37.2711975585031,67.3859889952718,68.5689976083023,63.6892088318663,67.8381592754534,67.3690970201188,64.4566629025227,10.6495821758795,21.2125374614432,63.5734245767871,28.6149576171696,16.3151707246199,40.8764266192835,2.75081210553128,63.9951495339352,29.77336062437,66.6530523645789,65.5018782411823,63.1822434159837,61.4703970409054,-1.08974990113785,-0.822072510967018,38.7506753642795,5.14501381488537,4.67872186896921,57.4201592709629,59.0858347081969,59.3077725619534,65.6236171008098,56.1112220977416,63.5597081325988,58.6739871866862,-1.20305080907781,-0.937981635354504,31.9051824043768,41.1984739764526,33.9830778999063,6.01296095392883,63.3644535976289,63.5190937169485,72.1970958873707,70.8988597332892,71.6425460271878,57.7660786960911,-0.68488173848931,-1.8411572061213,66.3881710070234,70.3038656812348,41.7331884982005,3.34846333840238,66.9966609631804,62.5255134882514,68.7933812547631,68.4791815001862,61.1921474291145,-0.031198441905417,-0.942996589067718,-1.96246323331752,66.3066786917241,70.5518266331561,63.6542267106711,9.07763832752642,68.00839702847,68.1022071299957,72.9696855992441,72.7290229755814,70.4642170301873,0.454271649639395,-1.05824375539362,-0.661729054786008,69.0346859248518,67.2518323807487,51.5538733950843,4.68404733562113,61.6748025969006,59.1564999471245,69.6301721229765,64.1249736569321,57.233641427646,55.7740769059558,-1.78605527448036,-1.26217888306712
,76,70.4432572910895,63.0671653910864,65.2203507650461,8.24311908795772,63.7895229683328,66.2415527661565,68.6421210894706,61.7072282937219,60.2379790184373,21.6844040313824,65.3473804123627,31.4589751134687,32.6870971157221,38.3641030984921,37.5754342633026,66.6646533668988,68.1948711062566,63.293955334057,67.4795886356394,66.2078083187026,64.2081578007443,10.8099861878193,15.670448270031,36.0421380463928,28.4235779949962,12.0441809853847,40.8229839036525,2.16037992859702,63.2767588484692,24.6920632675552,65.9580579115461,64.8372586570121,63.1673064604975,61.2188129034777,-1.09947126410759,-0.808334785974353,38.5363842438152,4.38318329643084,4.13785075763695,57.3018558704474,58.5657594467871,58.7418374064156,65.2936011813061,55.7816339867462,63.1662785675907,57.7126141311852,-1.07525569898064,-1.05693934223575,30.854546797016,38.2775613899047,33.6741805560058,5.26956864402985,63.7945258894481,63.1995883649616,71.9440214227006,70.3549363708906,70.8496240431341,57.7564001842364,-0.268983367250655,-1.71662635990418,65.9699022518972,69.2855109440878,40.9663904493071,2.79931756754485,66.7985869286409,61.3081939780443,68.3058432490369,68.1535900594307,60.2206617347663,0.0506381925372352,-0.747004589701305,-1.47189342780962,66.6548298968955,70.3160920988796,63.2727293620347,7.5789369878301,67.9734465447198,67.7728588786212,72.9124249273211,71.8209243722736,69.8577612409306,0.488898126082859,-0.933782045920339,-1.14304303927673,68.3079356036443,67.71182743657,51.4991147291269,4.64461363446605,61.350487314582,58.4852002849676,69.100864796139,64.3688141730344,56.0623356208887,56.1279015312399,-1.80283358245089,-0.857502319234186
,76.5,69.4086568378565,63.0811645677552,64.6539356434555,7.70813507498622,63.9648755263229,66.2283878531256,67.0397218525603,61.8769980150107,60.4376987277959,21.1902260971266,65.0995880378503,16.3312990085812,32.177276394536,38.3062997078935,37.0533269849997,66.3882800981471,67.3949332721128,63.5972614477985,67.0346355502961,65.3117067184766,63.2609181063914,10.5862591543063,12.8528367272099,19.0466948372346,28.1435857993084,9.97537655999298,41.5927834909393,2.01877251081811,63.0521529964258,22.3083737853187,65.0099324277579,63.9093000818951,62.6815483331882,61.1251630296836,-0.966091275585939,-1.07123136865903,38.1672318314069,3.62425837174686,3.54901069882425,57.2605925696193,59.5529955304708,58.4582571297517,65.1009728120836,55.4988394667344,63.3483651622848,57.4498978761657,-1.23911814540463,-1.33416408772291,29.7058760735168,36.4018007554703,33.5268754923691,5.00941302720349,63.6258301033222,63.1134607565027,70.674229959365,69.974809664634,70.4096628961962,57.1675930982336,-0.242149504289102,-1.24095129635236,65.6029552543115,68.5942816864655,40.8125240881479,2.50258672433728,64.8435347520484,60.5829369271185,67.6163362588712,68.4410226992673,59.3871326963651,-0.106467186378154,-0.751361536479749,-1.1970051326777,66.7112272545011,69.9547523162591,62.3934617522468,6.88566974536309,68.565342431913,67.548644041909,73.3906624011011,71.1704227030776,69.0464987812547,0.643789208486396,-0.941393321000646,-1.52394703237024,67.4967765460965,67.8623845847301,51.1414680432608,4.22055668414851,60.7735362493158,57.8889028999662,68.3342424158734,64.2526839720616,55.4547538089906,55.8868197022617,-1.45058174172215,-0.325958326127079
,77,68.3231024277842,63.1785088081358,64.4564253921276,7.51938630198339,64.1403011297058,65.8343652454446,66.1296466820349,61.8270314303298,60.8865906572142,21.3100968560462,65.1584783718504,7.90463197966426,31.6766739120171,38.6642821006376,36.7495237313366,66.8489975134297,66.9760019174936,64.0562585147291,66.7503337460904,64.8211334920137,62.3141495231738,10.5467932415825,10.9357533965757,9.6842532591192,27.7787185154647,8.73345230238942,42.2438638835793,2.0826710053276,63.0114727924605,19.9809733897255,64.5670596657945,63.0966862110083,62.592480876534,60.6326941844028,-1.42046591448849,-0.963292579412553,38.2121658563683,3.73201479586965,3.40369472614663,57.5875617633262,61.2829609732577,58.4554636875657,64.8381496660313,55.4329774521616,63.0993540342032,57.3778790097556,-1.35815817868303,-1.25996312460245,28.7112453140661,34.7558505339884,33.3653414241012,4.77701506535539,63.329413856961,62.6150863116347,69.2113566827881,69.2609398318795,69.7358894935884,56.9210158606022,-0.388119992496001,-0.909256488951769,65.5176455196267,68.4991164129685,40.6054444376772,2.67827107496828,63.896951369167,60.8054944625684,66.4366497535616,68.2519720594133,59.6684110369298,0.1731935762283,-0.695899695780668,-0.850229750489177,67.7012599215911,69.5002186112257,61.5554740395842,6.23170616046531,68.5276844521948,67.7391541979244,72.8950335489062,70.654599722195,68.4366329253158,0.896038803871761,-0.861333294590509,-1.2957444221517,67.0554129260888,68.2034740483101,50.829540601944,3.62174697494407,60.4688759878599,57.8731552755321,67.7965956162941,63.9029142867248,55.3073747712488,55.3805511673768,-0.859705904402404,-0.909151872753341
,77.5,68.094533518145,62.7835334494659,63.8054069965824,7.0214816657695,64.3697660623274,65.2526410194026,65.4272262435186,61.0056242455198,61.4360191163563,21.6126108657676,65.071849000429,4.14286826574795,31.3957790481206,38.7924848930612,36.8530556827745,66.9616527194734,67.3274677749363,64.6485400394929,66.4277696581173,64.7515965649801,61.6261341993385,10.4830442948345,9.24635014208593,5.04890355534621,27.2391888301824,7.70632116627297,42.1895628620362,1.70692109425607,62.3903534006125,18.5680469200104,64.6818441739439,63.1533897082492,62.7392123928851,60.5118247620476,-1.55750475198431,-0.861157073860056,38.430703745278,4.03327196976232,3.43987423137571,57.329449274851,62.4795811176996,58.5434577023415,64.8355101052621,55.2659271121254,62.3347404047437,56.8025497672803,-1.41031476244655,-1.23347925510166,28.3376874077228,33.725654326038,32.6759139385595,4.55595882203795,63.190023950488,62.1616469704957,68.8238056504664,68.3432360895002,69.1409040793675,57.2887624479011,-0.452401294993763,-0.934591663632204,65.5193179986599,68.1571938860759,40.0201070706402,2.63052910531974,63.4811423374377,60.9908519845233,65.5784244387397,68.226109830931,60.03322090862,0.322306080904809,-0.67985325241176,-0.0644053285085988,68.2422769779107,69.4637766371475,61.1449181627157,5.4903472102917,68.2431801031863,67.634235773972,72.1951044396502,69.8469294378406,68.0010766012617,0.827162451691095,-1.0264306035607,-1.5781261838365,66.4793033984862,68.4025672781648,50.4572387635113,3.51550509606767,60.1593718827203,58.4597405578708,66.7653421874227,63.0124651651561,55.0041251587005,54.9753401090552,-1.05223297137826,-1.58939012117179
,78,67.5721238271086,62.2896186305975,62.9636222350118,6.54528436948942,64.1386209083282,64.9221948611819,64.457946527206,60.5994829040674,61.8490063226742,21.5053558944168,65.0389321038322,2.60185368632625,30.6588325212149,38.563404946841,36.3786890946799,66.7554387907642,66.86533888358,65.1810718669713,65.7325113914416,65.0943992873473,60.7176530358998,10.1660806456975,8.22037208692041,2.68501160260581,26.9272070151631,6.70215075537953,41.9425490574004,1.34468416653095,61.7920651623406,18.2829287259059,64.5112645799376,63.5531680430279,62.387171317116,60.8054782440669,-1.13618882649109,-0.742856367547233,38.2242443463471,3.70286546770518,3.3169607260516,56.7650816677673,63.3783234458573,58.7148397354758,64.7456536432234,54.9429039500376,61.9904114250414,56.6602042880694,-1.52998565427862,-1.2380255271429,28.2959036451364,32.9606587837021,32.2183552609428,4.6343142533471,62.8757226208643,62.1505519273127,68.5839393092982,67.5212662749612,68.7676903356622,56.7726834460866,-0.872898738174229,-1.02519538884366,65.4798333384223,67.755094768225,39.4965742521363,2.16879825631685,62.3418627779103,61.7924013998694,65.5023171324899,68.4424772601712,59.9781672409458,-0.0829580615356349,-1.20540907245316,0.144752504393523,67.5205584944306,69.4809813164785,60.7682828544196,5.2043513308987,68.3383878610931,67.1182234751753,71.7218863219327,69.0310830464817,67.579641405126,0.812717216647115,-1.25022874856586,-1.55722741247899,65.7587093996983,67.7355154489437,49.9078309994732,3.60446243878113,59.9812039269389,59.4940567870799,65.6415905149636,62.0591507737174,54.8390461980713,54.2552493911314,-1.58816954999088,-1.51779684783583
,78.5,67.027559996961,62.1581822931639,62.5276620303829,6.54171821732058,64.0638961001973,64.7726810023432,64.4257769301025,60.3972595570236,61.8530479027528,21.5869169249639,64.8838387463477,1.62696917704602,30.2318100386526,38.4336966317734,35.6588465404866,67.2094675575592,66.0647889934869,65.3700090257306,65.5511547106223,65.4349928897768,60.0282850611403,10.31750363088,7.30229466568721,1.38561788001107,27.0440911904798,5.80231036758181,41.7481115252118,1.37513414272729,61.847973915103,17.3707115382979,64.0490104433944,63.4892613224162,61.7442065514709,60.7597320793305,-1.277056423202,-0.702464526613994,37.9620553702562,3.94728971654348,3.16603014555,56.4595469700727,63.8875814825403,59.0220041578276,64.2986341215787,54.6036288460209,62.0383363758468,56.6587025537681,-1.75757779859862,-1.00669246492487,28.2186421680877,31.8853105145537,32.0298836629267,4.96727451532445,62.3528855347578,61.8309160713306,68.2711421064245,66.8034197462957,68.414906409042,55.9322579414221,-1.52409399301598,-1.1250877553565,65.0586238099056,67.8703160816053,39.4867705560947,2.23232596320651,61.9621829028571,63.3789053950321,65.6248863441608,67.9116574119057,60.2962002823597,-0.184942196590214,-1.77310996485204,-0.315316131072848,67.2306157241396,69.368015439474,60.6069421544159,5.25588191004999,67.9196150302425,67.0303362514561,70.6724873306031,68.595162474753,67.2856177327391,0.980905034950581,-1.16341968993532,-1.24706706919483,65.6184309842964,66.6701566003165,49.5670896162127,3.21009248787067,60.210724851146,61.402794775883,65.3629870048385,61.4581095813629,54.9260442003599,53.2986877136074,-1.50248049359715,-1.71133174528563
,79,67.1927682546653,62.1984400843825,62.5710910485877,6.2859538834656,64.1540584572252,64.719255097866,65.3134902185845,59.564317910917,61.6789943424508,21.7155883895177,64.1691218596152,1.08461508560373,30.4597007120283,37.8304993424254,35.5174276394786,67.6684066712479,66.1031237088059,65.3450597302963,65.6896510681164,65.757933672378,59.8202572137016,10.7153923846171,6.57216021465479,0.525623849656199,27.0689779363177,4.87943869119459,40.6110924911053,1.12995420770807,61.6985672066352,16.4074598078589,64.0557368803576,63.3604799649339,61.3847658513732,60.5138880109395,-1.52123075733709,-0.674346565475844,37.5767970028987,3.99926065224673,2.91175889895703,56.2732152465655,63.9588051240831,59.4097476644421,63.9192591099297,54.500404409245,61.4621025766799,55.8410216117127,-1.6489822003731,-0.969614204277491,28.4960052154029,31.2321901795934,31.7246153739186,4.87895884433487,62.3378900738106,61.5255384121347,68.7655311676497,65.8882283161339,68.1682223568909,55.5101004667562,-1.66833424041829,-1.37024338875369,64.848071336181,68.2806450274373,39.1216510877887,2.18720103921555,62.9944174297532,64.119823631043,66.0564170296548,67.0816387160454,60.4291386185929,0.0296932102212395,-1.65708431130082,-0.619274564189141,67.2533549765386,69.267244947146,60.4900453176862,5.19407404974135,67.1637303285266,67.1721627261469,69.5360564950705,68.3721808032192,67.1468100977455,0.807502940522909,-1.22129614951677,-1.17817243577082,65.3118342089534,66.0001155149452,49.2556991435929,3.02829178857621,60.2983770648816,63.1136256363721,65.4636811587072,60.7496315029113,54.7590274998123,52.3804040419063,-1.26832371295262,-1.85372458661544
,79.5,67.1197556071587,62.0929671524054,62.4638378390251,5.96184691900174,63.9837070643762,65.0263023308601,65.4855415672204,58.9263848944543,60.923856894424,21.2226486294855,63.461350545564,0.995136995825987,30.6696649965887,37.032243981682,35.3239749493257,67.1531250003361,66.1018330427572,65.3604095040098,65.1713386034851,65.7950273740909,59.496437649831,10.8996847790971,6.71873651609451,0.190248321898707,26.9714846733897,3.96546932695924,39.3574733875514,0.715288062746026,61.1811087082273,16.3223683613825,64.3212411273817,63.2285303115387,60.6519658478441,60.1542144519625,-0.985248096717498,-0.746900679870123,36.6859589706493,3.15856820404957,2.64683122642668,55.8935886975178,63.6821538266449,59.771915603382,63.4876325954248,54.5121538829084,60.8816716276741,55.3490805539988,-1.45718152182292,-0.75992354447061,28.9237372670535,30.9912974269882,31.6645706897857,4.52530944773406,62.4254150380566,61.6371149989084,69.1324093662411,65.7243170469626,67.8142000508911,54.9016825831277,-1.74244021032467,-1.4281974903879,64.6053781861864,67.9413101592488,38.4897647025031,1.48997519349683,63.3489775399363,64.6577944713677,67.0612320091615,66.5625965534086,60.0176691913555,0.084118396821907,-1.41257701379067,-0.936668807472984,66.8477275909215,68.9621703910201,60.0550498400947,5.30552236479809,67.0797475169464,67.1406637258904,69.1542950507783,68.0817353075334,66.7257098845367,0.296899410345077,-1.42459146805339,-1.08699822414354,64.8451559380725,65.3558408299408,48.7977708071604,3.02001587258638,60.2595969639209,64.7444607249394,65.3733985845972,60.4878370439014,54.0653185394575,51.8023322714621,-1.33978482285079,-1.47478492124458
,80,66.8667278665132,61.8483748188692,62.5735290184639,5.78559430528929,64.0726127516479,65.4196597246979,65.2942852573378,58.8602110373705,60.0299297215272,20.5348139748879,63.4948494915627,0.646743143981212,30.8801838419062,36.080174198481,34.8863291958556,66.9908961168007,65.7281180268224,65.5928768624499,64.5984960386671,65.462825921298,59.0539463883517,11.151923444762,7.09148800525344,-0.0323299989233306,27.5144814269185,3.8996848742936,38.6588506871359,0.879076102533134,61.3383166986542,15.8729012917563,63.8456601339885,62.9021219938159,59.8032255879797,59.8977903236794,-0.723329798956115,-1.0610334407736,36.2105790825017,2.78507786409705,2.37882247699741,55.8367512860385,64.2207715155001,60.4029623824746,63.096038458606,54.2245264225144,60.6260633560526,55.2320264548399,-1.08821071355203,-0.620950323311945,28.7992878342418,30.5286634857717,31.6647981876287,4.59694997214933,62.1071564207251,61.4295760900446,68.8211032443741,66.4158223135521,67.6876466011397,54.3013188674329,-1.98333370539831,-1.11492064490352,63.9644568933038,67.7638946649242,38.2029177340605,1.13125316338943,63.4382200059929,65.9334499053437,68.1330676379272,65.7925070494599,59.9876586876204,0.204351032953696,-1.47560817053545,-1.34579626032632,66.5325568124954,68.4337576776999,59.4139137263124,5.26528129039019,67.4724667749515,67.4135720238781,69.0317887612082,68.0535027721572,66.1476792816954,0.550802650593369,-1.35476081703996,-0.84366010571739,64.8609701339622,64.5831697039619,48.5838911572159,2.72694825004913,60.5647571993771,67.1813132764466,65.3445455477873,60.9819687625799,53.509137126726,51.5405892193352,-1.12297641200439,-0.884287873140579
,80.5,67.2443975776471,61.5570545461557,62.8425521482003,5.25912730545235,65.0834530745918,65.4893104656609,65.8512285465573,58.4201720409163,59.7451668856829,20.4332483333415,63.6253872994258,0.0166123514493393,31.2272758065264,34.9560943215873,34.1933857801266,67.0030747385729,66.2454232053366,66.2309724597138,64.4766122812747,64.8139477714431,58.6376826210618,11.2715099171245,6.77854099260486,-0.1719320808769,28.0212659900428,4.16364668214982,38.1677062815069,1.30438109991348,61.8807286370964,14.8705119624022,63.3666122516668,62.5771364104128,59.3270696085229,59.6477401209548,-1.36661906191739,-1.72345667353807,36.1323378711514,2.94855715687754,2.27196809514322,55.770802967151,65.600094189023,61.3154820812628,62.9915428078663,54.1261243442516,60.0490039754244,55.0416620907372,-0.601847437233971,-0.87274634743784,28.5831148512007,30.3088946570541,31.5001966608853,4.51881646343338,61.8695837403019,61.3098778520398,68.3013002465606,66.8788700908498,67.5898635635341,54.495239173536,-1.64441196047272,-0.822020001165242,63.537009303212,68.1605534863194,38.2625839976296,1.48101106446666,64.1874093531786,66.7627701119775,68.8067974254152,65.1542256511181,59.627049340014,0.418903234715117,-1.34189852820714,-1.79408043635857,66.6295645274594,67.9060091121702,58.4169207886675,4.88317938094781,67.8496510297622,68.1508114559775,69.0137114611466,68.3845963472365,66.1847927705379,0.826315939908966,-1.29301804819619,-1.03666946049816,65.1056316607611,64.3004147438563,48.4032631881852,2.38761577217491,61.0239393614328,69.8930018125008,65.381975624445,61.4436049062184,52.9936326683289,51.3521442398657,-0.800035427586067,-0.778258720490044
,81,68.9675157675529,61.3367805140705,63.0350843860572,4.87748789693347,65.9669161621244,65.7417060809369,66.1428695898853,58.0285626779269,59.5240343777427,20.2967148281306,63.5759540130927,0.0459329250051042,31.9984891589031,34.6034669262743,33.8158394310829,66.4495690533499,67.441394091106,67.279229855802,63.7496831304939,64.2699827981108,58.4690471584807,11.1719745365228,6.49514351866111,-0.154498398649139,28.2788190087872,3.97577094770827,37.8409603917634,1.32791028013082,61.8966870899214,14.4423979104661,63.5456257234584,62.5761111311386,59.2173104140925,59.0800781819399,-1.36166632980007,-2.05430222347371,36.1692341803055,2.5034323437863,2.22049842513638,55.5682905577152,67.2283736211548,62.4497082920815,62.946280031686,54.2749669998517,59.3694171784863,54.911285102417,-0.373803862155853,-0.591519540756224,29.2121611059605,30.4192719597874,31.6248973731911,4.01062511927785,61.6990476767336,61.8570208686903,68.0306018476524,66.9521177047773,67.5331472016951,54.5938061730086,-1.17380956967372,-0.595109402906189,64.2288491237454,68.510808282306,38.2140043783362,1.49628724629207,65.2628039115535,67.3272385541899,69.6997566679084,65.2727074355601,59.4883420231992,0.222990885076172,-0.891025723733719,-1.9634272545415,67.376888147547,67.7466497680931,57.5605269326181,4.3370176011266,68.4585432255186,69.1074461967341,69.1938601221582,68.6843345793706,66.4521183527025,0.417069897371277,-1.61298529723007,-1.19726920111992,65.7388393342845,64.2389640493204,48.0847537765416,2.43186944755217,61.3985550370004,72.1794288622958,64.96505562544,61.3231367063473,52.4678649415423,51.5621615088843,-0.830756047814191,-0.822918473870459
,81.5,72.6903006719766,60.9511191772134,63.3646671071126,4.85794066469981,66.5920776068895,66.4468931902974,65.3519709243652,58.3526793014938,59.1562206844311,19.9962006108768,64.5050716268643,-0.00950661734964342,33.8156782103395,34.7708113098267,33.7773073976302,65.847944943706,68.0376071662311,68.787258228596,62.9792782624626,64.029902048383,58.7767631906853,11.1653251300806,6.02932883015063,0.0594472061150668,29.8482619753965,3.74486898258175,38.6320511043112,1.68455877786715,62.3863322060752,13.6872969310893,63.6849935492293,63.144895635151,59.4694329833889,59.0046204616654,-1.07787954459963,-2.43695997552118,37.1878756532611,2.37120874334727,2.06829880222887,55.2256046071992,69.4692622767349,63.2141113833702,62.8148297783974,53.9301144857642,59.3468991245056,55.3407956065975,-0.406163222261171,-0.356671749560974,30.29049747052,29.8439203412769,31.9788637399345,3.95879628267261,61.3510573976532,62.3241888777928,67.9174876112675,67.3663845216794,67.4751625183878,54.3250378303482,-1.38183610123838,-0.361272912791492,66.1086319291828,68.3885504873349,38.4749634775056,1.3917614697387,66.1581947778636,69.1861724484044,70.5408670238661,65.5667848268486,59.9687232858565,-0.180992731288939,-1.00674791332534,-1.87500004016186,69.0494395462053,67.9826232774261,57.7043651933307,3.91677044129369,69.3734897956799,69.6554933370719,68.8594500650942,69.0400237454645,66.4829524871708,0.346716709922475,-1.60449643944435,-1.28850966176515,67.5172194283109,64.0166159814052,47.8126100361025,2.11323206715264,62.4449063281943,75.9327436000705,64.4222189809981,62.090136382641,52.2786114455753,52.4862275122823,-1.04796205422213,-1.15283261774852
,82,80.5479823812576,60.5341367369934,64.3387066008222,4.68063517150324,68.0196038704051,67.7245981471764,64.8627428812681,58.8134599215504,60.1828839632009,20.0045933520063,66.3683599606835,-0.366882274753266,38.01928657786,34.8387057324694,33.6094604015707,65.7649975403563,68.8786672038002,71.0476259409895,63.4488717333464,64.5204775675001,59.264114362063,11.2794473603745,5.0888333994468,0.221876378234583,34.1217218164707,3.77481078831494,41.2691887169233,2.12477275527175,63.3575983337455,12.8506093014186,63.4395239327063,64.0681661630298,59.7294754510152,59.814326148327,-1.65323290153282,-2.87479472602234,40.4879926331687,2.54896815825811,2.37123031472527,54.7058521682258,72.1665684575768,64.7213876871784,63.2429775698486,53.6871297488949,59.5160888386611,56.1563423741691,-0.645473206825898,-1.04167883720993,33.0796651233052,29.2701640684953,31.8647979785131,4.27942145990977,61.1743401346184,62.4699271580307,68.097831254245,67.4603757714899,67.3245254882,54.2832484904884,-1.37986824046754,-0.532772409427935,69.67211377977,68.7660125860053,39.6010163783191,1.69875331944291,67.1842870462888,71.1454427501465,70.9664325703146,65.6622578431817,61.1932284404047,-0.593697007835317,-1.1763633070866,-1.8028075579482,72.6388763620172,68.6693376557183,58.4175445607051,3.38500202706308,70.77947962189,70.3753473060581,68.6699235359669,69.6631039647805,67.1379538433671,0.703419880787976,-1.19418037687331,-1.66012387478963,70.9122658667951,63.7005160613704,48.1750574274438,1.96338349913333,63.8973224753098,81.4563861169328,64.2017463752038,65.5507513883902,52.8540003222338,53.3257397534694,-1.15643797200801,-1.57940464964389
,82.5,100.990068655018,61.0444584372499,65.8588533496384,4.52049462616782,71.801937720546,69.6652685871732,68.1534624978309,60.345835561704,62.1284378729334,20.6548858756591,70.7869729051693,-0.33203866685335,49.7257557988505,40.268327366247,34.5250403550709,65.9256823338798,71.8861695756748,75.6706265322356,67.6017159213269,70.6177022719111,60.8304622958593,11.4355350905499,4.14831441516111,0.108391055946299,45.4959260669597,2.97639206411964,46.6522772382617,1.88866875112637,67.8875615212542,12.083687892166,72.6232044586568,68.5699265562243,60.5100994149847,60.2126774590463,-1.85187865224947,-2.52240506567659,51.8491845912362,2.17382985488797,2.44916873101454,54.7023726240848,78.2392927033828,68.233308072129,65.8000456972362,55.1491760993862,60.8628776541952,57.1128331368866,-1.15178118737407,-1.30984555034547,40.5012218718645,31.0354803934431,31.9820708326482,3.78075178446363,62.3875760904693,64.9712229330488,70.5731602566408,78.7398824156311,68.2202037024922,54.3830618090864,-0.912439666488069,-0.708784585248793,83.2961236705826,72.8963689706178,43.7637386166437,1.78460438543812,72.6530250793178,78.0369292407933,80.1535515502825,73.9993765481646,63.326740168433,-1.03352419831367,-0.807259208723963,-1.98454856468584,85.0606208982907,71.0577470360269,59.6847326868439,2.85269745609389,74.7847447934362,76.1734796829509,74.535034265546,79.7111611501381,71.6589857715314,0.127382072192461,-0.970428300637764,-1.75911214487473,81.1780829910931,63.6179174681025,49.1657625882355,2.05238463393533,67.3871641088064,89.0586770620727,69.2060521921679,74.0163638665158,54.5965054618678,54.0069995253674,-1.20022419612008,-1.80425888566327
,83,152.454187662331,91.0205026615824,87.4086376556602,4.34257251310544,105.378621328527,98.9175932961632,101.870260078486,92.190914761455,85.111123109241,23.3054223979852,103.692705384241,-0.45555283113066,76.5123877798814,66.5556452580528,52.1884406104963,72.0097672784011,108.945755984443,111.800330813078,103.602696927741,112.097342484042,85.4003060514441,14.3561463193517,3.68403283664418,0.083752884509579,72.3218968075481,2.03032695008545,67.9545243920929,1.37584759200638,105.716794744096,11.3860235872503,123.040292611543,108.089603697732,82.3658577832525,68.7820732089024,-1.22684120656936,-1.92706583220019,85.6433591535167,2.54093339797276,2.06132138864979,62.061997116593,114.502131986252,98.5273963128618,102.710920466803,84.212223844091,85.3356447099715,62.175528339021,-1.73391741500939,-1.26600175998686,56.2562070589638,40.3344442752638,42.4082335128582,3.24067831896645,94.1780393926357,98.4397411559164,110.113077413268,135.741524410167,95.8433032666591,62.7288984721081,-1.26227869531181,-0.745967474910117,131.275308537577,106.657235239679,61.7539109367661,1.38638497886723,109.257546602707,116.225339841541,130.174513072887,122.368834842517,89.839670930214,-1.33101347053025,-0.577948466097155,-1.82048004876867,131.496052735957,100.382886268149,80.393029654315,2.66698557480953,111.255427469525,118.962740596703,117.551644269553,132.147275702926,99.905958876518,-0.783697974162976,-0.894580774976475,-1.54443092710056,123.473810827344,86.1662529795105,66.9914406752638,1.9464858274543,96.314218085285,122.343721390834,107.620797237529,109.655831527167,78.8171379135822,62.3880621272591,-1.40198120791626,-1.79810411302162
,83.5,228.65970097107,168.850311246972,156.919733286463,4.06896875751744,182.828176132979,170.161878224661,183.539373010764,166.488033390178,155.256992696035,34.1857254599759,182.728430073673,-0.91705370768193,111.275816104054,114.480605368714,96.5763417020859,122.899492014568,189.948726688195,186.156094025668,182.98735114995,199.038949086952,155.500662000712,21.6700622969812,3.26637536794203,-0.0506170899425911,107.821899798767,1.70518215585611,115.486336073181,1.01942400367915,183.640770490711,10.9314908102713,212.148602185462,191.124274838499,149.388382854757,122.291603240831,-1.37019904763372,-1.63336430025947,138.531813711589,3.98514125549406,2.12549966456186,107.642863127476,187.401975889836,161.288937166926,183.069652954889,145.610055698024,155.775583509777,106.522847238435,-1.91175587141248,-1.97112060791039,77.2108792900924,58.8403858217221,71.8228322465073,3.22100974884995,160.290605097276,175.816065272276,199.738248276592,231.85223983048,177.347459699008,112.18502662191,-1.69381725856249,-1.21244193365573,215.985484971236,187.609437726901,99.5391690885155,1.12042345418382,186.555768679059,185.62479125864,221.731368879649,211.498027562207,159.023791761604,-1.27891817446169,-0.913851220036349,-1.28962965214043,216.746233597644,177.207479477879,144.512775573486,2.73766262699576,187.482806966425,205.289196825944,209.425562900939,225.473974609445,163.423455474822,-0.81755734323832,-0.661492521538946,-1.41971810384632,206.824103345013,157.473779855753,122.772300915124,1.89720553830318,160.034252915311,193.264357329134,191.348007436374,183.325560238598,144.634409020615,110.430147795047,-1.47226166403811,-1.83513163339614
,84,303.788037192679,262.519020692029,251.369564483356,3.73190476334543,273.31999442844,253.682731223378,283.170696894498,250.685848006365,247.014729679565,50.3208099630727,278.006372572666,-0.898608867682697,142.677957031805,168.451724501454,150.323018547217,215.328525087682,281.94932895182,272.127333662654,274.350637913803,297.836882086214,246.271110847936,30.0883040782323,2.99830426443293,-0.329578784235707,139.940780353883,1.50498529295777,172.981773174051,0.404268383247484,270.458672490935,10.4979330017063,305.810179150432,283.373455807591,238.664858114431,211.955858715663,-1.68538129768774,-0.745711630574419,192.255868862375,5.71038684225476,2.13372727030475,188.03271730813,271.409519119932,232.406693073656,271.673683815666,210.98608801747,247.869685206095,182.710478877391,-2.09574936902726,-2.19994403367673,96.6642585698963,80.1994460743671,108.177983276863,2.67098966968956,228.440376390556,266.029474051663,301.137372556605,330.912013421376,284.322381062314,193.607707118421,-1.44596152273732,-1.57302198350652,307.895935220287,287.235174431112,144.233339551855,0.791891538270704,274.722182852448,268.453578020196,320.727749587963,307.817226035649,243.486044397084,-0.883364493308761,-1.26897437811539,-1.10210749573974,310.754635522143,272.496705184012,231.461839469095,2.63846890511854,273.343136693474,302.252884104172,315.648830378047,325.400590639454,247.199984348064,-0.627470465803924,-0.802219556014506,-1.20446416918219,302.08960261334,252.983644288119,197.011221538944,2.06774280876414,239.485123659579,276.672497331845,289.205330602853,266.772994291418,227.76048279487,188.58048948579,-1.37219124043634,-1.83490689712875
,84.5,366.803829158544,351.893973228668,341.383162872755,3.36889202397703,359.372957361896,332.947446627151,378.98410747026,330.48282504816,331.905321077265,64.4272091105763,367.699101194148,-0.816083654743522,167.639340851343,221.006708208221,201.686526896072,308.123267121241,371.838120758578,358.152837123543,361.723750914392,391.660364259561,333.287870675102,37.5516744044829,2.85993287999605,-0.681543866301979,166.166805490908,1.22016960833048,225.375016921314,-0.11127834299117,354.432048078997,9.57862601616807,396.244100614841,371.211045781551,324.616167678858,300.081868540681,-1.2799988814927,-0.115991465390152,240.100780865286,7.89586179462765,1.25405311177349,270.202777558152,355.153161296386,304.524721062281,356.113241452817,273.213588770786,336.282600443473,253.676765694234,-2.19146258807262,-1.63804370245475,111.337642935764,99.6270559526848,142.410209418516,1.64035018337921,293.22002104433,352.505025906661,398.060921648647,426.588664585777,387.350072955625,272.840096540125,-1.39541803148029,-1.23008955981862,392.663490290405,383.223658376877,185.230115000965,0.412092220416355,359.779383232139,358.660303161799,416.594580522809,401.6556847768,321.60569796965,-0.666866377269457,-1.6823221180739,-1.14888169814651,397.256162104035,362.661812147008,316.645248246144,2.44103781063421,356.991660272934,397.974549178497,417.244002376655,425.220261451699,339.457790808939,-0.795059691408085,-1.30878699085281,-1.02374611087009,390.457469755062,344.867965724381,266.617871349073,2.35141688527341,323.223005288942,357.310897471643,383.593064484208,340.896407937761,306.59056650926,263.30356874672,-1.47766420353321,-1.37272591688901
,85,401.409521295004,437.869449737228,428.500972790503,3.073650096157,438.132552964736,408.250312980197,465.809006730306,405.589614494416,413.262165167757,77.1073294307617,449.144319414919,-1.06480684023671,175.812021896365,262.265506177635,249.542952221415,396.919950600525,455.200811315306,436.151512581603,439.646440256399,472.817998743806,415.718271912856,44.3401481305274,2.80610502488065,-0.691742666595246,175.726597438602,1.40022602891423,270.311903780023,-0.222021321983732,428.399248517689,9.23247961215429,466.719536105917,449.177228212039,407.232643240966,385.458833123398,-1.12499657259553,-0.668700124603333,269.75067502362,10.065661815766,0.904270360833664,348.68044099227,427.998550203822,372.130118221268,434.109717772513,330.636115717084,420.274369374655,321.768053889242,-2.01848777485759,-1.51306989909142,115.881474050768,113.683326058822,175.678093490421,1.24205743647042,353.926585033735,432.652831736036,488.233582502144,496.811848879734,485.384007279626,349.33453478198,-1.78490418944233,-1.29434889402364,455.759262458318,470.564069938926,218.176210401422,0.230066138701716,434.708516547891,435.197527186196,492.209707368084,477.946759518904,394.908406021272,-0.628900143199814,-2.27132892826643,-1.10579710662478,464.016831464695,447.034389955383,400.791573904961,2.7443720147383,432.039937591724,482.16467805366,505.047786909514,505.773623891771,426.279332439676,-0.513099748431443,-1.60219769657215,-1.26637765313262,462.151533778395,434.01624053019,333.364006706086,2.18130462812388,400.862087485444,430.032799288578,466.025083193413,401.935189434932,381.244050249958,335.293113434816,-1.77798192533595,-1.27929261634398
,85.5,370.289400525405,462.792023548297,472.928239444608,3.07655692447355,453.413089749765,426.759842615615,488.09648531952,418.717263446729,449.307352942274,84.8691153960124,470.812985521334,-0.473455318234869,152.506503532475,261.565663285392,263.826976092085,471.339592599539,466.689791163331,448.062351863527,451.341732305832,481.1183420199,450.010161234892,45.8476000086707,2.67190902839906,-0.778841235583286,152.841181376798,1.85411101570094,281.766429792918,-0.267109386873642,433.522268305739,9.30235066539223,452.803180267805,454.351625170333,445.585844472889,452.263758081245,-1.39749237231865,-0.911163012051702,253.061321103703,10.3325578071815,0.913052281830005,410.433511273775,436.670123900655,382.816887639191,441.039190662481,330.150926159162,456.85566199314,378.954405656586,-1.96520444691259,-1.76763586604977,101.957384580854,110.982895695351,187.593778451564,1.34458740821526,351.312331341323,448.244321102384,501.89518514556,474.431847516311,527.583177962047,406.857883047303,-1.55475068759881,-1.50949173089577,447.698688582715,497.1542225192,221.863917905708,0.175165019136273,444.832900256025,446.434719643384,483.73914382932,472.668610104788,417.840872968773,-0.545424063563132,-2.57674451234027,-1.14234090649495,460.44837462448,475.005581706685,446.072769174691,2.82142546789424,439.185418300077,489.157083712333,516.037035212522,498.87412528124,461.453486640858,0.18638452153499,-1.92458849647278,-1.48507187492964,467.265457618634,475.946140702895,364.772818133366,1.95927912213273,424.509001623399,447.022181407348,479.212318858369,405.982528003994,409.671763393868,390.315468416442,-1.66620602158889,-1.51637712554179
,86,283.556616538905,389.686528487012,418.451819397305,2.7045445660919,378.494165949027,358.774527424998,411.829579419179,344.448231793334,389.000206692478,74.8930208308813,398.121935637579,0.0513050109189521,110.362095830771,214.5520772807,223.627702619056,453.783139117581,387.240807347489,379.43776006624,374.966455163007,395.89023338852,391.005265249342,38.0556360797336,2.61139838868723,-0.903294893652003,111.249782827464,2.160430770804,238.914863647964,-0.270394935093805,356.32494747445,8.6040399988438,358.498564732257,369.662129667771,391.186638228404,428.039824811309,-1.23473615955231,-0.747394900186009,196.545101360944,8.5817725674263,0.216552319565437,393.870491477468,369.366825897672,325.899440963271,359.147172146104,262.726453868185,399.384274782144,355.426867014424,-1.9157177277699,-1.98863294639591,75.1658221400468,88.850361686754,159.587513771437,1.06835927868747,278.33909690647,372.493173324078,412.586829822416,372.617957383488,459.530392187737,380.529986770374,-1.15259099850181,-1.10622191219579,362.071583968295,426.747934855713,183.631282635891,0.202320247733496,370.930932946429,392.84053528982,388.888565590673,383.946434955194,352.457289554113,-0.301257814475093,-2.5034067187371,-1.74376200628387,375.281877343052,404.781088961066,402.427878179498,2.23786860901777,364.424444471224,405.478303117899,427.001858491886,407.602203307375,423.482068652766,0.257871314342594,-2.38351902608019,-1.72894843312406,387.129334033409,418.087855116125,318.429122837607,1.86409885947262,375.592775898494,384.950505594029,399.834832174442,332.311691694353,352.795223860432,363.448429574034,-1.74137694284212,-1.40668034355656
,86.5,190.734960328006,282.77643771433,310.333479684418,2.26651929421405,275.086297152059,262.187150335852,298.816488311875,246.485323573171,283.405895971488,53.8632615794449,288.95148730984,-0.0633722485536055,70.390001030482,153.783922616529,162.408411476608,350.67890090984,283.487673198674,283.568884292211,272.19396770253,284.039383538355,287.270603919311,26.9676662572917,2.65912178949156,-0.883050832737126,72.0835861633623,2.09670489718667,172.873488740253,0.0556519320904272,257.905444081534,8.50530201360152,252.81887529436,263.684481670044,289.010554368302,328.118122896435,-0.887739823469929,-1.41988843006504,134.440986972824,6.21090587020774,-0.200001975561577,305.810982692588,276.202447295417,250.339173983917,258.36146678816,185.891399535003,295.203857050857,265.722732072445,-1.78967953354157,-2.18516998969994,48.5672293771582,61.4554469818052,115.794929447394,1.17979186331854,198.924587269888,269.132912989347,296.805182473678,262.74976274331,337.707792917281,288.288633759951,-1.26554313837067,-1.18895873083136,256.64249094316,316.560133836998,129.510935546402,0.567527225179049,272.670491904822,308.691131306166,276.366990905941,279.132899234291,253.39418754022,-0.482892691749043,-2.19951635606981,-2.13348622255415,267.555130313236,294.319858208138,309.114105306564,1.93561638163118,267.610027182501,298.01347168632,307.694533203876,299.817532177285,342.839460824695,-0.227952096942317,-2.2956948540342,-2.10670677562911,279.001783944613,309.430045736235,233.353444454656,1.43734983816461,291.917621750788,291.30472701251,290.04292333882,234.979495548763,258.209045619062,273.14251672471,-2.25201220691065,-1.19291960537294
,87,107.164173204755,182.243194637797,207.475755116362,2.21290809259983,176.650249824103,169.829288344442,191.445151950149,154.871933034904,186.23491100324,35.9295592061903,185.70409635597,-0.13449379477504,34.8553423858829,94.5956659464537,104.594092684818,244.507751764815,180.875954727432,182.529306607979,174.080044256697,177.525604145002,188.447512970884,17.0270056478602,2.3783440427552,-0.921679859324797,36.2661071760446,2.03876219977099,111.195215599243,0.150024748551289,162.12053570602,8.91888574626239,151.798838788732,163.061909135783,191.467445852135,227.716653532804,-1.13453848029638,-1.94630825177768,76.9764571256692,3.47484821373502,-0.139228378014082,212.454886573788,179.623708831981,167.749425295672,162.423968810838,113.057516272532,195.503540263711,182.867057505708,-1.73011925404182,-2.22071791581288,25.1406402029672,36.1598832739573,75.4236852574111,1.68903678534502,123.772819968633,171.143103122278,187.57278017081,157.221476085971,221.609487488376,197.956893462564,-1.61576644649028,-1.68606409310627,158.13449141723,210.800857664598,79.9737005695026,0.700394467701813,178.92088159213,206.60215038757,168.593615127203,177.603152353254,162.257504317745,-0.731205831284228,-1.7127827932938,-2.0458601487187,167.317224836976,190.585659034083,216.31933618791,1.75928354403828,171.142895590906,190.181672481802,195.018186166258,189.357520089909,241.358752140967,-0.661595940162385,-2.16168944614554,-2.16665127034196,177.440067596841,205.885916091091,154.300666634304,0.55485223269568,196.913871921858,194.84180556892,184.726438910063,145.540818664809,169.008864966808,187.344973382555,-2.31879301099377,-1.53253971581785
,87.5,38.8076419406163,84.4316221136302,106.863950484889,1.98678060962413,82.6965953935911,80.6973850179548,89.6172421466873,66.6360248898518,91.9356197332076,18.6007300650665,87.7024870488739,-0.277828221709001,8.53110196967452,41.3762500709335,49.6333614843669,143.107943145923,82.7707339074643,87.1737646297856,81.8470578291061,78.0425666255171,92.8736696583514,7.5724139713812,2.25717389060503,-0.972231551663526,9.54953502223793,2.09603191420308,54.4694303117317,0.0103145405847727,72.1008181700825,8.3455114864114,61.5283700301707,68.532264651254,96.8210079455587,130.706169956559,-1.43982720315302,-1.5891777375856,29.3368540840995,1.04764728164537,-0.406046980392546,123.119174063023,89.4796621698653,85.2476576605345,70.6600026267909,43.4557676169479,99.0185626754673,102.781722342021,-1.69520002102013,-2.39990247568807,7.36752435550568,13.9381189025214,35.7144722949061,2.09913809131223,51.4229881413747,77.2174368057343,82.7089751519013,65.126038208962,109.462809698157,110.486865743245,-1.76807474526129,-1.91845680625943,71.8103718163555,108.625152024468,35.1199669333876,0.527358213576974,90.3527097018068,112.131751340511,72.2935201783363,84.9550369154172,74.7411668141754,-0.734141469897111,-1.29080443736052,-2.00425418068528,78.4799856470751,90.8974033703014,121.612436649663,1.09259295865462,80.653544648364,87.7330375072921,89.9834885396322,86.3248534514294,137.382967269423,-0.796409337549733,-2.37244098775813,-1.8418522938768,86.0567315981609,105.21049533435,77.420331357423,0.448643283393437,104.729756180268,101.225543491764,86.2300047735079,63.8153684606232,82.9363179838293,104.349232226219,-1.86382162998416,-1.81872264097206
,88,4.72852365477496,18.5714085805931,28.9261194305174,1.90787640135977,21.9812465092308,21.2946443972268,21.6352241611791,10.1252952975024,21.2923661166012,4.15584493130706,21.0270739565672,-0.753248955282743,-1.37103332676941,9.80620382579104,12.0768915143302,50.034104557853,21.9256302261976,26.2376281274471,23.7488808638153,16.4777579362864,22.814996241294,0.658146812144935,2.44408451213025,-0.981655071939997,-0.154910541649542,1.74102440533204,15.4390985625123,-0.076775042009956,17.640885865166,7.5645715113497,14.3693028665516,11.6550168697399,25.0599448488829,43.8667777217268,-1.43673773866828,-1.57399462609789,5.74044728659896,-0.217170214329485,-0.715205506291454,43.1337350853855,32.5104243710636,32.7501119818356,15.4652218973145,4.20881631200945,27.1683398474506,29.2316191269619,-1.6107495457569,-2.2808230884873,-0.397948973289772,0.880249571148454,7.07506452461701,2.00004224986589,12.0994348237496,16.6492479632144,17.4029775211926,20.0352688251033,26.5155803145145,33.517304180832,-1.93825123837382,-2.28644717922452,22.6066557336846,35.9666116608455,5.2914604800028,0.345115370347742,34.7269642651876,51.671146387937,19.4491453193103,32.9164103592198,13.7605342808169,-0.744899894144908,-1.41781807239039,-2.07981278859904,26.3021996411713,20.8755240464732,45.2359053707611,0.556048441916118,25.4950876192593,25.3326987086504,24.1723182453949,28.2892130246967,61.7941079771975,-1.01550002552614,-2.20460092868001,-1.63918822949131,29.6470564061954,28.9257065109221,18.8703810266321,0.765018182996585,41.1275344422921,37.1769342442901,24.1587014268022,11.9093692816321,20.4657687154984,30.7401497365844,-1.57206986795103,-1.56435512165444
,88.5,0.569398210853251,2.41796536746938,1.95592672119705,2.17651972657382,7.87278630374914,5.88259180641819,4.3015594903224,-0.981074434931941,-0.344864635314707,-0.712979725243315,2.73608062691528,-1.2907471422227,-1.1988997524619,2.82529514673092,1.86684010435812,4.27723318570992,7.63370398535466,7.30071637769009,10.45280632011,2.61480776910167,0.105854844605176,-1.47925911332254,2.41283130122531,-0.858699162718779,0.103713603526103,1.30672873935907,4.59133974881888,-0.2700719378999,5.64424909530453,7.55912723759508,8.36112242064604,1.20531821935697,0.791810129920123,3.42091675580019,-1.64236392422333,-2.0626663643161,2.85289095500366,-0.266143519259572,-0.437524959425446,3.20390676760735,14.8268866597426,15.2672548410963,5.69239144520276,-0.303554464241472,3.15025346350666,-2.4698998047524,-1.5222625890305,-1.81064988826677,-1.06642585672245,-2.11151476810795,-0.890955661956639,1.59471773719974,8.70870983143561,3.29173592039302,4.90315927449274,15.1122214762607,0.0439696766052862,-0.279706552045354,-1.93841289852247,-2.64399489349432,13.7820192638416,12.6146709639162,-2.18473488058424,-0.0327197134876656,21.8939774203049,24.733991866142,11.5728196333624,22.5315313843042,-1.77184197148569,-1.21029436666424,-1.68169827078316,-1.58802391637357,16.8009942769249,1.0446498335744,14.3300411664461,0.814275016141664,12.3867728192538,9.31224241974144,9.39157320787689,14.1114830961789,24.1199142727,-1.0425200887517,-1.89186815046395,-1.54550185888269,17.3601059619701,3.46293639810955,0.306165007173547,0.668048005332082,15.0829907278127,14.6590282814706,9.27060490436713,-0.101479225108221,1.76045211373787,-0.933157307161309,-1.52681822718853,-1.76842214275507
,89,0.863486846222713,3.96277513253403,3.28139682022083,2.53383084364373,9.00798994357916,6.39504459006349,6.37056981948172,1.45093392908183,1.71109710748965,0.130504202047803,3.7719357958149,-1.47377219061644,-1.05210319691281,3.40490736077118,2.91419061396448,2.27158908988713,6.97611149513943,3.59675342136723,11.3875339963741,3.31917686142151,0.541905687720373,-1.45505065140327,2.22984685839691,-0.98483829775256,0.0703114704423342,1.30586811386831,6.67164416652628,-0.512064334547063,5.31824287163806,6.95514447203914,9.11327567242347,2.42790504495656,1.79197295531822,2.05390339248396,-2.24062847236604,-2.22012013839247,3.87194931414092,-0.148866598361678,-0.188608695057383,-0.198211381830617,11.3114820793793,8.23368857155134,6.73458164814593,0.87246878350453,3.94572041055261,0.159440991342535,-1.55576916519266,-1.7165567131841,-1.22625882241499,-2.21045835549648,-0.146801445151596,1.23053268596527,9.34388857798916,4.67159116073918,6.52881911272789,14.6470866800655,1.91436526743706,-0.0577335260780387,-1.72808982222904,-2.51437005496553,16.4641944711253,10.7547363136641,-0.961414965223184,-0.614288088577212,22.2457394907245,13.7415798856641,14.0178580515329,21.1143998965292,0.407618746666003,-1.81579638136958,-1.70290599378791,-1.2451333819306,20.5673961618932,3.07345172954342,9.58622026587676,0.894783809552337,11.5591123190853,6.44648042361212,10.9672899572974,9.75485784489206,9.29204777436519,-0.668536190641362,-2.01772763008989,-1.45743799685465,20.8731204476005,4.72403504573344,2.45872782374823,0.961348392768855,7.37975632260623,9.4395323518354,9.98346800156821,1.34467240781601,3.5877053855753,0.0844352557967909,-1.21490000021674,-1.71258073260873
,89.5,-0.190844993845928,3.64285368633904,3.47140316778115,2.54259550251271,8.94670962725689,6.44693130790205,6.96575689557278,1.32985490897704,1.21553680808847,-0.301580414964008,3.46126636893746,-1.5707813479043,-1.04055730708387,3.9078695380357,3.24420639217294,2.67262513607199,7.18799598955991,4.12698773135844,10.8508627284706,3.2301020998259,-0.0886954897992496,-1.48168521189376,2.31383965246653,-1.14295463724352,-0.17808397990791,1.30459205131149,8.07333527090958,-0.545073701545221,5.08764588908952,6.54216728270183,8.38985375953393,2.15380411813157,1.53729089300936,1.84743052066841,-2.31201363474884,-2.07659474207509,4.82129745901079,-0.468320211653918,-0.124270275437198,0.13499483435686,10.7386525760857,6.34018530098473,6.91551044374177,0.807024426357202,4.03337079662447,0.193426666025459,-1.5720151316479,-1.93683360980407,-1.69003640037494,-2.1450547472956,-0.476674361249138,0.702587097027617,9.31799653449872,4.82978886184833,5.88188799040449,13.1509549133432,1.96881329882416,-0.0295947147865832,-1.32329996255794,-2.47537114598794,17.6205403799228,8.40803708392616,-1.59906572339128,-0.820975931820328,20.3234538227414,12.5543438908227,15.1117035408218,19.3080765326065,0.492164237078271,-1.68264618129103,-1.80173745859645,-1.41356463341117,22.7056642657776,3.42896033370602,5.95310756372197,0.851550984564881,11.6139596343137,5.34082339999952,10.5032074390638,8.08670808299752,6.9412774971097,-0.196870352453061,-1.83817024683754,-1.58958734869441,23.4762655518622,4.99903754974088,2.7038240959169,1.70105422949166,6.46671309370959,7.33278414732047,9.65058721592686,1.36368681225071,3.99536478384914,-0.263432491016317,-1.13350029542244,-1.2401103412007
,90,-0.690082637387775,2.8302063539399,3.65469989740228,2.46639103692371,9.53677397875009,6.46310186144609,8.31109818495463,1.28046597088223,0.657138589859926,-0.338077155483404,3.36971902383686,-1.5488105049721,-1.17043227513972,4.46870998181709,3.10552762455842,1.85653961401266,7.39987297894317,4.49151652032072,10.1283674963638,3.37663801120294,-0.267736405510561,-1.1303713955997,2.21654225798977,-1.2031366578974,-0.487917753500369,0.97178057270537,9.17312000334533,-0.381752040456206,5.47003677302922,7.10963070274539,7.36419447389898,2.09328714562963,1.02124176833928,1.28917775268093,-2.20974995111874,-2.18065413878253,5.76075606447222,-0.782994521038063,0.0865297689446152,0.0509364984937406,10.6314676723247,6.80849964457622,7.16148378224523,0.981135038230377,3.92345983966339,0.307625695050717,-1.52303153951664,-1.78569115589625,-2.05941171485784,-1.8534635437922,-0.274455925376969,0.0146927065174509,9.54077603485968,5.29946109329376,5.98835087686507,12.0081823490451,1.67160175001612,-0.146693565712383,-0.978915697534376,-2.37598540824132,18.2696922642658,7.6078656242052,-1.85550435335199,-0.952494901168791,18.229039382857,11.6814005695547,16.0573891325088,18.3822398203846,0.657997508724065,-1.56908662493731,-2.15176696914909,-1.39415163659004,24.2334501608827,3.3881332814845,4.76513633340142,1.30832280953354,11.1684710139313,4.94713182106602,10.2891168648987,8.76865246224008,8.56593499982199,-0.194451651555482,-1.50411709538548,-2.01414456779924,25.0625094874743,5.10399254155254,2.77919150013264,1.89261867989654,6.64823636291214,7.45525042126405,9.77272584567055,1.15296698352228,4.14930423722433,-0.510108667730321,-1.3936082582108,-1.22245658895895
,90.5,-1.08355958280578,1.44522673802618,3.34741905178879,2.18585508316545,9.87509147176542,6.31895445845549,9.41857133875004,1.51072918363707,0.241770611806771,-0.421928770007753,2.97646913422705,-1.72588980051074,-1.43358192931476,4.76618307693553,2.52479831196138,1.09907774590516,7.58403701242122,4.62736196352967,9.39903624689049,3.1539418803788,-0.675993006067813,-0.706976542464474,1.81378267183038,-1.22736714589354,-1.00831008271848,0.867343225462548,9.84068397925711,0.00298980601121457,5.51024351640416,7.59281220559126,6.6499286779939,1.75448336769409,0.762472640159103,0.928785299542426,-2.42075070585281,-2.13746567064999,5.91255977911402,-1.0351387901905,0.479744923885733,-0.143213329533467,10.7317572835504,7.12443008045545,7.39116533506132,1.10225366724359,3.73079577377393,0.668048010149221,-1.64909138791734,-1.89788367149521,-2.07790888630109,-1.78412900873468,0.272000442019021,-0.290970343140941,9.27291677558406,5.43564995333008,5.90973085874015,10.9050938622902,1.55433596604286,-0.0839625265745667,-1.15959144500243,-1.86792682171733,17.8518569230325,7.68466055940502,-1.48625754276429,-0.967902195115414,16.3314190069566,10.44933664205,16.5917249832149,18.0822823042006,0.279915998268677,-1.80094802886055,-1.8591340287918,-1.26677139662775,24.3527449677501,3.27611860468278,4.591737909855,1.58900254102355,11.041189422281,4.38822421132295,10.4239702396412,9.24712828980222,8.80787884704432,-0.414286029519417,-1.41615530969568,-2.35091699687536,25.3554246761404,5.46074866410709,2.71273027100511,1.13190664909541,6.36297150921899,7.67303895629601,8.84687921175595,0.956211781902539,4.48020804341843,-0.674761238564713,-1.66600108787202,-1.73033448435808
,91,-1.66711108707221,0.862076309666975,3.06150442879181,1.71227067797292,9.80371112802902,6.68866774478903,9.86969768628364,1.31860810822513,0.135477091587347,-0.836445402503841,2.62538368462577,-1.54529809137608,-1.269868000104,4.24430367964726,2.30810685545475,0.252138554802116,7.87813289819792,4.84551859419173,8.67556846462014,3.39516529439146,-0.700262030781005,-0.365084085513388,1.77652934524133,-1.41168757427039,-1.54612306728791,0.757447236480004,9.71397384829379,0.371486709823841,5.18196060256321,7.87319533912017,6.13967153098469,1.09443178536776,0.453683386024807,0.59325059239103,-2.55399317032351,-1.82621891680219,5.75684974504702,-1.44434888631099,0.157076466721321,-0.620607994136833,10.2351389129618,7.53195056808113,7.81835238948923,0.614167692283672,3.94302647055559,0.170217983126975,-2.09072718451125,-2.13816364780013,-2.10897562003873,-1.4467330345916,0.760172530661521,0.112885223462229,9.4170270161195,5.55603099846951,5.4477120413427,10.2186055180339,1.12317103778747,-0.3059647619678,-1.84880295465467,-1.70961967121298,16.3956671598749,7.59731966033968,-1.71589212257425,-0.683344135484333,14.2036635416561,8.81365135621496,16.4747699902404,17.4501642530676,-0.0544754727475265,-1.48903170341504,-1.4478250843913,-1.68387379802761,22.660390885621,3.43189882793814,4.33698715099894,1.31608199223342,11.1436444128884,4.69073725749195,10.6427826131148,9.2972595101491,8.87134564077473,-0.775579953639635,-1.19802753731221,-2.41574835900144,24.2988169448356,5.78672640541527,2.39421458106142,0.613667651702997,6.15930905692591,6.86492262639712,7.79242779946964,1.08066762636093,4.79235473225509,-0.735463435370775,-1.70858145785263,-1.59807122583055
,91.5,-1.62967456748362,0.462102729290052,2.7166717139994,1.39383004361201,9.94240206467833,7.12085721543639,10.2430830519706,0.879448721188453,0.295151959360226,-1.08435927078068,2.7413850840249,-1.40595633971685,-1.0852015113864,3.08687896300648,1.8908499658113,-0.250030570279648,8.03450425987097,5.25904040805511,8.01556421519825,3.33799791112619,-0.239104178524258,-0.0994666872072685,1.86691935928269,-1.29330265039613,-1.78286626452962,0.707943374324998,8.79670682860524,0.14008648941001,5.20986029168841,8.60712875040952,5.12140194228294,0.721302989923004,0.185968647523623,0.103330370143169,-2.36649476710454,-1.49432161210001,5.47326856370773,-1.65610703562265,-0.28601881073871,-0.483074920704951,9.29082511525712,7.96811430132368,8.13107101034905,0.232781691867785,3.82769994715869,-0.151960349635772,-1.89382985742793,-1.79473733366359,-1.9944524378256,-1.19656158742112,1.00430114694296,0.487693275716936,10.1135654293279,5.95361754725275,5.69969218060351,9.51038621202019,0.532259908057256,-0.389359628674413,-2.15397968060176,-1.97658515784059,14.2217187441267,7.16171931215382,-1.93009066595181,-0.505524773303534,11.4811741971322,7.57271933759677,15.4379012052706,16.1722195272962,0.143629536014998,-0.65205643758236,-1.7682190624073,-2.04050357189459,19.5784194059239,2.88701922146925,4.07698776220076,1.0031485976412,11.3131649731239,4.94575931001106,10.5366074716214,8.61945158283925,8.38033255498789,-1.19355466419194,-1.27245012106999,-2.20515394858421,21.3870440663904,6.20047268603969,1.60535935968471,0.348338810578014,6.36862035440419,6.2559524343053,7.6403089801031,0.622964324890972,4.47959629336077,-0.374710914619982,-1.59108129308601,-1.65837973488192
,92,-1.256157953132,-0.363268204535018,1.8070916959702,1.26089083146303,10.1607529244338,7.6017160932376,9.8986838906747,0.895949546462418,0.273640804980516,-1.27955870039244,2.7701870753437,-1.38618889352739,-1.16858462816401,1.71886504798476,0.914439393020132,-0.226839856800325,7.89096780642672,5.38258895469784,7.70794478901291,2.74053555925417,0.14631666320156,0.0207006134297103,2.01218468266597,-0.814054058196007,-1.89324475751613,0.852709412741774,7.21805588784156,0.0275516940826606,5.0538088097129,9.05869606860841,4.04403968676206,0.59009972114626,0.173039209426634,-0.0313751925609722,-2.30643552616891,-1.43218047683052,3.81503533085748,-1.03769352678773,-0.229541669837261,-0.10431358392367,8.37691178649902,8.39019029318547,8.46067821756822,0.245844052107884,3.1122729173108,0.217846451428841,-1.44734943376125,-1.74885998956103,-1.48695604215493,-1.44346215970421,1.08231290810301,0.899391202830827,9.97529470097038,5.88152967557551,6.32820169873418,8.06368441570544,0.299595389526303,-0.185078641887912,-2.24746609502921,-2.20562098369487,11.1490514587047,6.08572626362269,-1.23382671554884,-0.597301407076657,9.1176603295936,6.91517283428431,13.6204092383477,13.8657886581129,0.0660105418979242,-0.785433487857517,-2.02986077356348,-2.10520804146012,15.497633143791,2.285118400881,3.56996292551031,0.89229756225842,12.0534954274378,4.63087308752523,9.77181310788973,7.05911726291168,6.82980003471124,-1.60047353636293,-1.70417338900137,-1.95364683507717,16.9950967590563,6.55245267234136,0.827749039850573,-0.272989961955034,6.3937418301719,6.54912142264521,7.09763102826838,0.245388709310475,3.84010171967856,0.170116457228744,-1.66961348578945,-2.31091801827483
,92.5,-0.97616044453622,-0.0194642973150962,1.04785217845227,1.38703254801987,9.7162738880665,7.89085920590736,7.95393705085667,0.793388788265702,0.0146336099753626,-1.45551188504072,2.76831683918584,-0.985930596434571,-1.00086325387531,0.721105092467781,0.0214606192801625,-0.16440502286099,7.51321962161586,5.45725268319433,7.42556502879796,2.18932376865877,0.178954820076626,-0.424630595558256,2.26017168578113,-0.736365800125725,-2.1557462834387,0.981930643910346,5.17494893953995,-0.273684226954003,4.53896922321235,8.91802988561221,3.55313925917557,0.278216247468663,0.119440742670804,0.0865646891980418,-2.49981249536336,-1.4447765347881,1.991143900179,-0.776224656101874,-0.516227691790732,-0.433377376661838,7.04184814877317,8.66586971307214,8.9162112393924,-0.0512012760698326,2.68239481661925,0.163421482869296,-1.68248157137896,-2.05693753476891,-1.06800366333903,-1.54954409594495,0.625673989704183,1.05582135378205,9.720593838718,5.46733714782266,5.88392303034857,6.28418735685551,0.0561155447124406,-0.309473105025916,-2.47982632879689,-1.97813007743702,7.70293419709475,4.41852811556333,-0.784394369371171,-0.518410845612891,7.30253923201406,6.00095670835361,11.3836025007204,10.0624418936259,-0.386597960876372,-1.13214995239736,-1.87702112093427,-2.32594581446801,10.7615990253591,2.32389569481626,3.09083088409108,0.650078409490959,12.8283114555129,4.83464701812062,8.56685933995067,5.39564520730823,5.26364440935441,-1.83296899628664,-1.79734229945274,-1.78507951418362,12.0953112343018,6.04188308224838,0.188916640830826,-0.624136283549092,6.09919619918577,6.11796351913335,5.41900261534778,0.502087242292873,3.28712073698438,0.380484011383771,-1.94926234041412,-2.24511248989262
,93,-0.905011685069837,0.728641367478474,0.621676899783097,1.41330793629288,8.98388389468039,8.17435001829722,6.1311218340465,0.614053288470302,-0.124759644181495,-1.77228415374174,3.07823367276586,-0.622931095461809,-0.693227671707461,-0.362272132991279,-0.554475855205283,0.374797378230994,7.07259313987942,5.71125978331702,7.01921627550928,1.46437858115593,-0.0797641682436847,-0.845759551796391,2.26519211661957,-0.703931298409486,-2.2530732681937,1.21475964362509,3.15485129559852,-0.971476327653193,4.37227839379375,8.8860016062817,2.64927910021089,0.426593799766977,-0.0946450743385867,0.0470929086597494,-2.22969938803311,-1.67907877825763,0.705325948629707,-0.968411141014144,-0.883642922977856,-0.215094339290772,5.35842618509196,8.75582999633878,9.2812581003252,-0.389622360060969,2.29071596180626,0.185298180017583,-1.28532628640596,-1.4711592333004,-1.17735700485684,-1.30598661380702,-0.330074372220793,0.922323874343704,9.82034451219482,5.38604164768543,5.64231103396514,4.49336693640339,-0.449132288434782,-0.395081026175433,-1.83768505966441,-2.01195012502109,4.90139841617605,2.99433376683118,-0.811713889059945,-0.70194866705009,5.63023600071432,5.57888940065953,8.70948260118024,6.69696788342048,-0.226126820335878,-1.17038520486784,-1.99456903983764,-2.49053005511286,6.76989083480998,2.27528668817735,3.11184879457733,0.494477740941932,13.2136911780549,5.01614068488851,7.12902692257484,3.75490195490374,4.32897414199527,-1.84677787219698,-1.98943651964095,-1.55814705232945,7.5636556181455,5.68798654926803,0.055619307235304,0.104625408964409,6.14064506161623,5.03334521884625,4.33752414962214,0.547612252904855,2.84049019368638,0.339671078288347,-2.28997264052799,-2.13863474812041
,93.5,-1.16978045695481,1.64210225247285,-0.593907400729222,1.64418998995154,7.88800134782804,8.0505468299209,4.44177572686777,0.234437522213739,-0.43690003160367,-1.72665122144446,3.30476751875102,-0.0543869528916616,-0.838488828090135,-1.0425401469937,-0.864842082303937,0.235813728929031,6.63731786570048,5.57744720085424,6.60734287728701,0.211295684039214,-0.327094304174977,-1.41209455738084,1.80900389887518,-0.804888989278709,-2.34286386929597,1.06046939543251,1.85600893372003,-2.23156503155695,4.40389734721384,8.63288882937667,1.73796510722406,0.921487139577096,-0.431319406736691,0.770796058315227,-2.35915106639339,-2.3782629589852,-0.536070223370814,-0.369238914907271,-1.02166446815772,0.235726003471882,4.22543660233129,8.45484082800948,9.28314849988868,-0.288062605227253,1.38013291824205,0.205786688661931,-1.63557622540674,-1.10275403736324,-1.83487464231166,-1.04320363653386,-0.757420031802553,-0.244524047999505,9.61305618978258,4.68087564306506,5.55630081002238,1.94416537633634,-0.711688618267715,-0.411869687759918,-1.25160143038255,-0.996590715282707,2.88316133326748,2.10525790936566,-0.596855282808747,-1.04304627241783,4.30967716688207,5.50980656010711,5.98624725076206,3.66036230690901,-0.557532390846518,-1.85167967757894,-2.06801706432168,-1.79967434231008,3.63072788997471,2.03244622586203,2.86932531802904,1.10550597501725,13.010455106254,4.75634836040109,5.28971311870754,2.09514278871796,2.56915592362429,-1.63571219993418,-2.3359107573587,-1.89468458084161,3.68547297934799,4.60361334552732,-0.353904077855702,0.469517682055937,5.58525975882691,4.45163201498821,2.78200602392138,0.808383006117708,2.24291428076049,0.793943856515853,-2.63191219288336,-2.45097270979704
,94,-1.07196708828764,2.497699772332,-1.342230149339,1.79017521003624,7.0953244254647,7.84696816808867,2.89447071273236,0.0511313889302869,-0.877565400215701,-1.69693088440818,3.37386317140277,0.293025478509378,-0.74583615262344,-0.890077838905654,-1.18659987516548,0.329066411947736,6.09148486221102,5.34815485512314,6.40969356240277,-0.331422420024182,-0.6054566330954,-1.97451552835497,1.60840082161593,-0.959779806793449,-2.59267824907431,0.929364259083286,0.977011572567676,-2.65845251236198,4.22435130558824,8.36465611691636,1.5420394292376,0.960154738386052,-0.735839629745897,1.37954742372995,-2.48741280026201,-2.68151150298849,-1.27736135106124,-0.37456719444998,-1.05908683911633,0.0837628143040661,3.55476021710797,8.34508359816533,9.36152904945811,-0.381205855391897,0.998235300052045,0.013990595283019,-2.15313938113007,-1.37028181512409,-1.86982596404073,-0.762842957321027,-1.14351626161817,-1.04510567446908,9.3499774232094,4.16745664934103,4.92150316873477,0.392164878695155,-0.850540472889691,-0.51123304829656,-1.04531960673916,-0.0676390874946264,1.54368794116448,1.28637383618343,-0.382531493628392,-0.946507063982551,3.72996636399654,5.34430481316502,4.53899739767786,1.38058328258461,-0.979911339255523,-2.42194255051965,-1.79462920352739,-1.46754347875543,1.60356104854878,2.25047985443888,2.75409340680784,1.46111921041091,12.8917542939646,4.76634192484516,4.03803972817923,1.23950712791446,1.58206639100132,-1.48893081496499,-2.18585674218554,-2.23116243363228,1.35732654693493,3.66365788226102,-0.647995633898915,0.482842819088944,5.09756334794656,3.97833213059818,1.25144487972415,1.34652536221051,1.92679629195999,0.751108388462001,-3.01109928759041,-2.6496264427239
,94.5,-1.90071258834399,5.02958529747684,-3.07967628985421,2.16505135681535,5.74019276345098,7.61530420647171,1.26221648900292,-0.550078363765181,-1.51550223359305,-1.41293174292878,3.80374460535046,1.46266915604446,-1.07463881470147,-0.602752086397686,-0.799845143574203,-1.10500083984465,6.2095410853517,5.50960807140115,6.16244192059941,-1.43438124980071,-1.01287956868282,-3.34920763996485,0.769396472511005,-1.92826793297763,-3.08685611867634,-0.110452070982319,0.906640915024923,-4.83714422659779,4.4078585066045,8.51880248109518,1.51356215224888,1.56904508559791,-1.67203630051745,3.37804889907738,-3.66211414321327,-4.07205596996249,-1.79350456980001,0.454549931584836,-1.94135543767146,-0.464872519094968,3.30447805074277,8.41277177088438,9.49320899089616,-0.557415203568496,0.309318380150387,-1.28048927151241,-4.68339521542515,-1.67275993492643,-3.51863916326033,-0.110446696463896,-0.723842057237221,-3.42535227676575,10.2014696568534,3.2728761292168,4.2892398532552,-2.07002071221024,-1.23485125885401,-0.652476233178675,-1.45517543030377,2.67133757906367,1.16214263876822,0.83168727196562,-0.692359138764402,-0.984332871485037,3.62368797277674,5.43305961999357,3.23028056283857,-1.38111986893551,-2.13998434943687,-3.42340956263553,-1.58033899172028,-0.111998709719899,-0.37071127329267,2.17628719528983,2.3582914517055,2.97589331285161,12.8501792734917,5.55000968486911,2.58005311535499,0.88321066026873,-0.494865858044648,-1.38946486629129,-2.15374559404523,-3.53770301789262,-0.713375622412514,1.04902455905102,-1.66087320255377,0.295696560872273,4.20566079954096,3.13284804404981,-1.41692452955937,2.69233376416628,1.72978721614317,1.73976739075721,-3.60829165202875,-2.84757505647548
,95,-1.25991598017384,3.29151230619118,-2.30049561115743,1.13087414266755,1.75913499963099,3.11297902063291,-0.00673642420105125,-0.509598806718543,-0.902841559046522,-0.411244181032544,1.80095680828941,1.15519390387516,-0.725881643327909,-0.084689617272943,-0.0900768893748136,-1.3160559227876,2.73476597866738,2.40441419607947,2.4820039775048,-1.17330790796836,-0.565481432086472,-2.111337183334,-0.17023548527078,-1.26927820907167,-1.48142479207047,-0.629782726355188,0.604262560498114,-3.23345425894814,1.94486790396468,3.77778681515036,0.623696822315935,1.00198725073386,-1.14554967721233,2.44914015141057,-2.21145056803692,-2.44980430452182,-0.855199422067926,0.792325406165503,-1.22442258921359,-0.430989692087621,1.42077321727425,3.57745874956078,3.9587398925969,-0.259038619721366,-0.293847189779456,-1.25759536978904,-3.27414073912536,-0.891605661162373,-2.37812500051837,0.205692692662979,0.17824981526644,-2.66187777427189,4.8015503971472,0.92643611111987,1.64633277914419,-2.11067574639884,-0.608652649390763,-0.265848618690995,-0.848385824008744,2.55115613362341,0.607619848536103,0.263016993465499,-0.462120265316514,-0.383194959002537,1.52413929598021,2.4289597887643,0.954480402751244,-1.64245587020292,-1.48682107133936,-1.8871943671341,-0.621973349578411,0.784388589025241,-0.883352063705331,0.754946290069427,0.658030792374973,2.072035122562,5.3705010608021,2.71732846666237,0.457451051869612,0.262411089524619,-1.34249441554215,-0.515189228029158,-0.977290596394653,-2.17714373747066,-1.01845110087834,-0.796039984851916,-1.35703459164819,-0.138077923116327,1.29365393115495,1.02458028780262,-1.80193420554957,1.74303968298068,0.638973580728987,1.40362679450851,-1.7088300030652,-1.41986098657588
