,Temperature,A1,A2,A3,A4,A5,A6,A7,A8,A9,A10,A11,A12,B1,B2,B3,B4,B5,B6,B7,B8,B9,B10,B11,B12,C1,C2,C3,C4,C5,C6,C7,C8,C9,C10,C11,C12,D1,D2,D3,D4,D5,D6,D7,D8,D9,D10,D11,D12,E1,E2,E3,E4,E5,E6,E7,E8,E9,E10,E11,E12,F1,F2,F3,F4,F5,F6,F7,F8,F9,F10,F11,F12,G1,G2,G3,G4,G5,G6,G7,G8,G9,G10,G11,G12,H1,H2,H3,H4,H5,H6,H7,H8,H9,H10,H11,H12
,55,-13.3168544571937,-12.2608858604103,-18.7824784833697,-24.7825990227034,-5.40967918167667,-9.01440137723216,2.27115801658317,-15.0854396648083,-13.0326892536,-15.8141876531728,-9.16370310783634,7.06292461302593,-13.3071843555351,-11.9163646326103,-18.4011410515402,-22.4960567526243,-21.2624848362566,-11.622220225194,-24.317619782262,-25.0150578880265,-19.5440094207555,-7.79810734230557,-9.73944642624713,0.959919135119435,-22.6804745760999,-29.6643224632808,-13.4053143233436,-3.05246525061699,-13.5228114861704,-18.3973775346658,-18.8743054970148,-18.2636462018551,-21.8208941607354,-15.6800537621803,-0.178377075585672,-0.489804861628386,4.37416474356201,-27.0288503020912,-15.3802760210286,-17.7892548254532,-23.5761254064438,-12.2948255714141,-14.1286923450278,-16.4391538104422,-19.1476287738791,-1.1020127840851,-0.1892991224816,-0.531073710625151,-22.9752024869609,-26.3722603886895,-9.07955621876852,-21.9452018105922,-8.09921241384177,-19.1544447435699,-19.0157564008548,-14.2565285990225,-24.5339236255635,-19.1591494218143,0.0617789730064828,0.0106582190627478,-3.40939431889285,-11.9057387936904,-7.63088740177648,-4.51015095595596,-26.653336757625,-13.4106955584838,-17.2722390204773,-14.9502555419749,-22.1226461413103,-7.30065501686602,0.085013533171491,-0.388293257746966,-9.92512730876649,-11.2048535005094,-7.0804741175798,-16.4343170432142,-22.5095882609126,-16.608963519446,-10.5760687249633,-13.4773004045915,-29.3700978132126,-20.8643257401247,0.172214779069122,-0.219233479967443,-9.23554888878959,10.4468716295002,-6.56056025384407,-5.92655283292152,-0.571074763151501,-16.1662582968254,-6.84884837269703,-20.1363068340312,-8.25862693617148,-14.7967204540601,-0.351721364804973,0.225838979312357
,55.5,-28.8531846572529,-26.5652526975565,-40.6953700473013,-53.6956312158568,-11.7209715602999,-19.5312029840029,4.92084236926223,-32.6851192737513,-28.2374933828005,-34.2640732485422,-19.8546900669785,15.303003328223,-28.832232770325,-25.8187900373223,-39.8691389450037,-48.7414562973524,-46.0687171452229,-25.1814771545883,-52.6881761948999,-54.1992920907248,-42.3453537449698,-16.8958992416628,-21.1021339235356,2.07982479275825,-49.1410282482169,-64.2726986704413,-29.0448477005784,-6.61367470967008,-29.2994248867022,-39.8609846584419,-40.8943285768654,-39.571233437353,-47.2786040149267,-33.9734498180575,-0.386483663769013,-1.0612438668615,9.4773569443829,-58.5625089878641,-33.3239313788955,-38.5433854551485,-51.0816050472944,-26.6387887380641,-30.6121667475611,-35.6181665892914,-41.486529010071,-2.38769436551786,-0.410148098710465,-1.1506597063543,-49.7796053884144,-57.1398975088277,-19.6723718073313,-47.5479372562825,-17.5482935633236,-41.5012969444015,-41.200805535187,-30.8891452978818,-53.1568345220537,-41.5114904139299,0.133854441513847,0.0230928079694195,-7.38702102426771,-25.7957673863286,-16.5335893705161,-9.77199373790552,-57.7488963081876,-29.0565070433817,-37.4231845443667,-32.3922203409456,-47.9323999728394,-15.818085869876,0.184195988538363,-0.841302058451959,-21.5044425023281,-24.2771825844372,-15.3410272547562,-35.6076869269632,-48.7707745653103,-35.9860876254656,-22.9148155707539,-29.2008175432812,-63.6352119286279,-45.2060391036048,0.373132021315712,-0.475005873262603,-20.0103559257107,22.6348885305838,-14.2145472166612,-12.84086447133,-1.23732865349479,-35.0268929764555,-14.8391714741782,-43.6286648070676,-17.8936916950383,-32.0595609837953,-0.762062957077774,0.489317788510107
,56,-26.6337089143873,-24.5217717208222,-37.5649569667405,-49.5651980454063,-10.8193583633546,-18.0288027544651,4.5423160331643,-30.1708793296166,-26.0653785072004,-31.6283753063475,-18.3274062156725,14.125849226052,-26.6143687110684,-23.8327292652215,-36.8022821030812,-44.9921135052484,-42.5249696725125,-23.24444045039,-48.6352395645221,-50.0301157760537,-39.0880188415106,-15.5962146846119,-19.4788928524936,1.91983827023842,-45.3609491522011,-59.3286449265621,-26.8106286466877,-6.10493050123392,-27.0456229723405,-36.7947550693309,-37.7486109940288,-36.5272924037105,-43.6417883214708,-31.3601075243598,-0.356754151170946,-0.979609723256374,8.74832948712265,-54.0577006041822,-30.7605520420574,-35.5785096509062,-47.1522508128871,-24.5896511428293,-28.2573846900564,-32.8783076208834,-38.2952575477577,-2.20402556817032,-0.378598244963996,-1.06214742125059,-45.9504049739201,-52.7445207773794,-18.1591124375374,-43.8904036211837,-16.1984248276833,-38.3088894871398,-38.031512801712,-28.5130571980447,-49.0678472511265,-38.3182988436267,0.123557946012795,0.0213164381256092,-6.81878863778559,-23.8114775873803,-15.2617748035533,-9.02030191191284,-53.3066735152491,-26.8213911169677,-34.5444780409538,-29.9005110839497,-44.2452922826209,-14.6013100337317,0.170027066343096,-0.776586515494103,-19.8502546175337,-22.4097070010181,-14.1609482351596,-32.8686340864275,-45.019176521824,-33.2179270388905,-21.1521374499258,-26.9546008091818,-58.7401956264266,-41.7286514802514,0.344429558137563,-0.43846695993517,-18.4710977775799,20.8937432590012,-13.1211205076864,-11.853105665843,-1.14214952630329,-32.3325165936521,-13.6976967453961,-40.2726136680633,-16.5172538723439,-29.5934409081179,-0.703442729610742,0.451677958624714
,56.5,-26.6337089143723,-24.521771720828,-37.5649569667572,-49.5651980454033,-10.8193583633508,-18.0288027544744,4.54231603316669,-30.1708793296099,-26.0653785071918,-31.6283753063557,-18.3274062156693,14.1258492260505,-26.6143687110748,-23.8327292652384,-36.8022821030841,-44.9921135052494,-42.5249696725244,-23.2444404503914,-48.6352395645239,-50.030115776044,-39.0880188415231,-15.5962146846078,-19.4788928524832,1.91983827022591,-45.3609491521953,-59.3286449265574,-26.8106286466924,-6.10493050123472,-27.0456229723339,-36.7947550693281,-37.748610994033,-36.5272924037138,-43.6417883214682,-31.3601075243745,-0.356754151166456,-0.979609723253304,8.74832948712105,-54.0577006041744,-30.7605520420491,-35.5785096508956,-47.1522508128932,-24.5896511428267,-28.257384690055,-32.8783076208701,-38.2952575477573,-2.20402556817839,-0.378598244962461,-1.06214742125371,-45.9504049739282,-52.7445207773856,-18.1591124375504,-43.8904036211837,-16.1984248276834,-38.3088894871437,-38.0315128017186,-28.5130571980541,-49.0678472511219,-38.3182988436347,0.123557946009555,0.0213164381269735,-6.81878863777376,-23.8114775873768,-15.2617748035474,-9.02030191191022,-53.3066735152559,-26.821391116972,-34.5444780409421,-29.9005110839578,-44.2452922826279,-14.6013100337263,0.170027066346506,-0.776586515503027,-19.8502546175182,-22.4097070010181,-14.1609482351618,-32.8686340864289,-45.0191765218373,-33.2179270388914,-21.1521374499398,-26.9546008091895,-58.7401956264362,-41.7286514802474,0.344429558141201,-0.438466959938978,-18.4710977775926,20.8937432590008,-13.1211205076823,-11.8531056658416,-1.14214952630215,-32.3325165936476,-13.6976967453983,-40.2726136680604,-16.5172538723384,-29.5934409081181,-0.703442729611709,0.451677958627329
,57,-26.6337089144891,-24.5217717207731,-37.5649569666239,-49.565198045427,-10.8193583633829,-18.028802754397,4.54231603315293,-30.1708793296635,-26.0653785072641,-31.6283753062871,-18.3274062156916,14.1258492260635,-26.61436871103,-23.8327292651041,-36.8022821030594,-44.9921135052381,-42.5249696724309,-23.2444404503742,-48.6352395645124,-50.0301157761138,-39.0880188414238,-15.5962146846307,-19.4788928525711,1.91983827032504,-45.3609491522315,-59.3286449265887,-26.8106286466583,-6.10493050122676,-27.0456229723843,-36.7947550693623,-37.7486109939981,-36.5272924036906,-43.6417883214891,-31.3601075242624,-0.356754151201812,-0.979609723278429,8.74832948713697,-54.0577006042363,-30.7605520421143,-35.5785096509802,-47.152250812847,-24.5896511428488,-28.2573846900544,-32.8783076209785,-38.2952575477609,-2.20402556811587,-0.378598244971158,-1.06214742122768,-45.9504049738689,-52.744520777346,-18.1591124374501,-43.8904036211911,-16.1984248276773,-38.3088894871128,-38.0315128016596,-28.5130571979786,-49.067847251156,-38.3182988435796,0.123557946033884,0.0213164381160595,-6.81878863786835,-23.8114775874112,-15.2617748035979,-9.02030191192284,-53.3066735152073,-26.8213911169397,-34.5444780410432,-29.9005110838941,-44.2452922825755,-14.6013100337659,0.170027066320813,-0.776586515431632,-19.8502546176439,-22.409707001018,-14.1609482351444,-32.8686340864263,-45.0191765217329,-33.2179270388943,-21.1521374498299,-26.9546008091265,-58.7401956263494,-41.7286514802698,0.344429558114257,-0.438466959905895,-18.471097777492,20.8937432590029,-13.1211205077244,-11.8531056658543,-1.14214952631028,-32.3325165936737,-13.6976967453852,-40.2726136680811,-16.5172538723801,-29.5934409081225,-0.703442729600397,0.45167795860641
,57.5,-27.2199122844032,-24.7813506531644,-37.622459100268,-50.2933220944195,-11.6082272703968,-18.1707179627642,3.84234996706709,-30.4157470930787,-26.3429464922521,-32.0509178952497,-18.5418617208886,14.0904380512474,-27.220023013699,-24.0272814368741,-37.0972875912748,-45.9486328401907,-42.871986151514,-23.530321247158,-49.4287340994601,-50.7191053736119,-40.4138232176676,-15.688791749216,-19.7386329844737,1.84826246062187,-46.2151198941509,-59.7649424444452,-27.4726185060957,-6.26400557941304,-27.1480263617195,-37.1645662310666,-38.9976058701245,-37.0181149239759,-44.5865208495193,-31.3024392028535,-0.35859851324085,-1.01273829575013,8.09528170797307,-54.2320811774285,-31.1500074534573,-36.1502211117049,-47.6580904850139,-24.9922332953037,-28.5854356748349,-33.3646045747993,-38.9753457570019,-2.21226581147675,-0.351370194052208,-1.02092608987459,-47.0935830981351,-53.1812455860961,-18.6724337447482,-44.4763928232986,-16.9773285763837,-39.5450934056259,-38.6440126958008,-29.0399413602057,-49.9922428310882,-39.141692835488,0.148454882838678,0.0443306992011685,-7.21612629719459,-24.9079310814914,-15.7925024863175,-10.1821852073502,-54.6782264274154,-27.2498505402245,-35.1784899714329,-30.8912731466633,-44.9507851024855,-14.9797710082931,0.162314034493079,-0.787558665675135,-20.5452494890767,-23.7008388205555,-14.6354502120373,-33.4490334944368,-45.5812945312526,-33.9678177739765,-21.8314307499871,-27.5499969767162,-60.0084332767611,-42.327603358111,0.384543071829455,-0.45752290289613,-20.6812327521006,20.5391707565642,-13.4373338214488,-13.0544094712162,-1.12601314605268,-32.7808680886441,-14.1809251897554,-40.6329098860599,-17.0533813253454,-29.9952135260781,-0.675972370204818,0.462531352866506
,58,-23.8899946170296,-23.2258835326104,-37.4331787591043,-46.0754486585907,-6.93390588623629,-17.3891854821254,8.15445095480402,-29.0579280828409,-24.7951590034435,-29.6323075185175,-17.3395474421858,14.329357842277,-23.8637444256863,-22.9571161132227,-35.5444488771569,-40.6277846955855,-41.0292611691884,-22.0489754637484,-44.9822330325661,-46.8870014853123,-32.7245129278656,-15.2939839942555,-18.0642313959216,2.39423186031695,-41.6873890952647,-57.460305923849,-23.7311715220687,-5.35143920819252,-26.6987903109302,-35.0473419944815,-31.8346481046655,-34.2517592854579,-39.2997041902306,-31.8261032824405,-0.309179840387571,-0.828558901113922,11.9925677740026,-53.4413589554799,-28.8889513166105,-33.0273205342601,-44.9619844782643,-22.7179988617075,-26.8214182552786,-30.6884318963517,-35.1320452983363,-2.18201791686704,-0.539554019728257,-1.36524278942318,-40.7377466131342,-50.8467769823554,-15.597227310535,-41.0732251453541,-12.3693275775591,-32.2714184449817,-35.2867208292827,-25.9583295739482,-44.8199701167334,-34.4536291484851,-0.00298913356897401,-0.0579925774528078,-4.86877744512947,-18.4321706215489,-12.6028415617977,-3.13093247863935,-46.804935267405,-24.8224416466192,-31.6698514363311,-25.2609105095331,-40.9552450871354,-12.8907229465168,0.256953407639628,-0.678028948752456,-16.525432701048,-15.9291230004679,-11.8720320497071,-30.1535242304235,-42.5724579898792,-29.5883338978606,-17.9224010292827,-24.1785087687498,-52.7685589745935,-39.0144788097844,0.134355390415635,-0.352173851208249,-7.2772832214763,22.6334380641375,-11.6062851269153,-5.8198819509488,-1.21428319582401,-30.4685067106083,-11.3055389153039,-38.7623311625368,-14.0200067986505,-27.6731140727027,-0.871891756822038,0.3937253447736
,58.5,-15.4546676608029,-19.9567241149296,-36.1042185016584,-35.8125683291075,3.71626794073995,-15.232971962474,16.5768050649698,-25.3986724903097,-20.8905763384229,-23.7244219342982,-14.074023400615,14.5006727930631,-14.5203368988213,-19.9378039285729,-30.7451683732247,-26.0132072522812,-35.5574135075044,-17.0486249644661,-33.1321299634554,-36.4452141380132,-13.9291686737512,-13.3475570358913,-15.4547404226267,2.37070024207878,-27.3500848367545,-50.228231877457,-13.9871347910424,-3.08122332313076,-24.6442118672692,-29.8120349708418,-13.8009487646509,-27.0703659776214,-25.1164875591195,-31.8176697129722,-0.520861286892398,-0.285976716032962,20.7809434425553,-50.0980554598277,-23.4269404932045,-23.993010602664,-36.9562804331912,-16.821821141384,-21.5516851683838,-23.0980662370638,-25.284986863683,-1.96142303568405,-0.723417236816999,-1.25220454551766,-23.2198244246115,-43.6814815741002,-8.94375801050069,-32.7947846495307,-1.8596027595388,-15.332778828294,-25.6529098137321,-18.8537626776315,-30.8808895450422,-22.4017089487816,-0.294573451148267,-0.623624921772375,0.497346916128208,-3.39087119100725,-5.84764672235883,11.6541269125975,-27.0661177131894,-18.6732371366132,-21.9224245754122,-10.79860984427,-30.6714957757224,-7.01436041966849,0.0310803908359958,-0.829961457502293,-6.70604112099147,0.892374216749204,-5.16714982201131,-21.7779661241373,-33.3798042898136,-19.1295852243177,-8.14100648672536,-15.3755685884523,-34.2191974897855,-29.8063883427729,-0.341093400831653,-0.0212862626542574,21.1952576498816,27.5246286880337,-7.12109670734935,9.83096271070565,-1.48539693977426,-22.655517612414,-4.92616498043526,-32.5804619717983,-6.0546217198978,-22.0395685653012,-1.07997857745227,0.279224786703878
,59,-4.2599433453463,-16.3684003482645,-31.7327830420379,-24.4943011839207,13.7292742826721,-12.1361398219325,23.7257743039656,-20.1264766822616,-13.8163941806588,-15.5612329313284,-10.5524701035229,15.2899760681389,-2.74099806605989,-16.1103234491948,-22.7189072684021,-7.06808537251447,-25.7495138617597,-10.0074521447571,-17.4746007755476,-22.49714439109,5.95312017666879,-8.80507437752794,-13.6138945817048,2.98813154579352,-7.34080341611491,-39.3393701782327,-1.68694463507666,-0.335880468453297,-20.0308373181945,-23.10006202815,6.79233457415694,-17.5738452084746,-6.52756172225463,-28.678387622242,-0.995926150136597,0.159688063272995,27.9406092948458,-42.4031982564663,-17.6010609119693,-11.9539016490244,-23.2292170827977,-9.2893662343289,-13.9146307669217,-13.2729410680405,-11.8082271432762,-1.59948894341488,-0.8990866779057,-0.924083749267481,-0.627546749807834,-33.6933672792704,-2.40700685863476,-24.2663770727821,8.51116334309825,1.39714172857634,-12.978295986477,-10.5016362674055,-13.1763293057743,-8.34671027336901,-0.742023724272372,-1.05427293571489,5.79845704962963,10.2436624620516,1.13611553644,23.872837497266,-4.60659606435354,-10.1763164080916,-9.13236880917441,6.9810737400345,-17.529057433715,0.57558574916834,-0.267651938773838,-1.08212171444694,4.28019245643952,15.1614052007848,1.38040997467897,-10.703953342599,-20.3656867767927,-8.6688854244685,2.41994676658885,-4.88761315580598,-13.2876732018055,-17.5920794906828,-0.638418472414116,0.190591941463936,42.722115765462,31.7456817866937,-2.31497072886395,23.0262908687384,-1.72743412826247,-10.9077720305868,1.32571398292373,-23.3290310838828,3.26986280544338,-15.5410211689674,-0.705903648071228,0.201775574292469
,59.5,9.84920657594569,-10.3572447465456,-22.2001965879026,-12.2483537016528,23.3716541776579,-7.26233922437393,29.8775148206321,-12.0293221009159,-2.51987394310208,-4.59317724234108,-4.68264292248568,17.4959302077739,12.2055843379628,-9.67229885658298,-10.1233750372512,13.8413180303588,-10.6299565178634,-1.28945097304472,0.981134533924887,-5.0912277767427,23.8371008787084,-3.04799544059779,-9.91040791611454,6.98566858112372,15.6572814616984,-24.4109496572632,12.9166150151509,2.72360282814276,-11.2766446016174,-14.2815776694596,27.5570580759638,-3.97527550107941,14.9503212650993,-21.6635604305568,-1.13978187718368,0.424900455486465,33.478775056206,-28.8622636678271,-10.2600997035074,3.54806555948414,-2.90894681818247,1.12479192564217,-3.07759411161067,-0.717298561161556,6.31054301667405,-1.2712781711482,-0.929980755756617,-0.870221285204138,23.3224607390201,-20.3093242295384,4.2456655379541,-15.079241397553,18.2203001910221,17.687129825856,2.46871776490821,1.58893042553427,7.97253592202253,7.545261092685,-0.908542636015113,-1.11596763018662,11.5980753079835,21.678977126501,8.75606269450748,33.2808864619916,19.430270421629,1.40676894761145,7.11170747786969,26.9902251958933,-0.473892826019778,9.79533657062279,-0.431577722539771,-0.984228942936056,16.0052343585879,26.8903939013628,7.76691573519622,2.86646829374445,-3.92286620262189,2.84872197362574,13.5491634149848,7.26474279599415,8.8236809453515,-2.62569155185656,-0.811703013432464,-0.165157222956509,57.4512345074104,35.314840416361,2.44440683223502,33.0330995608257,-1.94509038119753,4.02289452802108,8.80185024239699,-10.3277697487055,13.9610243545743,-6.93360214376833,-0.639554720717456,-0.131547239856104
,60,24.4546485434449,-1.30210586096314,-7.24857629716098,-0.592111078628932,31.7732908795434,-0.888651216515086,33.528552379296,-0.158308913641349,11.741120713601,7.3076263579527,3.47985237699697,20.4258028070377,27.8620168192087,0.506557536673881,6.14112218265291,31.280118164943,6.58062391652129,8.0119452722505,18.4873167517101,13.1344723660164,37.780548344086,2.80613829516574,-4.03016258769117,14.511321057355,36.9717324615164,-5.91658386996971,27.839038774855,5.79538604065169,0.718516998795963,-4.3467309026139,44.9138182406496,11.7602348672276,34.4552265949815,-10.4266064040676,-1.34486307038674,0.447183356663743,37.1875737508718,-10.1245933785497,-2.49056134146076,19.5991140848165,19.0462976400144,12.9517591935783,10.2086980651985,13.1493200288739,25.9379945465016,-0.954110762155835,-0.669189079338139,-0.80425547800121,43.399689625311,-3.12143871238391,10.8843732647791,-6.74840516427014,25.8663591755835,32.1468714165553,19.9024364978368,17.1159688400048,28.8483946080149,22.7828944662529,-0.809389767481093,-0.951504476460286,17.8637802334739,31.2116374292411,16.9091994788893,39.9696010304751,40.8810918887799,14.8731682427083,24.9831133752051,44.7334515408681,18.6986235069589,19.438229643359,-0.669748655688011,-0.889584024896806,27.4452948743332,35.7393966388038,14.4096778657337,15.5230466016425,14.6617155059681,15.134136268115,25.1580593377814,20.2349044057146,29.1847982470284,14.6731885690986,-1.11238543183845,-0.2956664141837,66.387110725579,37.4979983797082,7.483583208195,40.1813579927222,-1.90482320327436,21.0389075862305,17.4774494511624,6.16357434976135,25.6883793968409,3.20179921290548,-1.02442839112439,-0.708270876256222
,60.5,38.0956469340558,8.91974957249818,10.7912287716788,9.02750438025669,37.2307400066596,6.38740662583075,34.9405728662622,13.0807505313626,26.8265383410522,17.9322949911661,12.5783437614724,23.0211341365426,41.8376721389196,12.2167912353402,22.6824739482221,44.643208003058,23.2636205375541,17.9852879747626,32.8376765950981,28.9342674661257,47.8868412918813,8.65042022377611,2.69302639834336,25.3578253152134,52.9899014844383,11.9266923739449,40.9776035321344,8.86055639678585,14.6508671026339,5.73790630791859,58.0892013759085,26.6405299749301,49.7901870788037,5.90216214617476,-1.34994008607197,0.0267940069574593,38.7971644709196,10.0231595604523,5.33284971117132,33.0335796568515,37.8189906059627,24.4285134777497,23.6395918652283,26.2326052303447,42.9626107020728,-0.601193363283983,-0.601211080193991,-0.697618784404199,58.0744320720069,15.8249827519643,17.3280834286619,-0.545804099051793,31.0267762026649,43.0451306481924,35.7554440899164,32.5839429825126,44.8848600370966,34.5227849909671,-0.80551644932126,-0.721122686043259,24.6480708536589,37.548404604852,25.3866886893017,43.9778364486568,56.9673003372217,27.555340047119,40.2682533619151,57.8209179901927,35.5402872965923,28.1298717557135,-0.907482594922726,-1.05845958874789,37.9948008161296,41.1620200215245,20.9937540991563,25.6197139536491,31.1665893553653,25.7380083556958,36.5641772105146,32.4187899466697,44.7256143992876,31.177125875788,-1.27766911482763,-0.354768379807638,69.8127676778635,38.4432384628318,12.6943755950989,44.4795475583354,-1.76486899395485,36.6413376396129,26.3275578512707,23.3759312841813,36.9912209144067,13.3327475808084,-0.889537366475224,-1.18389576643597
,61,49.5175846242166,19.566147522774,28.9858774236742,16.0260718876319,39.9790753839789,14.6859394133575,35.3966727675905,25.1113908177402,40.8316024518373,26.1684480367018,22.3361624270462,25.0521175290283,53.763018653156,24.5016868006643,36.835171501153,54.4868333669575,37.8295971329677,28.290062766963,43.9805609041503,41.3469398754278,54.0284148139293,13.5370548949661,10.5497486603566,38.8485555450665,63.2129616310041,26.0726315677508,51.2848366207719,11.5185408924124,29.1095080755905,15.5344319447245,66.5866725491295,40.0212744791351,60.2116793773586,24.0522038523075,-0.946538140543794,-0.217206134931416,39.3054009225245,28.1011263300893,13.6604414274739,43.5763623656629,52.4872187892472,35.8574841440611,36.2130731366217,37.2266215072818,55.7181799704871,-0.159735856625957,-0.89874122863705,-0.818332893920626,67.6297298152545,32.8950589501892,23.4933748805761,4.83220329032793,34.3462296586207,50.7892542356176,48.1030751023857,46.3679497598006,55.7702706408976,42.538490114777,-0.595970540765904,-0.529864764371212,31.5009682227362,40.1050332674936,33.6071023975707,45.4426106816824,67.6165067280618,38.4407914922372,51.593234694118,66.7745484342404,48.4097390318788,35.1649034460889,-0.911067798907936,-1.03533748577581,47.2926207993937,43.5017945812152,27.0132522076849,33.194688858702,42.5699744785059,34.8863111684951,46.8300320451352,43.1640878044765,54.703820814748,44.0636998788507,-1.25077503837645,-1.14956822046935,69.80870873963,38.6775627785251,17.8428857397445,46.2174169106588,-1.71907045442828,48.2124768170899,35.2751391630873,38.0553300050141,46.2753696506992,22.278053622515,-0.649475491502301,-1.35502850586136
,61.5,57.887937656537,31.2801926855053,44.4456569791314,20.4456557275199,41.7410685525874,22.8356074252874,35.4719156969883,35.757888461734,51.4165293047693,31.266045705965,31.8076805218137,26.19930448293,62.3649831496301,36.7826349153538,47.5725612807424,58.9712961896815,48.1865150552741,37.4938444360232,51.2651393051345,50.2390634663493,56.5248824475746,16.2635739688833,19.7294717160352,52.0402715744381,68.3308020744097,36.4089143969389,58.6997268289184,13.4194540565229,41.6239696403483,23.6161511404885,70.2398268954349,50.3371880586141,65.4362409913791,39.0774379549555,-0.953789619126383,-0.258871933638659,39.6385674748796,41.8963318601769,20.9815225275223,50.6587446826567,61.2312428849643,46.4398718305858,46.7586955341119,45.060801058272,64.09099605443,0.443965563101074,-0.765494136462166,-1.00282986430335,72.099828933965,46.4254209910399,29.9163681383569,9.65082254233062,35.6558361191436,56.318105187636,57.1134148822412,58.094381034912,62.2945835243569,47.5826655132367,-0.316331919041204,-0.437071951474366,38.5077191514108,41.0021645311471,41.5995183704287,46.4186772009601,73.0907597663444,46.9070366795402,59.8048307637723,71.8085797564461,57.925272466297,40.1346549419527,-0.650514440081452,-0.671215971281811,54.6150122191185,44.2624875628982,33.3861071111934,37.4962600237849,49.7735987540148,43.1402408316517,55.5681133431418,51.811047046298,60.1116497140525,53.1360038523551,-1.1106075669216,-1.52706610803381,69.5542513938717,38.4914198509885,22.9454374292119,46.8193751468204,-1.50551333699923,56.0827114025604,44.0121849576941,49.1899408861574,53.2543658918181,29.5309930840776,-0.822044692368195,-1.42427585260214
,62,63.3640841108602,41.7812142276284,55.3471833757626,23.3421005124031,42.5303840316616,31.0453224491839,35.103531661749,43.7207471540743,57.5861098414719,33.924159962692,40.113800247116,26.1002869585133,67.3246545445393,46.9523271337906,54.8743827644332,60.1526251835411,54.2731252669827,45.5192640093816,55.3750602246005,55.7788966326274,57.8021720029989,17.9385927218076,29.1884154726222,62.0251566012494,69.5797522214864,43.3965246893846,63.3129775093888,14.8090880700825,51.2108447298967,29.672069552999,71.2977284745931,56.5589101368023,67.416882707171,50.5234128040314,-0.930188852694641,-0.303480267040982,39.8206433136709,50.8488401755546,26.7890863075772,54.2597456286039,64.1095346343567,54.301926630816,54.1006017595181,49.2914378107671,68.3502438414573,1.16569699126779,-0.740084087117339,-1.0616188071653,73.5390945625625,56.873353957434,36.3851383187049,12.7059693001286,35.4991973163882,60.2355024791425,62.9474108299788,66.3494873428452,65.1791354219388,50.3715930317677,-0.352376331234893,-0.389205386637627,45.9533948297793,41.6618632979162,48.5650160607858,47.3444426258302,74.676313611551,52.0443466538634,64.6224879587649,73.2343983359748,63.5124548222558,43.1743009696647,-0.737810422733048,-0.461725211059388,59.8265077307285,44.2999809572357,40.0984794227909,39.1705722677011,53.757441729024,49.2482230139532,62.5607161178752,57.3492886125388,62.279292512422,58.8870217926083,-0.890939685374008,-1.27881513072913,69.6558758448366,37.9561463400888,28.3164828349578,47.1808456994773,-1.40570468686337,60.9630564306833,51.3746637833312,56.7716430786691,58.2697699903531,34.6518478015403,-0.898844648397812,-0.991711559717771
,62.5,66.3527499655023,49.3219223365954,61.9386144654352,25.5179982793912,42.4752319134271,38.6715883958218,35.3714823335065,48.2350754121277,60.8089703983421,35.4469766403579,46.4828005560634,25.3258323609759,69.8790908573781,54.4467456595524,58.8500187887227,61.3647681100051,57.9691952096643,52.3489209405928,58.7273355424041,58.7377714484879,59.01448754002,19.284823449702,37.9568188184047,68.700662190312,69.0621001094686,47.3711402663882,65.9572024371383,15.4498180119593,58.0493331528088,34.4652623131175,71.842003007878,60.3528826280203,68.0687404250881,58.5692712456588,-0.746201520715033,-0.623233912196781,39.8319968975283,55.64823116013,31.6391836146015,55.963736267439,64.8501813731268,59.4817197478733,59.0861231664134,51.2813766613456,70.11650897785,1.53764091228493,-0.984467757383072,-1.4857019151321,74.0581094365317,63.2816838508561,42.0709466625009,14.9090640921112,34.9717717955032,62.8949785335865,65.9475617190737,70.5164420101748,66.0335744895976,51.6172474768287,-0.68201337122656,-0.504305015061107,52.9173053874919,41.6759520418115,54.2980476760705,47.560466689214,75.0834994601031,54.7050524481231,66.334292500525,73.7813905648998,65.2844296577046,44.7950704417449,-0.96447245926538,-0.46527610755146,63.7240862825245,43.5936706883198,46.446612825622,39.9544351821966,54.6125168709209,53.6436660479286,67.8538869817511,60.3538514353548,62.4790977259194,61.5284115684741,-0.791158030972952,-1.51529514852757,69.2926030941642,37.7320891641919,34.0354041450184,47.9121744874207,-1.7167724847148,63.1299392646462,57.6581526643165,60.6093764046691,61.2449619743103,37.4925898855654,-0.577365949971011,-0.746916388068769
,63,67.5910530606421,55.1261416398693,65.3380915389936,27.1686307620249,43.224892356014,45.0303321116088,36.2205354047472,51.2070550749634,62.7289250267378,36.1069250003434,51.6422866363996,24.6739774581184,71.1455081080078,59.6677801132109,60.7094334774166,62.2864778173613,59.3374009808725,57.4591309554482,61.9345698796766,60.6955749835514,59.7234271321648,19.6025212601569,45.3442817394971,72.564275451459,68.9662819344468,49.4395956592647,67.7901078299421,15.7829681832137,62.0054637409056,37.8949485045905,71.9421695663632,62.7289157533251,68.4698913252828,61.9978883515273,-1.09982845679366,-1.29130650874083,39.7738469712975,57.0821565021535,35.0190847765629,57.2373708854402,64.8499910256481,63.1571747704838,62.3525367448626,52.3708416107704,70.5536413589361,1.87194072168558,-0.686486753423708,-1.6107895590884,73.8338216256342,66.1911004954828,47.208174748979,17.7584352874576,34.6309290626,64.858367435433,67.1932173072811,72.1613208488375,66.924145699376,52.5959098384241,-1.15222044680797,-0.670848201977662,58.3102176400225,41.5608549337164,58.8371371282805,47.3088570981261,75.6398365913321,55.9552148250876,67.0368878755763,74.6131138506873,65.9811090000564,45.841365982304,-0.935255275104623,-0.463779643476414,66.1146547195502,43.0211901815258,52.0186095924396,40.3220718646479,54.8117678483,57.9034805264912,71.3435776577371,62.1876363426402,62.6063454567097,62.0711873566717,-0.83448373395413,-1.38481540894446,69.2458410289681,37.611081621189,39.578133377424,48.2935466115279,-1.87914292440496,64.3551999579888,62.6793064944304,61.9930731641456,62.5431134735449,38.8972476864236,-0.521030510072137,-1.10189462418634
,63.5,68.5662941588799,59.0993799033856,66.4533009257237,28.6574881799238,44.5317612387672,50.3044332277044,36.8104780545701,53.5063396855977,63.9189565383886,37.00901042163,55.5264330490448,24.0100452748338,71.1634169470191,62.4118153583885,61.8374275441461,62.6205093333642,59.8161513457279,60.4485051020295,64.5302306288954,62.4274500462813,60.57927528682,19.8623737594841,51.8554361193419,73.7791589231807,69.2173293315175,51.5015015317659,68.9625664631377,15.849089255284,63.5891518729611,40.1682267705645,71.6987155157647,63.7799851770546,69.2201905391616,62.629641119904,-1.39395235062705,-1.71457240182627,39.0933014551832,57.2690043335865,36.6188043728837,57.8956621291557,64.4177678035508,65.3887114784952,63.9033924288259,52.4592982803428,71.0276890212613,2.56377458925169,-0.247503840991385,-1.39749549123519,72.9670246513743,67.5485610951067,51.9900647913925,20.0267833887306,34.1100019777811,66.6722394892845,68.1855501550336,73.3879489215279,68.6366093457757,53.7484700913668,-1.49122937905156,-0.752425442932349,62.3614625615727,41.9797477914335,62.001552004249,47.368230057906,76.0109928273087,56.3071591230299,67.7215960183901,74.7271730584789,66.9541406953932,46.1969254601482,-1.06890476207542,-0.30907266765638,66.8026815836229,42.8459670279848,56.7671937778778,41.175626706229,56.1384669761615,61.3270399797866,73.5948961887558,62.9292368149588,62.9215287983662,62.216428112915,-0.846360322953444,-0.691941494643856,69.3767026760617,37.046359453213,44.235543279325,48.4287188566936,-1.91647731508766,65.6626119822097,65.8365982965174,63.0557282761885,63.4443645676056,39.9469750465787,-0.958585428559502,-1.24359241981335
,64,68.6683092649014,60.5058473867041,66.8281921881077,30.4630825684794,45.0800621520609,54.2814086359872,36.9418873313258,54.4950836043914,64.4315108117796,38.5791430113317,58.3234570037496,23.2496046194051,70.57632948128,63.8215655414425,62.7166053468522,63.3591720830984,60.8301527196201,62.2768477586931,66.7842527121335,63.9120385563742,61.5480160261524,20.4883013407788,57.2670618940426,73.3899986686847,69.0469610025485,53.4198371359223,69.6035930648478,15.6529634330768,64.4794867536376,42.602675456882,71.8851417017809,64.2371902053339,69.829575914275,63.3819672993496,-1.12380500682735,-1.66389956297246,38.3369307977283,57.943794932496,37.8659075423382,58.5047707405483,64.4134250838183,66.0622427699757,64.6747460876101,52.6140751759465,71.6679278134026,2.87693364947631,-0.387426122811348,-1.27544589481073,72.030050014171,68.7161322695349,55.6844776864943,21.4546082843,33.6677972593768,68.1868590713867,68.9633472405842,73.6522521330887,70.2926864133645,54.6486055911774,-1.74249812285223,-0.928067946414842,65.2475412753948,42.2937149043839,63.6757438908513,47.1671745341469,76.4869740071155,56.3620894882112,67.8327669590464,74.3072270514841,67.1781249019836,45.9806527024765,-1.26435405294967,-0.617122401663551,66.9580256172751,42.3235676500838,60.2531200986513,42.6957507731441,58.0186989316838,63.5812494404107,74.9985211113255,62.8230447165218,63.3775391373999,62.5121367145009,-0.737469124719269,-0.601674586417062,69.0419480027369,36.7375591242783,48.2486108149487,48.513806500505,-2.15766918560058,66.4492241173273,68.1960046438344,64.0751803486033,63.9615345537212,40.6482219474653,-1.07157830351571,-1.12697449404607
,64.5,67.9496295103464,61.5422104573198,67.3670762604685,32.0705020504024,45.493845723023,56.6678528519031,37.0646527954902,55.5456968521787,65.7322047661147,39.8842531292386,60.3530671068557,22.468181778811,69.8074288252507,64.7972734913037,63.17073977133,64.1056355231452,61.3226251669611,63.2560584159178,69.0126465328807,64.7910345463936,62.3930234928403,20.4371952592979,60.3599703379062,73.2856375664976,68.9662044512445,55.0504970646178,70.3186510572777,15.4712172051121,65.034111373726,45.2085800115518,72.327436132308,64.7023006369939,69.9771126575649,64.0187882545644,-1.25361587165207,-1.87933431890622,37.6488374597906,58.6798688066777,39.0804126849516,59.3373133674469,64.770563592371,66.3791892036392,65.6552747434008,53.6285810031391,71.7062691076786,2.77944187334691,-0.430888098119908,-1.12420914848775,71.179718275345,69.0955261709057,58.3695165984187,23.2463036598389,34.0003427558239,69.1674266291366,69.1630912330915,73.3861769659273,72.0238814071812,54.8117319139405,-1.92548010169935,-0.908597871771633,66.701909996287,42.1140635943148,64.8098550377294,46.5674718249775,77.116239207892,56.543015802026,67.4782995423533,74.3840177750054,67.2309206162611,45.6271677198029,-1.10935065073045,-1.39340385113422,67.0780586085341,42.2090593337958,62.4424007176987,44.2121170907811,60.177948682815,66.1894456486746,75.9465157350605,62.9267147821402,64.1844064690368,62.800957151383,-0.819796991278395,-0.72432158302064,68.5124796252462,36.4401738543722,51.5985069605193,48.7175323197038,-2.27958741410202,67.1784308761094,70.0903013612342,64.6468416038944,63.6346937200941,41.1598531090106,-1.07946012033591,-1.5630497952917
,65,67.3651890053994,62.6087566803338,67.6998166757369,33.3416555135782,45.8026371236399,57.8217552219103,36.9734457850188,56.5654402896564,66.9183599835974,40.6623527376056,62.0758991285026,21.779573673634,68.6411574346045,64.9745284064635,63.1729570608261,64.3416995503853,60.9818648080848,63.2970810175456,70.6103191452441,65.5148555512289,62.5229211692051,20.2908850782225,61.735002501631,72.9893190891353,68.9146839024523,56.263147244082,70.8405334351435,15.5735015792072,64.8793055712847,47.3376367319487,72.1267887809279,64.5301640704947,70.1834261343105,64.0790018893055,-1.34159051023926,-2.0391591560437,36.6572386967916,59.1509674669602,39.823274893154,59.9360268173781,64.7040967564629,66.9986779092814,65.9737890059113,54.405043233798,71.233556633066,3.22228630764243,-0.366462403470905,-0.671868724968249,70.0440165223752,69.0127953642618,60.5595865994395,25.1027260616601,34.5802290083481,69.9121804426256,69.2638591683059,73.7843394652089,74.2789079043448,54.9593722406115,-1.50388591477088,-0.93624915057427,67.4242387414228,42.1258178660072,65.555544864313,46.5501519075769,77.1093198352991,56.5834222122882,67.3806483636002,74.7657733408017,67.7770544227675,45.2561167923392,-1.08705554533503,-1.68888880228195,66.7292155021067,42.6713627013787,63.7587191126564,46.0490883718516,62.626782963601,68.2725751038204,76.5496934015766,63.4278885008453,65.0600449495566,63.0521814714334,-1.04573531051028,-0.696786560315275,68.3585216373283,35.5227307164387,53.4115066031719,48.7645175124788,-1.93536574941032,67.6334773602497,70.9067481900722,65.256458910678,63.0724056102781,41.9851456782802,-1.29193970458164,-2.09746944641478
,65.5,66.6799841149798,63.0339024511338,67.6916763390378,34.3981782880406,45.2278369537598,58.6175981717172,36.5686963600538,56.4197902392465,66.7948430318364,41.6266882201085,62.9549279229479,21.1526149284583,66.9893332738305,64.8373359445173,62.949214283916,63.6884859488327,61.0833679445185,63.2260945666266,71.3972950612455,66.6539521467211,62.340985047903,20.6981769568322,62.9522340788484,72.0366367036696,68.159626814811,57.2252171567579,70.9540177096399,15.5429308903782,64.6067521101311,49.505622871377,71.8568281720466,64.1007623297513,70.0629503892637,64.4705461574345,-0.918374713999697,-1.3338022889389,36.0715893809022,60.5581401140367,40.6270632798374,60.0849755454551,64.6258246292567,67.324014653927,66.0274270135056,54.4497797342246,71.263755779977,3.70395170687721,-0.952681035681508,-0.446506134452704,68.9771466029223,69.4461612457113,62.2919841839273,26.2460969950388,34.9006196614417,70.8211006772362,69.9260115759865,74.2432148113063,76.2845708151648,55.1828982503658,-0.862381165340594,-1.15146508726554,67.7641020284273,41.854705015984,65.8366707952822,46.805071077037,76.6716451038088,57.0642693678525,67.3862867599773,74.557977818315,68.1559189634704,44.8119396832323,-1.08039068003211,-1.67719964668134,65.8761800614579,42.6991593757515,64.7214938177046,48.1142531952526,64.3527362505855,68.8830666634883,77.1125591553708,63.7112176744837,65.6605119419496,63.6544352566906,-1.02149562732967,-1.0592350469866,67.7517325844806,34.5017360970348,54.2179402841582,48.8942931263767,-1.56666296663985,67.1112879734015,71.0817541552481,65.716448595432,63.1599213056362,42.7872815188231,-1.19303060323568,-1.61208507475806
,66,65.3496059400554,63.6321411381526,67.5976990747332,35.2760438121817,44.7514963687927,58.8818520829557,36.5654316434975,56.0566592143067,66.2377982608929,42.3262463363594,63.0732419700662,20.2666799824864,65.2226534568165,65.4278731007464,62.8793842097782,62.4536257709947,61.3337616906194,63.3688658282155,71.5541695001658,67.3048643513519,61.8894788545571,20.7110909531774,63.3103729665486,71.1053584655665,66.7419783730689,57.6778900819196,71.074868367964,15.5273423557684,64.6581413013676,51.6207458114243,72.1805368316958,64.2122545703251,69.6382651387848,65.1995953586382,-0.905608909608475,-0.942152483984557,36.1439929744604,62.0423701885495,41.9200163252115,60.2741436358345,64.5226259624415,67.1362127001274,66.6235621192617,55.0074472673697,71.7198340757591,3.38284122308175,-1.31885793293992,-0.527908862892502,67.8193165276297,69.918146509132,63.0980752443143,27.0946715639745,35.1693046516274,71.3632261246012,69.6988509392327,73.7798184770863,76.7126793515694,55.4299696330035,-0.710281553989603,-1.14672964447919,67.5825973550126,41.5652905723106,66.3324613849007,46.7641249000823,76.3158884544882,57.5950317107468,66.7495071700425,74.7265259502261,68.1132643933861,44.498145669631,-0.826708498517178,-1.83737839127696,64.7309678388737,42.4508136944161,65.2720861073377,49.1655947243977,65.1338350214228,69.539429454245,77.3253041036646,63.5258633198806,66.129465480544,64.0782500417301,-0.857827569450876,-1.42383851289179,66.3395768698068,34.1246968352419,54.6986652983752,49.0008000934417,-1.18459151566094,66.5368385371421,71.4474975015163,65.6946906260114,63.3653138969009,43.5433301369751,-0.918566914528924,-1.05791136939371
,66.5,64.0686900345222,64.2650372263585,67.8034389805773,35.7773513511976,44.5991545422253,58.9719583027285,36.845794307521,56.1988352189971,66.2157272376048,42.4346325795719,63.1523686090869,19.7406709794603,63.5198858615918,65.6911414095238,63.0670574549224,61.401200341662,60.7241255078246,63.1696239475124,71.5380539594285,67.516022656604,61.3193624241966,20.830215014941,62.718205673991,70.2046770643227,64.8800667905753,58.1027301101325,71.2198622785824,15.6388102396255,64.4038485583017,52.9432808289564,72.6605681937264,64.877827150252,69.6622124722172,65.5311169195887,-1.25488433486476,-1.13647851688262,35.7566969519772,62.6346282872929,42.7626430575383,60.4618044610552,64.0801381943737,67.1281717152607,67.1140443109325,55.2453765319743,71.8082309197285,3.26179272354,-1.21722433309117,-0.845718483674261,66.1539459260764,69.615022243442,63.1285463133923,27.5298252729841,35.7852382219421,71.3852989517568,69.1125009871778,73.8612242552201,76.8627919710656,55.7858721802099,-0.574174937256998,-0.98702476631405,66.5963185216066,41.5843457161139,66.7269830710361,47.0176133509372,75.7865202059801,57.5678699803543,66.0939457207111,75.3901520431809,68.5275495508438,44.4588064404802,-0.527766291667206,-1.62062536693691,63.3125861780582,42.9240177894062,65.8350042836787,49.4931431169562,65.4273382693743,70.2542648099716,77.7691048169453,63.7208822521593,66.1840209339152,64.1911046171761,-0.994775102122844,-1.44431843181576,64.9092795435696,33.3614896800479,54.7941512731078,49.4907058569585,-0.964419696129028,66.1008685245953,71.6750086563183,65.552795833662,63.3110315063154,44.2297504282651,-0.991705132346453,-0.950908401695074
,67,62.7967160459737,63.9971537440885,68.4099761973447,36.1421937194593,44.3302890864596,58.727229381444,36.7379729362821,56.1626199253401,65.6689293651884,42.623986289338,63.1719595428722,19.6782471631738,61.8391479794426,65.4373547547453,62.8635972025183,60.4415923103412,60.3120175050691,62.9190235775262,71.1211596016343,67.8288160036424,60.8335644554051,21.6209888484714,62.7094605418202,68.830701639798,62.4552466760267,58.1685052958003,71.1828803594557,15.3513184739563,63.9366158952516,53.6084340047545,73.0282346471898,66.0106168021591,69.8203164798044,65.9849057294591,-1.19853581097351,-0.854862216614436,34.8524368288494,63.2070481895729,43.0410522915853,60.2466166955817,63.4240487237555,66.8141211474747,67.0768482130949,54.7165258415241,72.251920736672,3.64634718775983,-1.4066667482258,-1.17126534296688,63.8722792933072,69.5285938375546,63.1714378246566,27.5815969238228,36.2140073907375,71.4510766056528,69.3864740910783,74.365915614869,76.656174673959,56.1166565482787,-0.371213431310252,-1.25653282423463,65.0657412190519,41.5187925382561,66.6743472615043,47.4752239053914,75.4830470401508,57.6545588341459,65.8757263231938,75.440729219353,68.8062209536977,44.692419409475,-0.53778325273521,-0.949526102537504,61.5092438058898,43.1146392002772,66.5690112662254,49.9437688583888,64.8514760483573,69.79684578903,78.2186346470691,64.0231073649023,66.0065774443892,64.3970047702511,-1.27830100128682,-1.44119021020146,63.3968582150238,32.7288772772619,54.4885387051785,50.0860057004099,-1.0017167801555,65.3366471883885,71.6425389602662,65.5966187312242,63.9711172521884,44.8542950139012,-1.16847391109104,-0.751730505240801
,67.5,61.1091047185655,63.6977550338821,68.7765165238297,36.6564449026466,44.5312781250669,58.9789178165684,36.5847260097396,56.0153476234422,65.0591746064796,43.1586601495824,62.9410739757351,19.3353682255271,60.5403429023986,65.6993917649093,62.8900168713202,59.9910399764084,60.4809834316786,62.5722000159133,70.1657829385542,68.2831861183788,60.7301428912559,21.7808260354867,63.0163080806076,67.6724107890821,60.0533957467189,57.7635583837789,71.0912594704142,15.094987854448,63.4933043317706,54.806691708864,73.5884318482133,67.2143535984325,69.5042123401635,66.3472765700948,-0.99289262324902,-0.397686813861696,34.3912121489028,64.0742337566602,43.7129639870894,60.0485623336368,62.6359774057025,65.7447596589448,67.0254424239188,54.5641279434898,73.2978994870256,3.29474451708325,-1.64750304219001,-0.967346676746445,61.81851688753,70.210178041428,63.0401849132918,27.7920015516644,36.5671822325015,71.7719750363106,69.5087560400215,74.4229818977979,75.3101371403927,56.2560674950315,-0.757027177830878,-1.38161646813336,63.1033717386033,41.2658530994979,66.2568126772414,47.6602709439694,75.8533253814246,58.3943584114782,65.4529430150495,74.8673571501794,68.9973366090719,45.0858858398046,-0.725922848505206,-0.706075474577517,59.3517411073121,42.7691103958625,66.8085471226722,49.5916048956435,63.9206195777455,69.4556415058489,77.9857188820808,63.2239577728807,66.7981168042094,64.9566896796114,-1.13143661541051,-1.18063658040188,61.3998158698441,32.6935271908206,54.3063890160199,50.3418907626508,-0.812359453206511,64.8700678719854,71.4745057993293,65.4581231067797,64.7683325960769,45.3130077476502,-1.10502066307987,-0.184645398031648
,68,59.8383038395448,63.3626353768901,68.9751054471309,37.2631616113187,44.9573868293078,59.165438508555,36.679556795779,56.2326452960426,64.6940871931126,43.5579794516921,62.8139957807556,18.9539778174551,59.6654356354057,65.6589318594447,63.0216818322358,60.955336175901,60.5033529465987,61.5732665659493,69.5724298774157,68.2855617942961,61.1524493186375,21.6161320247134,62.8132224232144,67.0052008103402,58.0945525215764,57.7462132673345,70.7741262260007,14.8386168243752,63.2630587048003,56.2331964763584,74.1101490516393,68.2958307491638,69.635806833492,66.3634750395114,-1.15422420071309,-0.549787324389683,33.9566776189129,64.3026095928745,44.1908393671489,60.291912638461,61.5926111448952,64.4068967117244,67.2237718383534,54.8189436399855,73.8045888274827,2.8159167892768,-1.20463208340044,-0.956579433396541,60.1834991539741,70.0401770318041,62.2621033066458,28.0582404256014,37.1372311562953,71.6439437049683,69.3725730315654,74.751334313345,73.8103174283503,56.3025587404259,-1.22614031851668,-1.23755818947888,61.1187307261787,41.825959267112,65.7083044627286,47.7227232798052,76.1142269256735,58.9395702790213,64.5958745962924,74.7803085279991,69.3480418809163,44.993325732601,-0.861602677180827,-0.69508188396145,57.4735551130253,42.9853114689305,66.8017870030641,48.7129262626916,63.0967740245355,69.5112725291253,77.433542487651,61.841301740663,67.4358568787887,65.2661287287785,-0.993020161615107,-0.905883235624572,59.6725077243497,32.5225149196623,54.4209793183057,50.7280034982372,-0.778408274269964,64.6277509580362,71.3548752719523,65.3696031403291,64.8048664265094,45.585685090576,-1.15267932329738,-0.346219260346231
,68.5,58.9854339459041,62.737907365932,69.6884097949588,38.275442741754,44.7507315176643,58.3515890788573,36.5086747862802,56.3656321059123,64.5824899030131,44.0858526998999,63.1536594367891,18.8274936343057,58.7810170159779,64.9097884096793,63.0458650191736,62.7049896335278,60.098471931591,60.6714806476629,69.7788443174031,68.3688732328043,61.7995532845837,22.1734601275308,62.8763499697616,66.4162225842009,57.0019870564121,58.1399169347675,70.7009181254567,14.5353053556851,63.0219078265737,57.3083819021872,74.3802510850198,68.7941103628968,70.1238585738597,66.4916144511128,-1.02615492753387,-0.621289828010788,33.4504605666992,64.5747371814398,44.3640254619145,60.8504891453217,60.7588487376136,63.2449169007594,67.0329999590641,54.6532576742075,73.3248422228135,2.97803465996384,-1.0518887435635,-1.27724141947562,59.265996599065,70.204063861599,61.9993210934443,28.1933244205479,37.64010664212,71.5043956866402,70.2799642472943,75.0911286605404,73.4150835468514,55.7861145283136,-1.56741114813747,-1.40893970959144,59.9815427731025,42.5412866633882,65.066225393851,47.9139046653349,76.2689991954001,59.306308141651,64.2643065316585,74.653490859263,69.638685076631,44.8574039003411,-1.00113511458028,-0.868887319945031,56.6710862535371,43.5383399046575,66.875789274443,48.3362845477183,62.2499216676587,68.7951923800732,77.0101291973015,61.2804693709587,67.9409291328975,65.6665809340353,-1.3554211280362,-0.893839478478299,58.8411324972833,31.9148116658513,54.9021980630599,51.1695748663458,-1.27909827572995,63.7140012200421,71.2079784254536,65.5572258988959,64.620483036128,45.5380058844935,-1.03560755094151,-0.913620107946201
,69,58.6226620374296,62.7857840209434,69.8438808083612,39.6732366228025,45.1117499937753,57.7485768842931,36.2527793464189,56.4063779291895,65.0989222274061,45.1713959934046,63.3890258855731,18.1409113005193,58.6009853475442,64.7196216806627,63.2150951313707,64.0855507018983,60.1237042337801,60.0262166896446,69.9301389032408,68.6319648912634,62.3470446610116,22.3539801338782,62.9026055403998,66.3394004253147,57.0860835550149,58.1879791685799,70.79621935667,14.1527630146929,62.7715520710891,57.9301718328848,74.3024934417062,68.7910420008578,69.7193754789735,66.3985597867683,-0.590804302554091,-0.750735190163027,33.8747099552702,65.2977709686304,44.948223630503,61.1382936014354,60.5521179042291,62.1831193342151,66.4546657082395,54.3741949591637,73.1229296247866,2.85365340599697,-1.31165356311635,-1.07435774798154,59.4179437781311,71.5542834117038,62.0388743378581,28.8694216269618,38.1100676599069,72.0910149544198,71.2035363531058,75.2326792437871,73.6676141719744,54.9132640756837,-1.65597739267133,-1.43120619922325,60.0633137192553,42.8236543496596,64.671331029101,47.7578231624934,76.9169485103002,60.1052521617045,64.2213703514192,74.1782026614592,69.8178544453774,45.0390551767399,-1.35726441956484,-1.13366807507674,56.3530425196658,43.4591121733658,66.6352394497759,48.2508528551572,61.3992860294421,68.1353747318724,76.3725093516329,60.5748214123448,69.6947763113084,66.1147953277734,-1.6117639948551,-0.956824501996948,58.6316669610022,31.5058801261155,55.2119131584838,51.1136849844299,-1.1354315038443,63.1500411348297,70.5685093464896,65.9401920524632,64.6031370467234,45.4949175760884,-0.95355263794147,-1.07932443485089
,69.5,59.2679057770166,62.9722122179852,69.1130233987241,41.1135907445703,45.7597341965951,57.7536495487832,36.630628479913,56.3744176025916,65.5415787768625,45.9614638475708,63.3646752603252,17.3685056952389,59.2593204776731,64.9446152220676,63.7735899403305,65.3784891326146,60.0258672045861,59.483738481929,69.7985595265246,68.8986731823783,62.3877574939697,22.1366766121018,62.4563574462986,67.0417360259377,57.9623282658208,58.4539049976652,70.6028212662474,14.2380999486788,62.436318974662,58.4600472174393,74.1107858978717,68.3016620463395,68.9895166264091,66.1630775170065,-0.654731135855229,-1.3746410166122,35.4917716962499,65.6051226806422,45.9076155642874,61.3242567942011,60.4302187473321,61.593483646103,65.9509201040036,54.4154481758677,72.9135938652126,2.42353065464141,-1.31537313647715,-0.760987726895166,60.5677215007153,71.9318795403307,61.4967751149687,29.7984639714,38.4990645350688,72.4363478248234,71.2250246660866,75.0846426951396,73.7284291043135,54.8619573735161,-1.69646220006837,-1.15844691487274,60.5585391940003,43.6169978891373,64.4313594442491,47.7124166720765,77.4997923440078,60.5980546397432,63.6370687269801,74.1943300449293,70.1026495781417,44.8961657838678,-1.75504881061676,-1.01261674690153,56.5759863515667,43.3588812818007,66.0534131797276,47.9408464528268,60.9686137889271,67.9505738319015,75.7982403093104,59.3623363361531,71.2240887811319,65.9660114250376,-1.38287927493906,-1.039779166865,59.2293955370637,31.0413236496619,55.0990305989287,50.8323962926142,-0.490323907269158,62.6342647815625,69.7612736947935,66.2761582174809,64.0450171217412,45.1659960711746,-0.993165941582276,-1.09609954896411
,70,60.3730797363763,62.7021397895376,68.5823698241462,41.9968165639527,45.5254070401088,57.4307197296827,37.0139202565034,56.4355420728987,65.4462480914547,46.5054654841183,63.0360577290511,16.9073760288048,59.9486615914556,64.6606086690073,64.1040242983676,66.1939238647007,58.9765947871482,59.4537650363516,70.3248665907706,68.8762956806144,62.5075651972637,22.3459465563452,62.1800988744285,67.9823627507315,59.6253630851297,59.2479023931063,70.5297050100908,14.381717795923,62.5543177881149,58.3789484704714,73.8076464713632,67.7819096602551,69.184783154219,66.535763754208,-1.10808063614496,-1.70713058142758,37.2710777002678,65.4228031398014,46.9847085413952,61.1886845259634,60.4266176065451,61.7687583299968,65.9563607053871,54.6691360757488,72.1346833451712,2.50468888840618,-1.15971712460203,-1.03516740835823,62.1957692917318,71.5588264397743,60.8113986767679,30.3321295552984,38.8675593067487,72.4654905515058,71.3496917712113,74.5448763784306,74.0674120827988,54.9302598161892,-1.81251896227207,-1.13408766358032,61.7325122707355,44.4421594359081,64.1992311284562,47.4701545026509,77.710169106169,60.5256033744283,63.5261642651764,74.3489741203445,70.1224406904815,44.2952423887979,-1.74641496042108,-0.975490838191661,58.1568356456856,44.0058799591701,66.1506243482298,47.8975037778574,60.6837586211398,67.3744311663833,75.8859417359857,59.3618571484781,71.2930166944082,65.3714706645927,-1.33303470176173,-1.32362040310562,60.6204251205733,30.4069959034727,55.2729065207673,50.7380253794131,-0.730399595372148,61.3855334354149,69.4356174007489,66.7399114433724,63.3268231617244,44.5929667475395,-1.19309644386971,-1.31005860412995
,70.5,61.2472942744008,62.8203797268012,68.2350108069414,42.6840268737478,45.3380641152246,56.7714561107376,36.7666090401145,56.5643826485309,65.6895170840538,47.129930650967,62.7152408547834,16.0295801366782,60.7473237993877,64.6750453204551,64.3287523660155,65.9377766425649,57.8796780600564,59.8243834220053,70.7335258929385,68.8959822420713,62.34106446135,22.7953278111242,62.141149556927,68.6260788575073,60.6278047007926,59.9420264663446,70.8983482300174,14.0811966055532,62.3350515900391,57.421736325239,73.3107927588187,67.4082426134544,69.1220702921657,66.8591320197258,-1.20446292950993,-1.73904500983753,38.599637310603,65.7091951877112,48.3905833252684,60.6992886792748,60.9372610929788,62.221010553009,65.7739846026673,54.6837042307895,71.4669055310081,2.62097659282978,-1.32289130687377,-1.11882838420286,63.9845104664481,72.3294614471733,60.5974814460004,30.9230894794282,39.1701525099704,72.7921535944052,71.5081107231458,73.8065065401543,74.9432506957519,54.7870409234383,-1.71068164984007,-1.12634279795367,63.4320222088919,44.6380217683721,64.0330501441144,46.864646057332,78.0266391574766,60.3059263153997,63.8554048982636,74.3393217579835,69.8666970464715,43.9662139168847,-1.80494687063816,-1.11201783519311,60.2474831740149,44.2803799163352,66.0511887326111,47.9870211083985,60.6852991916045,66.9919090054916,75.9889188946225,60.3342923031145,71.8242133676054,64.9434420262548,-1.3244635494753,-1.6134165858611,62.2822568719995,29.897477719725,55.7232537354943,50.0868750340497,-1.03964168145887,60.6286391517158,69.11997264224,67.008053787057,62.677290314463,44.5560363437277,-1.36251854557685,-1.11694302118087
,71,61.992924899014,63.1210855489497,67.6683441556776,43.2726993807604,45.4128580348272,56.856159781338,36.3882295164771,56.7227456063673,65.8639947321004,47.277138431794,62.2253742234457,15.3923293823449,62.0570339441257,64.8766089291466,64.1445912757691,65.6963942047367,57.3303336212657,60.0362306152073,70.4510567264845,69.0595245781981,61.5160505731154,22.7994831794639,61.602554220123,69.6982108440125,60.4964846069629,60.7482575863421,71.0063359637878,14.0385866062148,61.5053621009371,56.8012617038461,72.777862855042,67.3637327797517,68.1059878026215,66.4611548675214,-1.19962126295997,-2.03897237156673,39.4917718536146,66.0614959384834,49.9343173318113,60.1482405666834,61.3969603569234,62.452020323013,65.4820487503379,54.6537760828772,71.2844228485523,2.6251454866096,-1.23263684139812,-0.979703235325189,65.6287682583422,72.5787984388813,60.3156354153506,31.649875355702,39.3044888296172,73.0224139436665,71.130948028749,73.6748767509531,75.8058463325559,55.0005646493034,-1.32829682826866,-0.59939442253642,64.4113250781955,44.3629776326979,63.5814523952828,46.6057468954509,78.4850957356696,59.9808046073877,63.5287165747543,74.1757048286862,69.8294983118232,43.855892327006,-1.78810347154928,-0.951413077028406,61.6910480836184,44.0079019428358,65.6097237608471,48.1186811140036,61.2511701236029,67.1259895698543,76.1849221544016,60.8282521624386,72.565653527505,64.1808772284087,-0.979403346658614,-1.70004801933948,64.041583357283,29.5737207667317,55.3578299463825,49.435595302353,-0.813895997832617,60.7133680988103,68.6658582349072,66.7718060962669,61.9403174438186,44.5039800539959,-1.46353600553891,-0.809168904858893
,71.5,62.6508734275757,62.8678267809589,67.5863033739967,43.4953452428093,44.5905164847708,57.0697642918562,36.3603425957718,57.0900552569664,64.9444251094842,47.1620032288835,61.715824518575,15.5193867818891,62.7385410559002,64.794561303456,63.1474229409948,65.845829014648,56.5972456390058,59.9358444980711,70.3144629115299,68.8035799911543,61.1622091311885,22.7301079582691,61.2061302714254,71.0512098614906,60.0547483296241,62.076572413425,70.7331376946612,14.1944328240414,61.1749692980403,57.1247101082739,72.419708928343,67.2940278776479,67.8901513583456,66.4672568933341,-1.53075417206003,-2.04820337445,39.7632226444729,66.0663038464934,51.3550379242521,59.5333201753917,61.4712509682962,62.3438242015641,65.5941836943681,55.1836379708026,71.0867594581127,2.90547826789253,-0.966916420557936,-1.25619391324773,66.6775617505836,71.8405632471377,60.1216705631754,32.2562684617827,39.2825947607105,72.7909882279417,70.7811102452215,73.163240206553,75.7621615809792,55.2450155289609,-1.31056541369486,-0.289442287345366,64.9987769723396,44.3425259160881,62.6328429530874,46.6118078799237,78.4973795318309,59.7239144760939,63.0772807812519,73.43348518082,69.8263017596906,43.6246037139001,-1.69812460942404,-0.858006978044273,62.948864324699,43.9693033132385,64.8989123344084,48.3504683929972,61.9008617697376,66.7388955687517,75.7242320122209,61.317872725994,72.3399330095057,63.5082685037855,-0.833380908864285,-1.39880872843389,65.3932101184525,29.5006357192829,54.9135410275634,49.3828504288073,-1.10793141679255,60.2105415821154,68.6129925151015,66.3102771693547,61.5874189708334,44.2124755587487,-1.38957716372164,-1.02933465603923
,72,62.8324148566098,62.8401121808913,67.6748664916628,43.486340122185,43.6003274937931,56.7576906209844,36.1267814017127,57.7455851154385,64.001087950669,47.4322787802188,61.2341608210555,15.3213732862357,62.5608168358718,64.6461409364445,62.1201759695979,65.6604263635877,56.7912017823722,59.5340628339985,70.7055226311201,68.5801445358237,61.4534712223702,23.0300407800117,61.1483348391261,71.9845911918495,59.5037015974031,63.7986548575371,70.5468123290773,13.8859672379324,60.9781605528535,57.5096947383155,72.1518238627577,66.8119053324067,68.4577174878959,66.1796990783581,-1.43603063076563,-1.5117324335651,39.1660621581649,66.5876115560527,52.8642862237544,59.3118896552108,61.6219136799717,62.0427610891956,65.8722778677666,55.5494753120893,71.0173678275816,3.15125328581263,-0.652873664875756,-1.28566796032953,67.2160351506176,72.1324123870971,60.2791735210886,32.819689010534,39.5071285680469,72.4037468209885,70.9484410650423,72.4681601567436,76.1760190667844,54.7461276283859,-1.15820833208096,-0.553319132353522,66.0392814822861,44.4085447345387,61.8728561761666,46.378114877092,78.2405496918012,59.9137242416328,63.0237602093165,72.3535844402811,70.0933060388212,43.310614290908,-1.58964784172383,-1.44884921361989,63.9425140238411,44.0381783016506,64.3220982666725,48.4707080273643,62.1880072159947,66.4518194709322,74.8071992494698,62.4519169216121,72.3173079913129,63.7425552462498,-0.987839905673241,-1.10672049469878,66.2333814958887,29.0612551400638,55.0354984930257,49.5010158722409,-1.69349546964901,59.3823863466446,68.5892180709501,65.9085017159136,61.2575664450156,44.0655629015605,-1.23336863268611,-1.35284391110292
,72.5,63.1278937428873,62.9909095047668,67.7896295028509,43.9149707067261,43.5080263333148,56.1077801428506,35.7009753870119,58.5578274609693,63.6279892670997,47.6323971157278,60.9967299193517,14.789288499932,63.0554222704361,64.5794490733588,61.1533898608693,65.246447048979,58.533467789299,58.864144143838,70.647952937187,68.8599292776388,61.1348547409417,23.3643394396012,61.1198805357059,73.1656414378211,58.4631964432484,65.7489589804813,70.0149174548625,13.7783492526036,60.1912978334728,57.880947343609,71.8482972151563,66.1760591364377,68.5455146371999,64.890263346514,-1.10017852820567,-1.44597950300346,38.3753566045358,67.6667849937719,53.7575672241501,59.4245466951587,61.6862715437582,61.4507507919542,65.8512675735881,55.2621003643517,70.9147363321935,3.09469255900211,-0.564393248080933,-1.11424398013895,67.6815538387232,72.665740419375,61.0071129410481,33.5415003311921,39.4496651834191,71.8367026940374,71.0977963757103,72.8124673984005,77.0951795014817,54.3566784780668,-0.534835719161322,-0.682674699816857,66.3867291949749,44.1460707661687,61.4963956358415,46.1753890960533,77.8197595732636,59.7737674749544,62.1553009142888,71.7711369158311,70.7087097570435,43.5211427655214,-1.19064353930884,-1.67475434738338,63.7185695792214,43.2988264474765,63.3573854423061,48.906936646428,62.3446395197128,66.618812161494,73.6788812660241,63.2444930843509,72.5696966380561,63.7893697200594,-0.844335870231987,-1.19806000723923,66.9776320352669,28.4975617275722,54.8215042347539,49.5595675614635,-1.54788434813008,59.1844123105592,68.349132028,65.889806749954,60.923598714149,44.0559587194189,-0.923735283032613,-1.6484322853766
,73,63.4778763822634,62.8814616868917,68.0647219501813,44.639650478753,43.4090007013936,55.6483024721729,35.3859622241106,59.6807148824786,63.2682519926931,47.8938496726938,60.8922247668755,15.0015038163178,63.2105710942353,64.6621301420581,60.1330162759363,65.3029525079138,60.4566467153801,58.2233329236394,70.481257151798,68.8705501428044,60.9601930378885,23.1837135406441,60.7481206339844,75.6028815621909,59.0087413463675,68.2420484903082,69.2225454491031,14.4839092242605,59.9373850511286,58.5009492178511,71.7099581584081,65.6062391748153,68.8313376747525,63.9988218676118,-1.29029755874325,-1.65234649272122,37.9547417548104,68.1629673596981,54.5792254834003,59.4787399789965,61.4334413495193,60.7127530805942,65.5514712746107,55.1640163064312,70.7649184168406,2.76196506687023,-0.823743591618268,-1.31222245412761,68.028196112644,72.3547278530373,61.8666862851554,34.6367970301984,39.219899077165,71.1601324395119,70.8632111323052,73.3638955420304,77.6888331964699,53.9905170492406,-0.233511576484204,-0.946356797431406,66.1895893019331,43.5343574233349,61.0816993201512,46.0518869912548,77.5485586186235,59.3454226296193,61.2108249006694,71.4042476647712,71.2025575707455,43.9940228208699,-0.818131492051691,-1.24430525457035,63.4843790973385,42.7145176547016,62.8436137238363,49.4757269064803,62.2405718891555,66.2757159992198,72.6628837387999,63.5082371445328,72.2368416885257,63.454394431891,-0.753917613105898,-0.873590061790651,67.5657184753815,28.1763515130344,54.2463330126907,50.0293647805972,-1.30924264534315,58.4120434155554,68.3150781086807,66.2238848196557,61.1896702145422,43.4085702096399,-0.787353162469742,-1.86176588696441
,73.5,63.7774524620773,62.7483972217792,67.8203489695811,44.9798456476686,43.3103171858696,55.298680499034,35.3375165681077,61.1622028424297,62.7169638815037,48.6412314469013,60.8533573512854,15.2774733323531,61.6196735169256,64.7928153909894,59.7329836113631,65.1943882505227,62.2111830976583,57.475611988893,70.5386773603916,68.4603747801904,61.3085097777492,22.9021539417427,60.5182065502557,79.1386360482874,61.3833268119322,71.1753522107774,68.2991862642572,14.9250910459939,60.1466019866436,58.5729937258303,71.6138531829149,64.8382482015394,70.007874247295,63.6739079385752,-1.49950700656228,-1.38973590603865,37.8399105330134,68.3513406441677,55.9377717694314,59.2141427358591,60.8991406129071,59.9625796908847,65.1662180005731,55.5355572566696,70.8088634720033,2.49159907666012,-1.10720259512846,-1.26864161086144,67.7785687677656,72.4261282250803,61.8833782262687,36.4333044317166,39.5191197324835,70.3448234471729,70.455450899,72.9343970936484,77.9178574645185,53.3528016494765,-0.0890315636823971,-1.54167325133506,66.6191604400933,43.3150754686631,60.8255457804033,45.3745391753115,76.9114124469348,59.2880784718159,60.9987511514506,70.9334876582909,71.2489169424321,43.9053835297007,-0.655625257942859,-1.13182273385394,62.8844184947457,42.7421989150588,62.9784745773308,49.34860743245,62.0576433829327,65.5157373907388,71.6266709233768,63.7998705223297,71.8022090016226,63.5631807580722,-0.924982429073054,-0.810511108604999,67.5374926842742,27.5785519962037,54.1363097261381,50.4884442522904,-1.28079451304586,57.2179017642259,68.2001418714411,66.7412144925236,61.4365816753038,42.7709730341631,-1.10406099203391,-2.00714946736059
,74,63.9499514054311,62.536815472013,67.0078545667191,45.2947399812927,43.3560195191609,54.7049054004676,35.0561533432855,62.6379410493374,62.2732036425374,49.0909863412636,60.9102196750468,15.2076551734395,60.1288460536445,64.3787234712993,60.0135687430619,64.7052028968108,63.9870287743103,56.9147512028451,70.3760121025979,68.4931198334153,60.7159644636387,22.8606966623111,60.789729261147,83.5616442101892,63.6594676429655,74.0653329209521,67.2845199533145,15.4376220747372,59.6877573735745,58.0259595151041,71.2185413749052,64.3733836919243,71.0077317504037,62.7440219947806,-1.28746198310421,-1.14006306398852,37.9325123607805,69.6942911643599,57.6593940415667,59.2893158379934,60.644262504977,59.5292577702928,64.8262308786648,55.9274870781383,70.5734237342739,2.29666337244225,-1.32967686648283,-0.936239451683662,67.3038153975447,72.9064432221054,61.8723676810409,38.4655601962254,39.5977848446341,69.487613177406,69.9403055428907,72.6191942131844,78.3905809632478,52.9224159243427,-0.106535988085341,-2.16785358273563,66.2768558758919,43.373867279764,60.9491085005973,44.707433979319,76.3141612200919,58.9328087723725,60.5580037498976,71.1900092650499,71.0960505725274,43.4947975980771,-0.528743411276196,-1.21357065895711,62.0963184143588,42.9333875406332,63.1464303703356,48.9324836279052,61.8265093894364,65.2049150194428,71.3059832081592,64.2009263001373,71.4140843484289,63.5385640941175,-0.727836329830382,-1.3939324991685,67.5158167051457,26.5649021156509,54.361598349581,50.2307477220619,-1.16983361251783,56.841126417978,68.0226439246542,67.5882236650885,61.0476505758255,42.4680650146796,-0.933117956265335,-1.64722619451919
,74.5,63.6770967600053,62.2701101242544,66.7204607074522,46.1892470939565,43.4283539837156,54.7480054382949,34.3287987461408,63.8636426612507,62.1669972442452,49.1360924171801,61.0696658393852,15.908161590049,58.9917835190869,63.890460754035,59.9592348813558,64.4269991382661,64.6346531084585,56.2925051953032,69.9504381792631,68.5870341387746,59.7625324038152,22.6057654599571,60.7355286064859,89.4584607773055,65.6443738885239,76.6463571141622,66.1399786951997,16.7448600066832,59.340656646526,57.4213151311873,70.5482510541037,64.3887104132104,71.3596097243191,62.1402415924219,-1.46273392556606,-1.2531104770016,37.835712287491,70.969224091878,59.2920684778223,59.1470887813338,60.8802501761264,59.1548024137024,64.2311791726669,56.4286767024313,70.0769492464549,2.0728324911035,-1.7160262652356,-1.16242665881163,66.7500071964815,73.0890135162085,61.9263673887963,40.6177054130185,39.1373701574203,69.1259354282683,68.9659325304493,72.5091174606556,78.3611468093131,52.5696309347204,-0.556495767672857,-2.22422990172561,64.8367923884019,43.2385824684375,60.8930726702771,44.2017281287461,76.1179199958671,58.1141020492718,60.5364823647295,71.7970264512173,70.4366431466244,43.4367374340781,-0.486580168866226,-1.06029989462894,62.0429238659291,43.4527812168449,63.305366102986,48.6147684625012,61.8042494065538,64.8787681679552,71.2465772354043,64.4447217768035,70.8065034110072,62.6024424497829,-0.593590350933312,-1.59324288739498,67.6351035939826,26.2030657362316,54.3613471892749,49.8761017658727,-0.93046184358883,57.2620278710373,67.8449150272025,68.4270610371681,61.0183406686836,42.1292745562833,-0.588861246627516,-1.00660686444041
,75,63.0882638007049,62.0105641579479,66.5975346646077,47.0921857821114,43.2816179137999,55.4555246538637,34.0534999619634,64.7757508959978,61.92576265717,49.0761100203248,61.3083049838922,17.4277615047588,56.4239297645286,63.4003813462427,60.1489561152573,64.7425090260714,64.2535901418706,55.5629781016428,69.4234072513087,68.1046128238365,59.5972667130626,22.4875752789137,60.1500350084967,96.3813413801338,67.0853381183723,78.8477333238072,65.4323390258678,17.8598344411128,59.325309446373,56.7865412022356,70.1728577744974,64.3392236558269,71.3136464044533,62.5999601686125,-2.03265368274589,-1.11868916795578,37.4587763876597,71.241860006184,60.8831317768297,58.710274305592,60.7666407551241,59.0544876047483,63.2437808600256,57.0287042684885,69.5902700691736,1.96938650201383,-1.77427104124655,-1.32301305485487,65.4865023616759,73.3957369317753,61.1461816551484,43.77882663781,38.8942221745016,68.6682596479454,68.4693548351138,71.6319761601081,78.0412790281283,52.07834160243,-1.15717070207171,-1.92827262039697,64.0002915098852,43.6113835801946,60.6005693421764,43.8020109071419,75.9099911255337,57.713012571179,61.0609450031087,71.4907632374553,69.227125677359,43.1086563282121,-0.845722774295439,-1.11429300967518,61.9472302043245,44.3900828245074,63.6005362064192,48.1784862885232,61.860089105528,64.1801008944682,71.0940382368169,64.5726672716644,70.5035575515936,61.8216359825637,-1.19714865603049,-1.42332248568994,67.3836657484889,26.3222672797758,53.9947142565997,49.6266740594899,-1.03900872037889,57.7525129038545,67.0685951295424,68.2633042677859,61.2310910689791,41.9464975897264,-0.898223104590954,-0.49849789426645
,75.5,62.459172446713,61.4719228531585,66.2029315717353,47.4231912655425,43.3851507869779,56.3705176196953,34.4593286500154,64.9186312318362,61.567921555089,48.7888811815534,61.430218796517,19.0857962082014,54.7389299331736,62.5910903133929,60.5378119322753,65.1363995674907,64.0314583171096,55.3255748030418,68.9993686797444,67.8325608998001,58.7612821484482,22.7473606120587,60.0910154517476,103.011767577768,67.60068639944,79.8159522473065,64.9860933340129,18.7683615686386,59.1546503313922,56.5788380380377,69.6278543197888,64.0746635768714,71.1300058275745,62.5857146136017,-1.80112581082506,-0.646147310641993,36.7805336814225,71.4312582385151,62.1031490986614,58.5990511778716,60.7196688643676,59.0244395345911,62.5986574417088,57.4495060968486,68.9434172879254,2.14465529287071,-1.23325897978509,-0.978423470291204,63.8895481328316,73.6523501802338,59.9587459514886,47.2183379487443,38.6408501183695,68.1745684777553,68.5897356649836,70.2513063152235,77.3551001109873,51.9602702639675,-1.44805172522786,-1.51103648011627,63.0815994303113,44.4138898354863,60.3045733310212,44.1178082089507,75.2854656960054,58.1232131867881,61.3949914231262,70.5792666786726,68.5653634687909,42.2195964904346,-1.07298596830958,-1.54372298972913,61.1430229599525,44.9366619806981,63.4764042932633,47.8007129013649,62.0697515114556,63.8870768131962,70.8190592200842,64.7471108588995,70.2745599416689,61.281827189568,-1.67020661534121,-1.6043364981287,66.8001064902791,26.4307234150936,53.3630735821606,49.0445945218985,-1.24954945716581,58.6762128778211,66.3492054998404,67.7415026514656,60.6628899038276,42.1289430259949,-1.08125101763574,-0.659205050678281
,76,62.1642864801747,61.1913988919367,66.4083650600745,48.0628036970929,43.7177267601714,57.3798475240233,34.6252185826131,64.0300721023146,61.3660499141761,48.2492784922064,61.787806009417,21.2645619825619,55.7683780409814,62.1062974873591,60.1529876930562,65.1144217717642,63.6873766199855,55.604514445601,68.8683108033285,68.1996357982638,57.5272050344799,23.1104727646745,60.5488882474104,108.824724293898,66.7298621259415,79.3835490812211,64.5699451380971,19.9693889219533,59.5668686237353,56.9172759734807,68.9769635681897,63.9196029212077,70.9481445072153,62.2605828697484,-1.61508454115261,-0.838174289847018,35.7512039489764,71.7873693556758,62.5622802213501,58.6122557536283,61.3023967640228,59.3790204330636,62.413333022384,57.4995943121887,68.3318330656904,2.25224404512466,-0.887633814613594,-0.981502131949526,62.832201171488,73.5725084646446,59.351492254713,50.0090189178957,38.2527948450576,68.388568295588,69.0430720623126,69.4482204539063,76.3116558892141,52.239788437712,-1.8049760954903,-1.44583097170897,61.4928468059273,45.0471806601754,59.9603230791149,44.2818867314197,74.9615489427459,58.5117494627146,62.0733386217772,70.1282499080337,68.5220870455917,41.7139323872282,-1.31849159867568,-1.57400038256088,61.382262969028,45.2559311494744,62.7986452004201,47.8769994547829,62.1212137543589,63.9692088088344,70.026873101153,65.0676815809342,69.7939962417238,60.6398781000153,-1.66791380859814,-1.32615207710438,66.1361031801065,27.5054928661474,52.8033248304439,48.4575158071232,-1.22831899967218,59.8917544181982,66.1226064521582,67.2534079444754,60.0306929911409,42.0642276109314,-0.752604960259134,-0.907954152121818
,76.5,61.2483966472283,60.9651111528002,67.4241497211332,49.1054568428192,44.1264152914166,58.6535630578351,34.6218853496164,62.5058563203415,61.351795940802,47.8749762829582,62.0055890502681,23.5653361352032,56.9428962150236,62.0651299048499,59.3208610271076,64.8247598948052,63.2808805864648,56.1154209267938,68.9254155378425,68.4412929617899,57.1333128466479,23.4778549758828,60.0216086030586,114.158639541794,65.4359296013552,78.3464716404512,64.5471939033262,20.9544085608506,60.467774647823,57.3876842319012,68.6150818288301,63.3471770913285,71.2347194564331,62.4969108160686,-2.00151470201001,-1.17980366362764,34.6569520883165,70.5804695649596,62.2337428323093,58.2120456326978,61.5134434355596,59.8633819496278,62.0794897935442,57.2641345474195,68.1767374780248,2.1318878613975,-0.60722850927084,-1.13975099408884,61.632937791508,73.3818084104798,58.5006609043681,52.4211219715035,38.4542098103351,68.6185444904946,70.4941574351235,68.8822159481231,75.3266558664399,52.5228465605617,-1.9497273360638,-1.32876431743222,60.8224558362807,45.4519866309695,59.5761215287199,43.9006640369647,74.6895576320447,59.0773351434223,63.1103559055977,69.7754695318117,68.3034897821608,41.4391055809256,-1.51134956942843,-1.2778358004565,61.630641171108,45.8066853666226,62.281112039405,47.8531427545724,62.0177516098511,64.090266163897,69.0791354974853,65.3796338468626,69.4954277030408,60.1392035686462,-2.05124620780714,-0.924216692797359,65.3027838135356,29.5504008450503,52.054863105825,48.4611966388167,-1.21886111932582,60.8978611202617,65.1776014212355,65.9451472441256,59.8328604552823,41.5990556447042,-1.07942264360548,-1.18372561336702
,77,60.4118665346864,60.2753836387832,68.1476708372043,49.4400527275171,44.5355981110345,60.0392194138414,35.1350757208163,60.6416213185285,61.1357321005198,47.8258954911859,61.6893655400552,25.0036640780248,58.0027256065442,61.6056328552083,58.9961137184075,64.5915706034692,63.6270921559444,57.233911068561,69.1524130686346,68.1703586332731,56.9871148904092,23.6671985175801,59.7838722770741,120.120113443261,64.3210182604759,76.7358317672365,64.6612028616379,21.146519326005,61.3157400343024,58.3222434315293,68.4328457467529,62.7129859110125,72.2390627030204,62.4655463697461,-1.66236676952991,-1.09157215424796,34.0004699111282,68.7552177341183,61.7163524311324,57.4217575079271,61.4543492463141,60.5635692513191,62.2218607240012,56.6773707686167,68.047099375485,2.27369636567784,-0.452692066496297,-1.21215419342712,60.8126513214659,72.824736326938,57.5885129824202,54.3201748728983,38.7478596285602,68.4340868180514,72.8231014904477,68.4791262831194,74.3713725314919,53.1272194312965,-1.66746687562824,-0.962996739662742,61.005857563515,45.4188917411907,59.0663763205233,43.8450259221333,73.9774121136102,60.3948312011012,63.3415745844621,69.0418603587422,68.1918153730456,40.7684741348085,-1.37501692987126,-0.922462115005885,60.3543071567908,45.4663563645577,61.6110190755871,47.9271706304019,62.2450070883035,63.9539566481718,68.4237868546613,65.6277260881235,69.6604221018544,59.8199994241137,-2.25429413084879,-0.941689771868994,63.9350997764893,32.1752028544392,51.1078345629747,48.4589171391389,-1.50753614869063,61.4991975979411,64.2637578515893,64.7782737509074,59.7762566133983,41.7275675038065,-1.76438278612312,-1.4419840813228
,77.5,59.989475833823,59.8165011633531,68.225628075494,49.9025857155062,44.9368690499721,60.8840119841601,35.2242133082347,58.9607661444427,60.8876807373805,48.0462869395238,61.1565080312378,25.3382906699138,60.2219110887449,61.1941390534496,58.5186925245482,64.1851266574555,64.4360545450625,59.0857005211911,70.1717650276721,68.188926909657,57.1696753358259,23.5434463000552,60.5210280957293,130.160038618562,63.5796551585931,74.7385890634972,64.2798264199366,20.6315996553975,62.53707739946,59.4053538029534,68.5118367078115,62.5580719487255,73.8844698699266,61.5018417337973,-0.722600024281405,-1.34687089731148,33.3731518129497,67.8683584317998,61.5479655821686,56.8763117695783,62.3796524030578,61.0072449394469,62.7595109700667,55.9186965346742,68.6888119368067,3.100371153438,-0.70778477541802,-1.36845111941523,60.9022621812703,71.8006859644024,57.1455121827557,54.1391468643355,39.3500844812155,68.9091864201622,74.3775670221569,68.3206491584447,73.4967964465017,53.6326520052269,-1.25196995978621,-1.16617197496822,60.7286368313459,45.1052491863825,58.5381995207802,43.8133634076772,73.728052980447,62.160860726508,63.910134400572,68.9166787577053,68.6258257387904,39.9819531625745,-1.25043437409101,-0.573086617892216,59.8601911974333,44.8044989688959,61.0095575929532,47.8386772489652,62.8666334578427,64.1328059173899,67.9891279478627,65.9175994903552,70.2081223660844,59.7450435692595,-1.72917375670892,-0.971178984506082,62.4575220187733,35.9935043618232,50.7850437416225,48.0043182343036,-1.33802129649808,62.2172654873996,64.6277184409413,64.5728363974874,59.5973343150266,41.8920209062243,-1.78262182242071,-1.52746755673826
,78,59.6388004335773,59.8200452380903,68.3717552471668,51.2289683671778,44.970691559275,61.4150414190558,34.8349761259472,57.5803638102499,60.9120753341354,48.064762626892,60.6153919691354,24.373177928448,61.7421606749781,61.3591351566691,57.9188211308402,63.347173182844,64.9015519011691,60.8361212299722,71.2023606510836,68.076438979086,58.9844442777285,23.3766916115679,61.2465391665318,148.870379049011,62.8749277407258,73.7554423114539,63.6000168987881,19.5666904412361,63.880744907031,60.4762666795131,69.3521678018943,62.4973065798679,75.7023184931202,61.1255935085986,-0.476496015808891,-1.90542846017291,32.9674770196689,67.3206700118427,61.5293449658388,55.8588395227915,63.4018295340741,61.9711813273505,63.3096399459238,55.3492601456534,70.2048670241512,4.39019866227943,-1.09265457455041,-1.6024282247123,60.8904074141821,71.0770761366119,56.8613281680429,52.4416761394346,40.5585749720773,69.77482274125,75.4770389306674,68.486844325384,73.0874456458064,53.9977946907336,-1.06509299313404,-1.2192133163723,60.9749857112687,45.016056504212,58.067652812305,43.4270367332522,73.7788457290251,63.6101685850065,65.2146117576689,69.3358362036165,68.7221241341429,39.8687502543179,-1.39887464868167,-0.611842001717037,59.8716729982394,44.9826960527048,60.6629692672966,47.4408291687531,63.8235395149372,64.9605317811928,67.5696308664992,66.212642871944,71.4895113576389,59.9584888390199,-1.34696971608997,-1.27176599600591,61.3526120931349,42.5599574259494,51.1276402897475,48.0073962078926,-1.29250106680621,63.3968626478357,65.1632054671657,64.5897632676924,59.7571264287301,41.7775900673945,-1.89554428035098,-1.32404973912281
,78.5,59.1606349511025,59.3500394029589,68.5602400613894,52.2579495783491,44.9907550906612,62.2002744069188,35.1162769211527,56.5171361691607,60.9003506719998,48.019760601966,59.8835457628812,22.099726786002,62.0563655781953,61.1502954486633,58.2851518852267,63.2572253762797,65.9404691291778,62.0479877619255,71.8986609723916,67.242120605978,61.5627235782811,22.9105199508989,62.7745838065341,176.03153427886,62.7084941291281,74.2252123103286,63.2914770453647,17.8920943179136,65.095179590641,62.0550743725667,71.6253590998517,62.1575532472722,77.5458566317134,61.0095541386952,-0.328585669248298,-1.62253127248118,33.0865329568363,66.7747173167857,61.7395865501685,54.7252063192019,64.5193681065764,63.3306310128075,63.9973471431617,54.8734459971196,71.2808702390068,5.60522596282658,-1.44239563672176,-1.61353344484149,61.1655180396149,70.6595123579807,56.8910067853807,50.4670854335334,41.61944713976,70.9919467655171,76.5278095301093,68.6255914519601,73.6178554146165,54.4751290532162,-1.09931409473313,-0.885643987154651,61.6229075922392,44.8918441360378,57.4317621182273,43.9418338130612,73.792903638436,65.6888450207057,66.2939358306927,69.0299823130308,68.4668552346835,39.9029154942847,-1.6681823267798,-0.760415128713362,59.3002153904835,45.1064800301328,60.7360940293995,47.4058609418481,65.0861048078327,66.0982869912294,67.689234391109,66.1720569160963,73.3813104558268,60.0987171242992,-1.38692902749045,-1.74030543124803,60.8185049213611,51.6244704927241,51.6482234336157,48.4688952278033,-1.79992563712153,64.7038356334957,65.59594351038,64.7381432473786,60.7377759182356,42.4172393236652,-2.09539175823471,-0.887258008474987
,79,59.7505555517916,59.2367603568334,68.3035369359501,53.077762409981,45.7063497596461,63.0348897455634,36.1847651604019,55.9912096169176,60.9564367436778,48.4602074987324,59.6755036727793,18.9132088212888,62.7964111614605,60.676560274715,59.3654910455218,64.3955329002986,67.8755542529818,63.5729881675703,72.7081641852312,66.6424142651853,63.9183184136753,22.1416891048665,66.9033390070052,207.038343798815,63.1413247884551,75.2559681876953,63.1680023693085,15.9086564663112,66.7722757877031,64.4829637246532,75.6302461098877,62.0906079106413,79.1993373593536,60.6657317683827,-0.069971094073594,-1.30898501352294,33.3684906964845,66.8675528397705,62.5703401149866,54.5492756925225,67.0682474540828,64.751878337384,65.1146255794525,53.997598678249,72.3675689181014,6.74624710421131,-1.96604135924821,-1.66056136911988,63.0583683578268,70.2734508478407,57.3190430419992,48.2862463136806,42.413549409303,72.9854150422528,76.2413784747356,68.2934215906841,74.5828443833578,54.6201791678944,-1.21865357701182,-0.6644145748906,61.7926542800273,44.3698576096263,57.0572524265701,45.2514676457021,74.0691498015765,69.073505569174,67.7789229225708,68.3818090232247,68.8677610990101,39.6966047286676,-1.72932058717117,-0.906563778529119,59.4569451867599,44.9048669660277,61.1328298925445,48.0340852605798,67.1591262657136,67.4173689377939,68.7131623374124,66.0155886726212,75.2638374697383,60.4272626885529,-1.36888445845051,-1.98160525852705,60.7077879439292,61.5438509379881,52.4747696617578,48.9307332834285,-1.82824645699475,66.1108873161108,67.4992587357156,65.5154470386606,61.71203354874,43.5860092942578,-2.00456740256305,-0.602839916637834
,79.5,61.0579887205166,59.5273045163608,68.1154240340851,54.9036871183323,46.5117630415791,63.6594997967377,37.7049170723543,55.8728708007272,61.6496429563898,48.98836278785,60.5499482365647,15.6177935775138,63.9885760725492,60.728238190823,60.1830126290064,65.6291906992201,69.5798999712848,65.9609578046717,73.3736148091417,66.6114436189473,66.346798226798,21.7554212611057,72.2067239690265,234.791312892216,63.7818838382414,76.8371794805907,63.0435954011084,14.2392426224275,68.7644990495807,67.5954338449561,80.5414744512033,62.4021168036427,80.2477261844767,60.8942709390411,-0.635885644676193,-1.60121406565622,33.9650330011283,67.8150334937712,63.8697888230165,55.2932002935888,70.2362656353054,66.632718711258,66.3009337489794,53.4304012558202,74.0922186933475,7.44612541244533,-2.24705390450248,-1.68777819401538,64.9938259115944,70.449590115615,58.0088883953509,46.5087122805708,43.8799520322852,75.2024592511314,75.2891595819621,67.9463035883041,75.984487318034,54.4731446449269,-1.56242552835266,-0.842609137004217,61.8957548638749,44.5419086530325,57.3958028271137,46.1749228238129,74.5133808670303,72.8558532466282,70.5061645326223,68.0702253046104,69.9637884673371,40.0476087676306,-2.00107414674147,-1.30655021972956,60.9487481892382,46.0877386104157,61.8970900708317,48.5996576172004,69.4409725709226,69.1451042210965,69.5830742224177,66.1577314498887,77.3611554458257,61.1354317801266,-1.19430713373964,-2.01174491266431,61.4557385672475,69.881275394394,53.6862063427501,49.6240943195317,-1.67001810814759,68.2687977108226,70.9875472555095,65.8166982076375,62.4779712221656,43.8701558207879,-1.80517954236524,-1.00506877198825
,80,62.2805642943205,59.6542421201498,69.0792926645942,57.4651992258069,47.3343412282575,65.7345744705613,39.95600192314,55.4516448973292,63.5702491706461,49.6595881511392,62.2724171941244,12.5761452987143,64.8641484677897,60.9094168671346,60.8265794712933,66.6267513488519,71.5672555731508,68.9033394423658,73.2831988224381,66.3490030063873,68.0509119379506,21.7238634273212,78.2726690402028,248.815850231401,65.2147108493517,78.9664169430849,63.0434289072457,13.0100156026569,71.0036328677879,72.9793857003586,85.2466340719204,62.5855772256629,80.9907199424715,61.875539860615,-1.28090910281878,-1.37683170255627,34.9760238326262,68.6383785737939,65.1907688936997,56.1911620445636,73.3343300552415,70.4821469526722,68.0396523459212,53.6871254175874,75.6176354942478,6.74063299394362,-2.1577213732927,-1.6907972213109,66.4687229296809,71.2936140951617,58.9970061393418,46.0786825780683,45.4667712909078,76.8869634724083,74.798946695458,67.9011236982846,77.5391836500027,54.694594347337,-2.23005144470272,-0.82313658044842,62.6644619076069,45.2534599657232,57.8258135009346,47.4117109477694,74.8511871122278,77.0551001711383,73.7511305645298,67.6007077042349,71.781747789741,40.7941088081988,-2.24095827211426,-1.68586615269538,62.4042944862339,48.1853389200851,63.0027839012702,49.1194374790156,72.2608779780415,71.2943642736902,69.9767452627754,66.9969642954676,79.5409330924105,61.8286148317155,-1.34867629984893,-1.9539047691411,63.2544875919698,74.4720788174035,54.9698037297056,51.2246610526693,-2.30313047297005,71.6219023022593,74.8849822861756,65.960013857023,63.6554343457415,44.1464459423788,-1.53931319274909,-1.49168393843695
,80.5,64.0493529113976,59.7233913016585,70.3646595200042,60.7258631346461,48.4593064658703,70.3783202027752,42.5023039416243,55.6886985710613,65.5931624092917,51.3370423997548,64.7948508047562,9.87983887409177,66.6052159512196,60.7877035025958,62.0921352744137,68.3783151632132,74.2971475922675,73.4639035968852,73.6449089116021,66.3880642809653,68.6081564229534,21.6632184457983,86.4000936557312,240.574251071685,67.8550043771047,80.3209848409913,63.3780290497053,11.9013473137076,74.2545265000175,81.5983950512937,88.853109031888,62.6845001855229,81.705723060089,62.5907608089741,-1.48691141510596,-0.999555973950578,36.3074345515853,70.4397246612712,66.465091990903,57.5291182551356,78.1444844504796,77.7815853721934,70.2722431811493,54.4190861613623,76.6373797158951,5.27321325032591,-2.22810041030817,-1.72583709633858,69.7874551266384,72.227698290481,60.4423820928757,46.3487667732367,46.6972935192953,77.7510401836454,74.3863484398817,69.0789286950709,79.2916924979265,55.1575100292224,-2.63920985931605,-1.15733464344788,63.7547036224936,46.0592757855023,58.4526360929849,48.5266148260407,75.6298222062403,83.0791233553509,77.9974317255585,67.0352602771787,74.1684241197081,41.2203224503252,-2.0056849926342,-1.56329869518453,64.5697619980236,50.3371577715455,64.1321220166396,50.3037257565368,76.1606745304488,73.3274240405098,71.0803382300094,68.9882866523129,81.1481603841276,62.4602528342068,-1.74445037578323,-1.64133318972534,65.7711732501351,72.3106317886841,55.7741444969294,52.7483489204209,-2.33167024676425,77.6885624880897,78.4234253170819,66.7946941608197,64.8751713130461,44.821448538416,-1.22772740213401,-1.31069729641871
,81,67.1845731740931,59.8000131868613,71.2886855222117,64.9350983598458,49.7585283569142,78.2401086550556,44.0941686097422,56.949006575077,67.6461716569945,52.8540126819817,68.2288841679393,7.4484630702209,70.3892891834282,61.1665619076664,63.2190818886662,69.7905491188824,77.0209623978518,82.1506989223426,74.7163210757658,67.6722228817058,69.17157607902,22.2229878242643,95.1359943742282,210.749502652584,72.347201905984,81.2042980894636,63.8849617830504,10.829084849346,79.8649498608033,93.7497269619355,89.9789367212583,63.3608982518094,81.9123690267263,63.4256544669581,-1.81929211902781,-1.42860558312589,38.5347822443927,76.0317149014085,67.782358950075,59.149346639061,85.791875610417,91.9437823546033,72.4124284623335,55.7193138774012,77.9186469119065,3.94088831383743,-2.22792271278797,-1.67094488626248,74.8373752521175,73.4143462284276,61.3567707771917,46.2540790814709,48.8020196313327,76.8953218939304,74.3979882276022,73.0829775592798,80.3178894080132,55.7550497396505,-2.61437187944182,-1.66568020534504,66.2583031307191,47.2047562416145,59.8172129877064,49.1120749591909,76.6165967025969,91.5085253594531,84.2590448039589,67.1394640767041,76.3390381484988,41.6676214310528,-1.46909001490354,-1.5626271676187,68.1171280248104,53.7484338584156,64.797919909164,51.4784369753243,80.9148294904738,75.8249270777068,72.4178294844028,73.2330067303316,82.4395240130089,63.3940613713298,-1.71044393760604,-1.47658948508717,69.6024308274431,62.0629489183851,56.1250231621702,53.8598855372014,-1.92388456356213,90.2179429101319,81.7139096754009,68.0058870823829,65.4790522521888,45.0635311159631,-1.40916279113884,-1.39926248557987
,81.5,73.8487880459428,60.5287271661333,72.3956376166794,69.2965487568545,50.9050521664431,91.6917835709576,44.7884895611652,58.5571749292566,70.085869917528,53.6954805847528,72.8033717309185,6.08343680643492,77.8710875934387,62.3859471427844,64.0051237972016,70.6231027675892,79.8597082971695,96.0763730527364,76.0924296004979,70.1469488839854,70.49802749742,23.8961939176648,103.694118359855,167.43580153026,80.7646143129705,85.1981775514522,64.4547901895646,9.72354433879809,91.7816736935195,111.41391581489,88.0989056195284,64.8346569553872,81.6851990620798,64.9736836100867,-1.83173998308956,-1.61786991523149,43.0928513945758,88.6293268764167,68.90741109948,59.8501856771654,96.9351554223657,117.021685876443,75.4071008593921,57.8859284164457,78.8020330094603,2.48773113255908,-1.81651179306539,-1.49779239120983,82.1711463477693,75.5512570528455,62.3573065834341,46.6856575946853,51.8262966353236,75.1028063111762,75.2710618997625,79.82485700675,80.6995966220646,57.3188750519242,-2.2264034979849,-1.74799246621535,72.6051212696061,48.9278268615716,61.3243222676015,49.4663859942683,77.6721092056117,101.590915997147,93.8895743991401,67.6607601814338,78.2198183319931,42.8916118668928,-1.39343742114409,-1.71706356016006,74.3724607368524,57.7925958609079,65.2520013765597,53.5059452090765,86.6973374656391,79.3778894157135,73.2772777759531,80.7036960299621,84.0159962176642,64.3877595791613,-1.30666885729931,-1.43085812393809,76.7075271082217,47.0199361984273,56.0238470117508,54.712529550605,-2.37759905154724,115.452100377418,84.6075432930636,70.1841640263373,66.1496766123255,45.5227462548719,-1.5640079983483,-1.8210590339105
,82,90.9731472119054,62.3398744295605,73.3007816346609,73.7299994895905,52.9561907754493,115.427548772071,45.5725161124298,61.5724622192351,72.4422702381747,55.1379933373794,79.2662912282493,5.67117197271477,97.3610494562812,64.7732048445226,66.0386498139331,72.4462922428212,83.7886517718633,118.45295235553,78.8221238746454,75.5008239348933,72.0859205621805,26.6838565069024,113.956653126822,121.035593983781,102.109433161459,92.355552707308,66.3883502093962,8.34749916358993,112.853284548355,135.255592013451,85.9093306605728,67.0446522151688,82.0499038795701,66.8492946757688,-1.42659878008629,-1.48529599698168,54.0870654222468,105.266787269828,70.4859023776609,60.2402337235584,114.526558124133,150.960074731357,80.3588145367988,61.5452399026177,78.8107835990496,1.33912460848251,-1.48434264465584,-1.25365042486578,101.025258884488,78.7262701586275,64.2692361245474,48.1401302806263,54.8109750383998,73.7223636994215,76.9612918365681,88.5462482514467,81.4240819887088,60.2049625240664,-1.47538382228265,-1.85229125013859,89.0886518929738,50.9919520030363,62.6244919861448,50.4206881444843,79.8099113958294,115.956408635204,107.943612465922,69.687272651854,79.6824644706733,44.9597346269799,-1.34246035306461,-1.585571181045,89.7611265434243,60.8240483055105,65.6816766022688,59.0648842831486,94.8414036315136,84.3176447052239,75.987128534385,91.3874356096692,86.440425789557,66.2495073928976,-1.24494822564924,-1.56087620795489,93.0891741139347,31.3277780291861,55.946130492604,55.2358086627561,-2.46384433196783,161.138099679629,86.1487684535288,74.6947885060447,66.6494843997626,47.4533137171649,-1.47707364071164,-1.62050004603663
,82.5,128.734763378799,66.5829879337037,74.4540026241339,78.2959037462115,57.4157895965583,148.724741519722,47.6513636753252,68.6266855049784,74.7252496669194,58.5416342808556,89.886926868967,6.02080371659275,139.027558120577,70.8858778125194,70.3285304979714,75.3096075140136,90.8130683702491,151.007842103908,86.3759574879169,86.8611835422206,75.357424511915,32.8654490812549,126.169096395412,81.8167477862559,145.597059053831,101.137449164175,71.18741209687,7.20448748804279,141.851043485363,160.162100402909,90.1254774755519,73.1292609659928,84.1938393843731,69.948653681209,-1.12091759345333,-1.75039082745747,76.5911937416378,123.257438793967,78.6133992235739,61.6333611963686,140.051528821608,188.37330336269,89.4775910524475,70.1274771364419,79.6538626238264,1.09914045201901,-1.44905422888706,-1.15011647535857,143.204595445549,84.542149188011,68.0290220310624,52.3158712893046,59.0478063046924,74.5739199184612,83.1935632298228,103.080081071454,83.7521973820985,64.2543010893321,-0.908221304282677,-2.03602318600019,124.879021350983,54.0233017503096,66.3383046449851,51.967479137903,85.6904796955847,137.077049426428,128.418358360093,77.5372496222565,81.2640950193838,48.0879159083048,-1.05453920266183,-1.55910947208486,124.16387502374,63.3988589375717,66.4128780329178,74.9904414097579,107.495107120253,92.1807241375501,83.6137788689914,107.567188929217,90.7510040369635,70.466742683652,-1.12729066308117,-1.86356552012091,128.53373624534,17.1295219172233,56.3845673006339,55.6693322749633,-2.00599170481365,223.003765899243,90.227383269455,82.5640825451756,67.7567598196091,51.0224704638101,-1.76084068757251,-1.36051489828679
,83,193.920617145365,76.3457652137643,81.5136697910497,82.3001585088838,66.3265031053596,187.365271340056,53.2374083391501,82.1746105753948,82.6527319592059,64.4479542431925,107.266348954696,6.98302607941139,209.570149594048,82.8995992510213,79.1279449762042,80.5900830873336,103.252806616981,191.427342800882,100.943598887702,106.303756168653,85.4637824747828,43.8090723291818,141.083570830999,54.5979229225898,218.775704568549,115.188504617025,81.3959191967302,6.23014674158304,177.697720959701,181.706086546639,103.450143682482,85.0339440916033,93.4184551225696,76.4940232296855,-1.22787191384799,-1.87648041005298,113.471159713244,143.681160439129,96.9882687256846,66.2852332256107,175.245677512722,226.403544424335,104.266939579461,85.7627570655818,87.1325075594293,0.907761828598723,-1.46545209624668,-1.39178985394085,217.251738921907,96.291721264684,75.1178237657007,58.9504413631562,66.3271226227198,79.294675874878,97.4801372396174,122.791036652604,92.9708248101894,71.1228404608167,-1.00093076472916,-1.85631943220773,189.188338249787,59.5803107968451,75.1569087933964,55.7500696481792,97.7009024971785,169.283106001589,155.336338521421,92.2617280206,88.3016334945783,53.8778291782957,-1.10501027821607,-1.65611341193323,187.684732259783,67.6797697847585,71.6710082589458,104.867967371921,130.52756838645,104.299653598012,95.8136436584477,129.937191938284,101.360930914798,78.5832665342245,-0.720597645596001,-1.86720604000459,195.264990084201,6.9991440004066,60.755445862985,58.2549016082808,-2.20197082034412,288.063487953801,101.96221551365,95.3939938080803,74.1749728374689,57.6144773932032,-1.76495594338019,-1.96457685238073
,83.5,276.75595277618,91.5246254586954,96.7398156965194,89.7323794594234,80.3011990007226,226.569801731123,63.4686121957892,100.876698219127,98.5458589294691,77.1212746100199,129.506899908184,8.12483242940118,296.221293482935,99.378880188459,93.7847220545932,95.9481234129362,120.324278410218,232.352144481484,121.110784146829,131.588101602182,103.587434467837,58.610784433743,157.635692727673,38.4584327628422,309.850152179321,132.480280330156,98.1277279656034,5.1368195152545,215.273433988565,197.309461802203,124.864429088302,101.4518767509,112.925318690553,90.8058593364524,-1.46891301824184,-1.41264365399479,157.777117311793,160.943119292921,119.627272330812,79.6671090040618,215.303783861161,256.017253007592,123.717576646907,105.74281998412,103.307993275452,0.386983608183129,-1.32136408456978,-1.79816587019644,313.851176164917,112.670423217913,85.3657144663484,65.5107696994596,75.8186509045909,87.0602465993278,117.544783123967,144.005283376885,112.070991230876,85.5166017857068,-1.02317215875297,-1.38159299652528,273.584805841152,67.7265599998626,87.7828834628632,65.7313484488565,115.724039629774,207.595200794931,185.027664639281,114.004701316042,103.53489053754,65.0763383807377,-1.45169279571297,-1.55884710684154,272.913018221148,74.4999158790836,83.8384122610861,143.398591737397,162.638535585139,118.999057485446,113.945028281683,156.116897329518,120.011780148166,95.8150361096745,-0.78538528694645,-1.56939631705711,288.257652278341,1.91892861330427,71.3589412371516,67.053434723119,-2.24173870354258,344.615944345864,120.717752722615,114.17163654181,86.5771876165878,71.678797922183,-1.44009553393045,-2.1730107721117
,84,355.038301118267,112.381823217816,120.184670510211,103.116450712709,101.765883852156,259.065605011879,79.8248765233037,125.614253067029,123.282105727729,98.6126026660266,157.069168042425,8.27656609255359,375.619993901958,123.80569248779,115.852537004521,126.862888330171,147.619732068267,266.656230689494,151.43997365381,163.411480678091,130.170356143027,77.5083131303954,175.644263355194,29.634752672142,393.729021994072,145.437686249087,124.516303034636,4.20904816736743,247.246218435331,203.691438275968,165.800685003922,129.403275939068,142.649308986655,117.215215159017,-1.47604193772611,-1.29647260167525,197.439591332248,167.457544754928,141.575919466115,108.505749274829,254.074098412822,267.311499336661,153.137774952182,135.05482787488,130.88749060716,0.368430740835493,-1.44863231636498,-1.92928112811228,407.771361182213,133.493492398322,97.5861189115026,69.8801593475621,91.2824411884391,99.3188260796394,148.639503801397,177.551678168098,141.872773677474,112.241133922121,-1.29393155592123,-1.43644126808198,354.377926289873,79.1849771661334,105.464313960805,84.5683033367285,145.555546615892,246.423710495122,220.673747926968,154.96421337838,128.407248084563,84.0871245547634,-1.45018978462832,-1.60572746398987,355.923782595459,83.0876781021955,104.927257846145,183.086056788649,202.451614108312,139.584011646222,149.13792109263,193.054210060585,147.137544238965,129.571680074791,-1.13749666426691,-1.19079121989682,381.969319845284,-0.199607624319412,89.8808424003691,85.3429771064847,-1.90998797721949,377.429491856969,151.651638027953,143.250879762789,107.409367963215,97.2227716952553,-1.38742134427923,-1.89332092762612
,84.5,408.498520399254,145.864995068588,164.285957539171,121.992453818582,135.797528222171,279.679858572523,107.833598993709,161.618774652456,175.443896657666,129.346210735524,196.690008188641,7.50422189739635,427.444047820479,163.406752837044,152.381814268371,180.796093744666,193.311039751827,292.909033839005,199.777109030968,204.547741753983,179.870982715964,97.7050188332769,200.621253831466,23.4545971617948,448.568688380646,158.216124166758,170.769830550915,3.5907953593333,275.857727216096,201.723831803265,230.679467749341,176.323157772042,195.23485074584,162.636605204897,-1.59884867642739,-1.29109163935294,221.596093004981,170.130023626126,161.024834573958,162.474771988993,296.549043602952,269.841167310398,199.073465748236,178.649118499101,190.380067665882,0.438091105999433,-1.75558179656144,-1.97837052900138,474.842974313133,164.071104624028,112.313342368915,69.9577448331527,114.79725920759,115.043422430474,200.349837370589,225.7011210137,194.473368523301,154.475757668002,-1.80595083270981,-1.70459462531892,411.824638767388,95.9889169428474,132.06712525257,113.965332074654,191.941360394344,287.019750628148,267.044304827108,220.19130133375,173.782336774823,113.603705615468,-1.1426793349512,-1.57114623161124,416.660989591964,95.2107078184389,146.378755623406,217.988218609511,255.204376398785,166.53708102855,209.771540478971,245.513841083104,188.35633043041,187.113275262555,-1.32991786426817,-0.783847810412453,453.777961527644,-0.822566175221198,127.665343221857,116.464000176814,-2.22979612793472,372.061768645038,204.477591582879,185.193121022439,148.547860076559,137.113901353319,-1.59204032384588,-1.86799953663967
,85,417.943393687274,182.754768333527,220.502582040648,141.274414457537,173.372891050503,283.570836473032,140.260931140302,197.076980438807,246.762542512152,160.780011354655,236.813514277487,6.02135796507469,432.144918844991,204.974494151835,195.073371991457,247.070868891963,241.481744038882,302.613280787855,250.524058798883,241.885908536516,242.842946544879,110.826886115405,225.212611012517,16.902763062711,454.804672626361,170.698001660418,225.838498275367,2.88863676441804,294.85789049681,192.976825710256,291.433145891883,225.274402453259,262.096455856717,217.469950099648,-2.05850659149399,-0.92832541461496,220.498423157342,172.207216048968,166.04146277624,231.724654222569,332.30306352424,266.218411477541,246.095338903701,219.202764410887,270.5445465658,0.0760197339355955,-1.85872421458373,-1.86538437832746,492.632807901302,197.002427464235,125.741791640162,62.2015982915219,136.915093538768,127.266004266115,254.491956330227,268.612467886402,258.977343670209,202.763369245859,-1.77770969997931,-1.63060062568582,427.184938181988,115.489414093539,159.480767792121,149.198819804656,238.393696237168,317.460390583345,307.283630547035,284.893241053403,231.695490975454,148.22444187275,-1.37462317483335,-1.1584950487179,436.098284798168,110.835056404687,199.298259583741,232.478673248209,304.531862813164,189.665954217333,274.6093714938,293.21060797966,236.030901503943,253.840213019919,-1.55451407036463,-0.363400509231212,483.194389876723,-0.840297828897121,177.622220618911,154.562077102047,-2.43242237542052,332.195876686832,260.236912001253,226.628600886089,200.479187636557,182.212621158574,-1.5345708698423,-1.92769030650447
,85.5,368.615700408854,207.648935253218,264.533418711078,156.155265001845,201.068204939553,267.74403058805,163.781646313296,216.138079698931,304.789393437911,183.253329812371,261.41956666236,4.01626068871775,374.587871177116,233.598882739537,227.392355062897,304.529468259702,275.845215851899,287.898018954033,286.245968046741,261.8179296076,290.294231814741,113.547482811463,235.701400393564,10.7698179070882,395.602703524224,171.424608149138,269.444343702798,1.87989226384673,293.487615225401,177.791111991372,333.37238428538,262.105420851932,313.847292486706,266.53492635927,-2.04154943727752,-0.966582914205446,188.132458255727,165.465758881222,148.817617423581,294.691539744486,340.15110497142,246.678231063714,279.263663837323,242.915726411514,335.818731037152,-0.015988295854072,-1.9179253400834,-1.25256341547964,440.25438570929,218.654667279082,135.527790595568,48.1442812422964,151.129562975122,132.875102399256,291.723704540022,300.055834994342,307.013209889893,243.3917374439,-1.23913087002705,-1.69549899090214,381.403222900835,130.992521519609,180.918380356948,180.990742270518,270.705463030839,318.096630643828,327.308046678819,333.992995768517,280.535877564195,177.398221970515,-1.67514899222948,-1.02260432976544,392.873348327861,122.503165026561,241.092300713012,216.119399311578,326.193417160445,203.846167973276,326.293286470035,322.852123654674,272.769006589152,310.592087211106,-2.05347369715258,-0.564264134246514,444.866228637818,-1.38961094620464,218.412003181051,190.108531119857,-2.43590439001292,273.882945326161,298.229250287219,256.5250227702,243.82194893206,221.059767386917,-1.88614080590054,-1.60789477705106
,86,277.266099553433,222.896276892296,296.911883892803,161.215175573354,216.884105501281,237.96071298334,177.853730268222,222.374880452765,345.321032831898,191.734801591713,273.14176531042,1.97700376001728,276.363243796802,252.916859794369,252.18752973251,340.936589766184,299.525598831372,258.281594093404,310.424460996776,267.840966985265,319.17300387272,106.717665406013,234.580328442617,5.96883635997017,292.269242897927,163.229740257281,301.988957546957,1.58834295983212,278.539009578826,159.757855846162,361.490805938768,289.04263551559,344.506792300588,301.989067806593,-1.75359433980282,-1.53128960704635,136.193277579571,152.876153172244,121.158112003692,339.603311840014,326.298007355416,219.075700239119,300.977628210012,255.5720604647,381.826855755872,0.0996894981091145,-2.02307695187795,-0.741941676659849,334.07307509421,230.840053062332,157.646853885909,33.8826234738356,157.741908559072,133.696764033162,316.072641189259,322.459498676138,335.783302272136,268.210065745882,-1.10735737664317,-1.97400765160648,288.596730311022,140.966041424561,209.327973944975,200.659426148869,290.966202846917,295.392183742035,332.50835461061,368.912680626322,315.841553806937,195.254659286179,-1.57822785467027,-1.41606754168509,299.88625988917,125.007610114765,269.063112509197,179.45250558447,324.787815013277,212.896087653266,364.381492055075,337.85300031018,295.219063725998,347.841121233812,-2.36878454569836,-1.39212008657864,347.202260557732,-1.9959938217338,246.22438886337,215.881646064646,-2.60095166957257,210.140427442072,320.952142570287,274.620791860874,279.540845220262,245.392229690332,-2.10344003070043,-1.6779427688499
,86.5,181.196514793152,226.033635439902,315.874368717937,152.635213767993,215.466752360793,201.903619258792,179.005461414512,214.930861123641,366.086915430547,181.741160101282,267.881200942571,0.821830923531934,177.60086051921,256.065185116167,267.009010941431,344.098822273733,299.99526694488,222.227693022741,313.063252540161,258.232885428775,327.913239425532,88.6038761195786,221.087153100053,2.12443134373257,188.440606515266,153.529293675904,316.452714834207,1.89714263423576,252.602430759905,138.965450781148,351.189560952926,290.508422553186,353.81093225822,313.552481811754,-2.08192512906732,-1.79601205081406,84.6690497097918,140.083075731134,92.6185067104688,352.964813147019,298.030582931133,192.236947462973,297.416821602806,247.645603663776,404.065135686292,-0.310331919539408,-2.0982533288381,-0.824402169609698,219.705021232777,233.580145104721,190.604132881862,21.371665326465,149.038036742829,125.624737467894,316.908912833361,314.230587466871,344.167719988987,268.062841327985,-0.960140888717717,-2.0256664050832,189.50943026844,144.968379481511,238.423207161164,201.690361133274,287.666923940707,259.396366525998,311.35526542987,365.25998859674,330.846716616728,196.043288631076,-1.73374267470069,-1.55165065393646,198.749584808955,121.441827167263,279.667678610186,134.569696486451,301.217978988333,214.255240935575,365.46919303283,321.062778407883,301.630393170374,350.479020216996,-2.37856505944217,-1.9810845924319,235.377195042405,-2.07113438698246,258.762277158804,224.188286592841,-2.80049479143912,152.544874025318,316.372481697298,270.235802834319,300.854906130443,244.697810945482,-2.16405631554301,-1.99266346371513
,87,99.8325712748003,204.24138487217,294.596161387935,129.154745393089,184.91762898305,155.485704918404,153.201798254644,181.29850092018,329.162889034866,148.749581475814,229.366018377656,0.102806365132665,94.7030713548172,228.618368225099,252.673800783919,296.600870596783,258.572074371737,170.236004374447,274.537439174698,223.03945332624,287.347052792556,63.0785076453914,181.699958150423,-0.234018410668511,101.005751980496,134.434921457828,287.336252874399,1.87648765639756,202.943133739092,110.848213593795,287.988197146782,250.395413681879,314.305779858536,286.193176391186,-2.26765960296518,-1.95427532056556,42.1351769622983,121.377967490768,63.4051549318439,313.348948738341,237.838694582762,151.764333072331,251.773444361822,205.76274279556,361.671473129314,-0.8563067700685,-2.02592758145749,-0.987360150890652,120.96681779817,216.38498346249,214.865326764381,12.0152938479847,122.423696751466,110.245970169198,273.147622067019,269.764616078635,305.142292267087,234.78084156612,-1.17351980154689,-1.83259407487844,104.073957876736,137.391935475721,247.962219831048,179.335791410458,249.661217001207,201.431579893513,250.458988471574,307.574771889507,302.818948498865,171.9383557652,-2.10367056674903,-1.84906429572806,110.906007945644,110.386340444429,250.365243561591,87.005371186221,241.292693356224,209.377441364158,307.789236404217,261.658130778681,277.397517151648,301.538776736925,-2.3821502039234,-2.73688054554958,135.678858036273,-2.27210261757449,233.26661370796,207.126594006391,-2.63472025531308,105.589113874054,265.143250516905,235.438859837859,282.216447972993,211.300634636641,-1.97920933730069,-1.99096798008497
,87.5,41.9751004225022,174.510300974722,245.781140783913,99.0941183585845,138.463395039966,106.949539463445,111.089686298098,137.180147766433,248.111180142372,105.307085010753,173.515625055653,-0.564201317720858,37.1800928988921,189.282092913961,221.04268745314,220.581524334821,199.522244366602,114.202510390211,216.143556888094,179.575501305508,212.978913353087,39.614912034879,129.675148310161,-1.12021543687172,39.3558133366942,110.725901576554,231.767225263067,1.67047114423036,144.507662562729,82.1624743843983,211.45267968627,193.871663952287,238.310681036332,235.397754175054,-2.09789530148663,-2.5122009739182,13.3906523768395,100.618902564743,40.2031181461298,237.814417327565,163.256465026609,103.802133181268,188.22213061988,151.732979126315,271.487888043186,-1.04392276579188,-1.83931295742406,-1.50233092673022,48.2368022589146,190.968151702823,232.377071763451,6.94283461518825,92.7888370244386,97.2694132984636,209.318771106436,215.162009958882,236.187137015135,185.299843037959,-1.69284097817933,-1.79410911125427,40.9523325997914,120.061394560296,246.63086871671,141.776244991826,201.635283896838,137.521553462679,177.327182999025,233.033712541764,244.249886151078,132.360626963441,-1.98647246616713,-2.31215308189906,45.0152092620733,90.5291400919298,197.419934726523,47.6112730835268,169.511649493455,204.779970230526,226.486196084661,191.315325158489,233.184773973327,225.116108250317,-2.20822740911558,-3.26297055577891,58.4399536876599,-2.01228808861043,181.677679533815,173.868042901985,-2.57603869503225,71.1146726109243,194.239484680737,191.334219843983,237.385416086701,160.491169297434,-1.98314916045786,-1.72474849059876
,88,15.2769913478778,154.783203942439,200.800202560311,72.63993021381,96.5620463084358,70.2395482901586,74.3790867115511,103.742543674161,172.907157921898,68.1767077769727,123.902858866305,-0.959069522389086,12.6046278457814,157.178009422413,193.106977451103,151.698097464522,148.425859376166,73.4726842397289,163.988460784033,147.39801669527,146.94305791196,21.7853727408911,86.3099915521424,-1.61812686817206,12.4997507394791,95.2201867258295,181.116957771186,1.97513668686588,99.5261389829166,59.9113588359313,146.131283076447,143.896102728857,168.145447281659,185.339986879076,-2.30318988146377,-2.59628485699102,1.3802748137922,87.4042076186352,28.2539267516595,162.60761869634,106.265851373841,67.8138739057855,133.699803251494,106.095463198346,187.82334544487,-1.26180218116451,-1.460216191835,-2.15380309799821,12.4178935005555,174.44438507518,243.747997506821,5.24211273029135,68.9025107660838,96.4448411571109,154.248580609819,161.086625074371,177.464127420336,140.92131560562,-2.08590695065817,-1.84655987408962,9.74162312947516,101.689441785434,239.844745809338,103.208311066733,168.844086318024,89.3982105307265,116.884270003947,167.438575810227,183.391854496965,94.1774957391161,-2.18049089368623,-2.35426943288587,11.7758582296605,70.0541030449868,154.580600602455,24.3837207588692,116.00099414552,199.671925401851,154.889008614835,132.470964388304,190.668453876097,154.304437103927,-1.88085604354512,-2.95004589412918,17.2177136258787,-1.18843728311447,136.278683753682,138.539496598976,-2.64375062094047,48.6395913544561,133.54810489295,153.5481303728,191.908863294558,110.348723447843,-1.75336150649503,-1.64757608096704
,88.5,11.8797400797931,136.681788529998,152.690933179221,50.2154552763818,60.3137287158553,43.1564147220455,43.1154866097596,77.1266330506865,106.876296473285,37.6058332835823,79.5715117173105,-1.05453855539304,10.6288953531749,126.411536270988,159.59701614659,92.2059919553254,101.0660875594,42.8820619423893,114.081338572419,121.461913531194,90.2340680532243,9.28643826097857,50.5399357706841,-1.9639351526273,9.77984999660856,83.5226931728246,130.216258957689,1.95017984684989,63.8930604854122,41.6976002896063,86.0345957666674,98.686555811355,107.398239581024,137.175743499923,-2.36310366441603,-2.14775940900699,0.573294676581156,81.0486895226373,20.8619433962073,95.0860878382951,62.9755129275263,40.9885658919988,86.5168261106486,65.31617999337,114.210322690045,-1.37331620620273,-1.36670301051316,-2.41138814231351,5.63602438385033,161.042756976768,219.733720268155,4.55201883346814,49.3979505791616,123.467797181679,103.701171867364,107.282762605149,126.093492813627,103.18509214397,-2.37782903758824,-1.99176288069714,3.95306511071647,84.5325870769408,204.537613425054,68.4702675190217,146.222082677732,54.2609342917305,65.9962209105016,105.787141547414,124.162385971298,60.2829586717547,-2.63673803621543,-2.21215801917845,5.28603374807489,53.8713619667019,118.723236473158,12.5483796335814,76.0642931744842,191.228657433008,90.1639070140583,81.3423959800773,150.317236111465,91.8437291317221,-1.52346973350916,-2.15506785604083,7.4232845437345,-0.604803307066788,97.3275470553946,103.143252448317,-2.75852557076053,33.4758016122327,79.9912951587336,118.91539163501,141.328681921702,65.0620741697301,-1.537794350269,-1.703978304722
,89,13.7517017569829,120.363547609964,103.863249663715,33.5811573721046,32.0182595162141,23.3721340160656,18.2664244139924,55.9605596027464,50.1868924254979,16.2956308260767,44.6824425943042,-1.07577491892357,12.2634423788615,99.5731672162487,120.743479495498,48.7078945584442,63.684473917742,19.2119124944682,72.8370068587149,99.1742035361052,43.0431813705158,2.74453037480049,23.964569945856,-1.49331179123169,10.2427085789197,71.2653337296132,83.0703815685507,1.39575589399743,37.1526079530295,28.4066581142449,44.9709792585516,67.0478949264618,55.8925076595141,96.3208471692279,-2.00881905852646,-1.91657050730436,1.5674763833124,83.7539320834846,13.5661395970284,42.7540637415559,30.7217551868287,20.5393051462803,52.439110994708,33.629087118836,51.8866147446126,-1.10342475957844,-1.38286490630691,-2.56592547605612,5.95461501368567,146.72871231281,164.52171844618,3.87123005398036,37.6373211995588,169.844289334589,63.34886159383,65.9425400362176,81.0120834096972,73.9240840933019,-2.61277917187795,-1.8977512554315,4.50397629735096,66.8292611633948,149.11402872683,41.6669788153772,132.833267379999,28.7072420431241,31.5321549522975,59.9438254603261,74.2600581266245,33.2076435356302,-2.57338404740761,-1.89432465325484,6.03474619189444,39.7683284060998,88.5109273292629,6.5498036402783,48.8317233061545,172.740123195073,43.6823170147224,46.283889030338,112.575034574219,45.5715957769451,-1.2731582078718,-2.04141577767786,7.42668569740249,-0.36348421552367,63.7359267100238,72.3802092705441,-2.63899171898544,22.8710979011432,39.8514293219889,91.6379634017322,91.5414596812324,32.0556493891914,-1.47365989572035,-1.6681967524118
,89.5,14.5079413812484,109.548709964528,71.2022580427255,24.1231221185984,18.1187559066439,15.3633435140188,8.00676040055521,45.1988939111636,21.8340755449274,7.53510668539263,27.8497742371164,-1.02665996816722,12.9870192045054,81.0173554981004,89.5735125978785,30.6375908351693,47.3247473333255,9.89476655941183,52.3983661362938,85.1880040733969,20.2107465717951,0.756893177945642,13.212581839584,-0.899585107115058,10.0873945883964,61.8892341010984,56.613824566886,1.20517362049998,27.3075497446088,22.9707044494995,32.0575929390839,56.3387124409588,28.4812581991425,71.8080737905207,-1.70940784670637,-1.63234565254101,2.14797296617115,93.6501176163284,8.20787146874392,17.3561035569909,19.2664666987039,12.7255726299333,41.3235964880476,19.2762905195489,21.0514721987523,-0.880066744653845,-1.29377865411368,-2.62990776389904,5.89193293726913,135.2461672741,112.091761649218,2.98133582918803,34.6348698489056,215.293775266413,45.1940273568457,42.6354815812654,56.9496627955156,57.5425606105102,-2.58978525383685,-1.56244413106259,4.37293148962004,51.6518051395541,101.99879579298,25.8223694798272,134.561367193492,18.0529604682715,20.3326162505857,40.5525142705754,45.9981022333526,18.1787938485352,-2.58292143914048,-1.68673465690404,5.93367115200095,28.1211201894304,74.3937501015141,4.16263688122899,42.5130516977334,138.142976261774,27.9397886485435,33.1197165628569,85.4366680600448,24.5151401541468,-1.30985386438078,-1.51550247172804,7.48429827888276,-0.151712550192656,45.6838085995981,52.2964210902227,-2.76913397080222,17.8920750304881,23.0659578900592,76.2572540053699,58.891827777367,15.4268903499731,-1.14403283036762,-2.03890365100591
,90,14.2114838608741,92.5437811576332,49.8880925829411,18.9721387598847,13.296194487408,15.5326891759236,7.70136133047856,39.4013216903449,16.4425302880472,5.69590826810577,22.3625057291821,-0.801149349429295,12.5792722681526,63.1700088110856,63.8146718882089,26.3332485556177,41.6849553451816,10.0034977666251,43.5978650127567,73.1050939605626,15.5229319687111,0.258603485565914,11.4706882543185,-0.627168318858253,9.63917489755579,52.2768852771059,43.9055870332544,1.19699911202207,27.1218576603754,21.2524513790771,28.9732639655313,54.3160423730687,20.4756590255546,58.2598511537129,-1.73066525794297,-1.17388756568511,2.2922299638646,99.9418507514014,4.66722263575639,10.6043850241469,19.9263794289054,12.9016237205138,41.4525726351959,14.6211101486533,15.4959086062302,-0.619444754261792,-1.51484261571284,-2.36468246400682,5.7897979279029,118.437713191749,65.9260658820542,2.2774252434408,33.2805884013615,255.960959219514,39.0480838337036,27.9533573797676,46.6274304664481,47.8286046421044,-2.11318882572198,-1.62727326994957,3.97308540822547,40.1791502378909,62.081952145124,17.3631489038102,138.950596397511,15.790576813508,19.7239737960451,31.3955490790034,34.3018024466145,11.9057219872082,-2.8087587619442,-1.75389264847348,5.70516702572269,20.3741611539424,67.5004194839468,3.57621927479408,45.5867274546555,97.7318196603646,26.5758838448581,28.0019012913115,66.3686637260791,18.5056903532625,-1.56962494700167,-0.946268213035751,7.34248171164222,-0.580342485919402,38.238815331724,39.6037067138936,-2.88163160151282,16.8823248852187,18.8923762457782,64.0916016011017,39.5748241524888,8.80986800892185,-1.00139253811716,-2.36221236624738
,90.5,12.9995396197242,67.2635804877869,29.8793028194722,13.4455508742329,8.67390790514315,16.0206529858914,6.52816994396676,30.6164527501644,12.04345694925,3.24469135591937,17.7735408121537,-0.622667199672037,11.1967097853113,43.2508802713992,38.7713754994733,19.5044309132375,34.5810916253245,9.15705013519852,34.8650579126456,54.9926065168522,10.9348386179137,-0.140697054181544,9.97548918552411,-0.465654230821201,8.46892601185215,39.0058142059863,30.9797624650363,0.925738391389643,25.1960693209557,19.6270920481143,23.2730683372255,50.6429235347893,13.9376612545452,44.4841757445861,-1.69180476216502,-1.43246439141092,2.03197414267783,99.8725967799335,1.88998680688206,6.19849923428944,18.9933078316628,12.8790076961391,37.8277786845889,10.733507521415,11.5650038754391,-0.501472594047641,-2.01323585415219,-2.40522463023575,5.07831003397189,90.636350007574,25.483793122788,1.92566625009709,29.6029558817194,276.651454502708,31.7735800123397,17.5145120954779,33.1829899986224,35.7741699012437,-1.72534991093102,-1.67190742247226,3.73882002412631,29.3174536829457,28.0723016045114,10.5636412194054,125.738630546438,14.2910516513634,17.997138954446,20.5298797178555,27.5234078330465,7.02044924313776,-2.37857372847674,-1.93929513565308,5.22414877447352,14.3314833994795,52.7313012808314,3.1232061388709,44.0589837367718,62.7652962096369,22.1381737848988,20.8790467100254,48.4337632417701,12.397250136554,-1.58433753348675,-1.3662230791258,6.66688542853672,-1.47765521053424,28.3712573312358,27.8034762358164,-2.63553835481969,16.0147486812019,14.2258725957036,48.0537155438039,23.7215365207146,4.5909499672407,-1.39586565042731,-2.40411991458518
,91,10.6848783502177,44.2565353438943,16.606254486094,9.05654562406539,4.76501777421049,16.2719730700781,5.07415709755657,20.566570424516,7.68593232632946,1.56561133530687,14.6631961546296,-0.45369659965985,9.29587472434906,26.0932901956197,20.4069169653004,13.5550772626061,27.9429282315994,8.52598077306862,28.2591083002198,35.90296413794,6.90807524424105,-0.636015523716424,9.14814914251627,-0.531445756571657,6.96041650928578,26.6434195734744,21.6262382855937,0.491981999142922,21.8628561628877,18.4585657361816,18.35875966825,45.591348876599,9.04353432479871,33.0459264539443,-1.55111058546549,-1.83468740130769,1.35622593179016,94.5820720855752,0.453546204405541,3.39293887154241,17.416372008624,12.9260429547141,31.4660985278782,8.32569084942128,7.91057255110314,-1.05533266502891,-2.45178361981652,-2.54418567753191,4.19162478662724,61.6191618877242,4.81046577851959,1.30269375717711,25.6159274425787,245.026954782919,25.4885284235201,11.1120317934956,21.1830178028958,23.3156136477573,-1.39684245835599,-1.61158542892912,3.39449673005225,19.0007139469002,10.8106741177699,5.58597050667021,100.203963385343,13.5518460683036,15.8787385332309,12.5869902543096,24.1087856868326,3.04565481946503,-1.84695812369722,-1.79287555140144,4.48927824048121,8.75708838462202,36.2480732703105,2.49792536162659,40.0329314876673,32.3499349168162,17.2021055296739,14.226828272638,33.1996834585694,7.58144152110987,-1.57873713333333,-1.72846886033324,5.74834842599284,-1.90677977878755,18.1811037759641,18.3502601506503,-2.59575877529187,14.872994440567,10.370614760466,32.4736989568211,14.4326500197062,2.40218342721812,-1.7966025491047,-2.3393208199933
,91.5,7.62962371353001,24.6234146866826,8.60808247964701,5.97040873658199,2.12401456725468,16.2276348747497,4.34979657625456,12.0592638839877,4.49918885798348,0.0789584540672195,12.0893362701108,-0.581734951901012,7.01989163864801,12.4090133441683,9.82599758444604,8.71371083226069,23.0535729198109,8.19028864884007,23.5474185607254,20.4630772839003,3.86592554272721,-0.79188096811049,7.49918956213838,-0.921390990605858,5.30893740089738,16.7010722385801,16.1714888721595,0.268273974665988,18.7669242851588,17.7480584104936,14.0874931830022,37.8145489373093,5.99677897722688,24.5887381987984,-1.7976396877998,-1.81834762737958,0.632875291222888,76.8251653770383,0.568231618290497,1.45191780711207,15.2370482585488,12.5754150531793,25.9907191203083,7.7059475551776,5.09333876509078,-1.58618561714582,-2.55980435479034,-2.30896776085655,3.36536766122083,36.8032794002843,2.53915567494511,1.02820896325471,21.8154446928943,181.240644612102,20.7385175435513,7.8300727024976,12.7562631870879,13.9655752143879,-1.42624865897363,-1.89911069200059,2.46597293009131,10.9619718133288,7.32024584877041,2.42170386778213,75.7062488880157,12.6592829578854,13.6755416743895,7.87870977017724,20.875125330722,0.763146349044462,-1.66436651118295,-1.99996219345587,3.53336953063518,4.52956103154116,22.6924808137301,1.96483210080174,35.1761433890582,12.2584593052836,13.7419795990183,9.36365670028852,21.6245706921246,4.47911028024549,-1.9559570574749,-1.5251408682833,4.84539018432702,-2.04286120447915,10.0672348694746,11.7353844959964,-2.45082040012846,13.4022343038628,7.75824143093735,20.7303596323463,9.80116953780504,0.766562257474675,-2.01736947048744,-2.0922542282014
,92,4.8513232409166,10.666510645841,4.02936193467445,4.07503448362445,0.811592876844543,16.281586882783,3.14303723480725,6.63317769345525,2.59529749854028,-0.758300861427301,9.66241950605018,-0.912765865478548,4.57883980067692,4.63906538050912,4.74198466179877,4.67277971221569,19.4504707126172,7.40154825179957,19.5484135931612,9.81052841148608,2.03465518147425,-0.670422501917074,5.58457867544917,-1.3577251086997,3.53543393631998,10.2154389884806,11.7715793381476,-0.138413266373334,16.0565450597365,17.5921299968881,9.58504000656421,29.2371504611924,3.73904889671741,17.9587586013879,-2.06574003061837,-2.06089651545426,0.00919470203388073,52.1445729669426,1.06389297313609,0.129211707177376,13.0324502194918,12.4625269105857,20.7541901488745,7.22703458362565,3.69218496468534,-1.78484989480035,-2.5906416496718,-2.27709090308304,2.01105838916556,17.5618589629455,2.61310756402645,0.997875761339117,17.8369884357004,122.967371161076,16.4995335152649,5.90194932276796,7.23742474432038,8.03144287725792,-1.26683879963105,-2.32187422987931,1.49162669540954,5.63079251835313,5.9060733295874,0.634403412974336,51.2061313806342,11.3703130507749,11.4386661406971,4.26648510883558,16.796538505537,-0.277205921276732,-1.41546965536065,-2.11312499973099,2.41683697410076,2.09423022503881,12.2982576247313,1.81090561800494,28.597727285425,6.74897021602197,11.1485968092343,5.66717627766394,14.0770433421615,3.0225247871935,-2.09597358866461,-1.71905935036079,3.93517773929767,-2.36186047113728,5.10732874918835,6.90402022579889,-1.93614372602201,12.6823570942528,6.37574231810731,11.9318957858083,7.27673274314253,0.076716696660128,-2.9952910472349,-1.68368526172929
,92.5,2.84905792228358,4.67617303149325,2.74323783859205,2.88026482607739,0.49487715294191,15.5717946933133,1.69866559550906,3.28771149542132,1.33182199093699,-0.881895003511033,7.6496627704044,-1.31099254774875,2.66535549280917,2.07818111259058,3.07340605785663,2.26104595756721,15.986824565693,6.30508759813483,16.2608819126013,3.37991800736069,1.13220096530972,-0.75189162851359,4.4383440382482,-1.41256558841923,1.86157682437607,7.06265004745666,8.06934890708402,-0.65413178472653,12.8778901665971,17.570110585842,6.10954162527611,21.8387110101036,2.44015657732689,11.7847195818592,-1.87105351784697,-2.46564351046811,-0.657648075766531,32.3093621815606,0.82188231174689,-0.0591965781044905,10.8427553832801,12.5983652511516,16.0691442947108,6.10091249952831,2.9987240906438,-2.14922124277496,-2.55800903547254,-2.24719131502064,0.615178410317924,6.69653019737376,1.77266179992478,1.12045979484378,14.7196284948344,68.4386500046968,12.5995107383469,4.23362034912185,3.79831633349869,3.67745306787742,-1.81396160981399,-2.35083220405397,0.784391696410069,2.24157922302862,4.9168038411205,-0.276786925074134,28.6146223640839,9.66809508092098,9.15214337846396,1.82416555171255,12.2858740834227,-1.19563022207933,-1.22071452175931,-2.09811243302869,1.18363325498524,0.60611229378361,5.69578992330446,1.48645535820236,21.7805610813428,6.81079102424354,8.807598862139,3.18006940007359,9.08341544437951,2.0759326007352,-2.13295508394856,-2.24989452251924,2.91815676273995,-2.17479088758665,2.36817476759938,3.15475412477537,-1.87565816821473,12.2241153512821,5.19135386486147,5.61258186030182,5.24870340729046,-0.013524301608868,-3.42077025547349,-1.97355872872151
,93,1.34014943649714,2.92525773103881,2.03989317603634,1.98070581361611,0.592299833948175,14.5960990978078,0.829759262019593,1.85296109058078,0.799994606399423,-1.1889593487976,6.36386348563406,-1.6261567940594,1.35947333984348,1.31996290824281,2.34967966604921,1.2863380435208,13.6609019034627,5.29373205309662,14.4107745709841,0.896033516026648,0.386044391473888,-0.875232641875698,3.2315797507909,-1.11624865384169,0.563983133838804,5.64057432569581,5.37201161281752,-0.70034812261855,10.157589965241,16.9413314993255,4.0143054813941,15.477348404675,1.50039230980815,7.12221526262567,-1.67425543653712,-1.99583577496264,-0.974467681511328,16.7335757214256,0.666512517217654,-0.344862719089122,8.78757644887406,12.0892869376378,13.6242334254244,4.78754214902483,2.01117264589436,-2.00391252906252,-2.33405008739004,-2.03481409238657,-0.40575715466332,2.62841374670398,1.63248441764802,1.60828966196192,12.5984359680465,24.5147872941058,10.040356270537,2.84369430499441,2.18524103115544,1.13627421539542,-2.673310961092,-2.20168398618983,-0.159226838562404,0.177631202875432,3.87756080062604,-0.616852788880237,16.0383154822915,8.10169693540166,7.67730509441554,0.947293242328897,7.52337739134168,-2.00574950921532,-1.1967457708551,-2.32254929154965,0.27885169899173,-0.337628422877174,3.41007097256266,1.35061156786156,16.84623258236,6.11517753200286,7.7067077613799,2.01209813985429,5.80851100173851,1.71921113225994,-2.34400702490069,-2.03050897969092,1.96681036010438,-1.60382682785507,1.23654397555015,0.900309758395792,-1.87390838369106,11.3116458155087,4.40005900782057,2.62650904904558,3.45684424379431,-0.22256624658138,-3.2239358625913,-2.3139581634502
,93.5,0.504497264597944,1.71458196622336,1.23749291220707,1.74401604171584,0.662583672396579,13.0196539819635,-0.309006579972333,1.58325434784609,0.273281320995636,-1.44281285560589,5.45787320798587,-1.91600625375168,0.560020490698037,0.525086331098805,1.62878657414291,1.2456815519156,11.8872256923493,4.69472644182724,13.0176045653522,0.309069775889952,-0.247679546057441,-0.925235019277011,1.78448525046269,-0.22519977211067,-0.337573006804689,4.44817887315372,3.35205154400887,-0.475708137298852,8.46293045903877,16.4978581630947,2.82568318461023,9.69042133177396,0.407339792272978,3.40090684109919,-1.78688261074439,-1.77412870871188,-1.28745142833145,4.8150374977331,0.162303242831285,-0.639238081276915,6.91473367481035,10.9316894114583,12.7424651152084,2.56086433099108,1.62218084504093,-1.09466676860711,-1.55500923115142,-1.85772008923561,-0.797779033829102,1.32343115113883,1.34011996210927,1.67129916709217,10.367449812756,7.43549217930041,8.8300680311072,1.37689422316873,1.05111464370503,0.328552741111992,-3.69220319255163,-2.22744979705402,-1.2749891529055,-1.04465103845649,3.27270481731364,-0.911147260773419,11.1465852682795,6.48063455781227,6.89996136698664,0.208721628830517,3.20063224793574,-2.02617932789417,-1.26759227718543,-2.92152087096855,-0.555924418967038,-0.472706834772509,2.55788673538183,0.528496821386909,13.235315482506,5.5292815087314,7.18945836453207,1.38167272960527,3.69661310401807,1.03466176147873,-2.42219056653266,-2.08024674787828,1.07741150000589,-1.44920577861205,0.282085842000299,-0.47410827852525,-2.27247927822089,9.97391420778166,3.76279940040678,1.8451597707467,1.32177012817613,0.0339846477791639,-2.74497190169194,-2.50100269312082
,94,0.505904589776776,1.10863372370591,1.06936263732752,1.57473422830111,1.01729977195271,12.0132594418519,-1.15950953695886,1.50679805758637,-0.0525168565332024,-1.19450159861469,4.66325640093112,-2.06086752797631,0.209433846986144,0.074248982650829,1.06928115289475,1.27316451222481,10.737126920053,4.11126406899376,12.1077959681463,0.11426377533445,-0.277114307691079,-0.954436068512337,1.2184336957626,0.278614973341348,-0.743159427484841,4.17338228051972,2.01572807800056,-0.545502583096948,7.46302331913699,16.4024136304477,2.27839769135329,7.03852361403199,-0.12196340514015,0.772865995832035,-1.51332990692833,-1.94710894709738,-1.48881672687162,0.239924310161541,-0.568963153157142,-0.387274545008836,5.82212283593032,10.6850104364635,12.2359119287129,0.911321669811457,1.63329263263455,-0.689280207709317,-1.33232108535589,-1.82100386414697,-1.12996226599626,0.84649827055182,0.767640003648978,1.72663783547506,9.06401320145829,8.04464410024531,7.81536124633874,0.545796791644307,0.144765261011287,-0.161326376203192,-4.326550727663,-2.09981323306778,-1.68987662836059,-1.43474848046196,3.11325453631918,-1.31505620646288,7.45626547436854,5.41006076362464,5.97549139139755,-0.591491173377506,0.566818546859679,-2.09863467316126,-1.32541464859554,-3.31947158467705,-1.40113999448022,-0.559845929666665,1.6805527035134,-0.0660223520533805,11.025589634346,5.25243668164745,6.88893373392887,0.807962579988612,2.55432588250358,0.487492839848585,-2.3810050828705,-2.2883098033069,0.52235556951274,-1.36496934519045,-0.192693880003617,-1.10209751744821,-2.77053476627418,9.44093053195547,3.16985945419788,0.830914881169633,-0.123333533559162,0.427611124003079,-2.46780504357542,-3.10605662759008
,94.5,0.487591975178759,0.447886923475153,0.716480173758839,2.26445436443686,0.95764053426808,9.91068922422522,-2.41236549497756,1.16418199706322,-0.778731940169109,-1.52955881654486,4.85200259249098,-2.12154376043094,0.423872093275918,-1.1366408664361,0.334809267797482,2.38675870280252,8.94298829161926,4.81905928933548,11.6197237910794,-0.0247082692323488,-0.548199371733915,-1.17335950165136,0.704421501419858,1.75150345483399,-1.05309373043013,3.18348809069334,1.02179194531453,-0.306953293695585,6.9388759428976,17.8448145282144,2.21670230521335,4.00003884465434,-0.610344005644265,-1.86362771059612,-1.56432889961786,-2.26030760834487,-2.22071621943201,0.874441874377453,-2.22110086977534,-0.174744213532335,4.62727364286644,10.1983957773614,11.9951296618187,-1.64295311347001,2.43856712628946,-0.00586567594132248,-0.452693962842147,-1.65142592251743,-0.599393725594382,1.13394928042408,-0.676125092120799,0.943933618086078,8.07326152488855,7.41648344691276,8.48310387810568,-1.1157619704511,-1.43972961267042,-0.436558544100421,-6.11794948880487,-2.51310599759739,-2.78872665489905,-1.87943048061459,2.83014428223743,-2.33224744176363,5.81716367426037,4.48023387301237,6.34433387929857,-0.719167659214634,-1.32020281317062,-1.87664235658002,-1.54261639452346,-4.44484686207164,-2.28161205584775,-0.503452453888769,0.239624862693177,-2.20538005655709,10.0309291834069,4.48587343597688,6.05924291246731,0.675298986244684,1.86484616063706,-1.53615723887509,-2.18028104447183,-2.6497122064527,-0.597601007704895,-1.32894903396453,-2.04359509964593,-2.45925928466784,-4.777554187806,8.33297222364081,2.47987500747536,1.24980672814547,-2.24023907102765,1.42516538933501,-1.24101239292025,-3.8662187240343
,95,0.190582551131058,0.0720368628610686,-0.0134346496021749,1.38216060331382,0.293680017742986,3.12517021253956,-1.54116226268337,0.313101156870744,-0.644946489071572,-0.911061777260215,2.29141128274716,-0.820035667949412,0.395836080177673,-1.10246053536946,-0.196578062066237,1.56103368893395,2.93722732991,2.60038157832133,4.74204150942455,-0.0588572261200966,-0.437845438702368,-0.569222304026084,-0.0157813667714777,1.47251220753361,-0.529446631720418,0.758172563562539,0.170190642586647,0.0134016908451144,2.95255266814462,8.41838351454436,0.990654894020224,0.197154148057621,-0.444869786558002,-1.73555170592044,-0.780877062135801,-1.1143571703717,-1.27589376915716,0.649829304054265,-1.67529463997414,-0.0276632212479626,1.5025656149906,4.03257836111749,5.02446614581544,-1.73964466112471,1.54033412720224,0.330624059489082,0.35459596429979,-0.579947074173219,0.128747143985493,0.665185424099491,-0.977084022488668,-0.0798053352602324,2.93997253781941,2.7936051411719,4.2744662446479,-1.25908142688536,-1.33997195688204,-0.0598737122712691,-3.43496740934432,-1.36648792418504,-1.77283886991097,-0.982133349742412,1.07114563374836,-1.50367058726391,2.23447132488621,1.54556916143611,3.08872087332747,-0.243182057058164,-0.982854956993549,-0.553719007119241,-0.722087944240172,-2.49230718517941,-1.38850675428148,-0.0556018667003286,-0.59119811596895,-2.07156336830195,4.04475615530737,1.54299108064976,2.19545644408856,0.341324582692664,0.681631039961189,-1.80572644673015,-0.800303301628333,-1.26694667340166,-0.703043948785023,-0.625268921981103,-1.79344088231005,-1.67969692883378,-3.06328478639728,2.89185387478983,0.768396542606979,1.13305204701885,-1.89042034353724,1.1200873594496,0.0580900224290986,-1.87280596701385
