,Temperature,A1,A2,A3,A4,A5,A6,A7,A8,A9,A10,A11,A12,B1,B2,B3,B4,B5,B6,B7,B8,B9,B10,B11,B12,C1,C2,C3,C4,C5,C6,C7,C8,C9,C10,C11,C12,D1,D2,D3,D4,D5,D6,D7,D8,D9,D10,D11,D12,E1,E2,E3,E4,E5,E6,E7,E8,E9,E10,E11,E12,F1,F2,F3,F4,F5,F6,F7,F8,F9,F10,F11,F12,G1,G2,G3,G4,G5,G6,G7,G8,G9,G10,G11,G12,H1,H2,H3,H4,H5,H6,H7,H8,H9,H10,H11,H12
,55,5074.93723314194,4750.76574002671,5006.84982772287,3861.0778395621,4222.84113296658,4856.38229311211,3922.11452797002,4485.25154108105,5018.31816053356,3955.93152747006,4813.01953391166,2844.1758366206,5128.77571895302,4819.819476825,4826.82459078346,4966.87675951933,4936.14696818255,4944.41910546959,5141.23210040256,4971.73282317025,4886.88261263751,3168.73338998584,4724.15268288096,4684.90377068442,5190.06029798688,4512.03806020318,5125.45913286323,2757.51578229612,5064.9072597421,4530.02586171861,5356.32885505902,4945.86350768894,5207.92427168195,4942.77056467523,2277.70146946472,2292.30149593786,3956.31839326514,4731.49150369056,3946.66547605633,4776.77370818159,5162.18616088663,5022.80697483887,5040.39052473128,4497.79405696409,5287.28130875353,2377.74588764447,2274.28181977764,2287.13651409003,5319.14669809226,5027.82668261015,4696.76093094066,3175.37604778022,3955.57654910304,5277.43038552896,5165.99657137094,5250.21661007694,5291.30335716478,4591.50876503054,2279.75204653796,2288.64044841812,5093.83991417661,4008.08278251223,4900.44626288198,4211.57134257751,5510.08877723797,5044.00307395605,5190.00052674791,5350.81833612986,5121.36987367953,4026.86010442777,2281.99984366685,2289.49503159081,5098.70379425083,3924.14430538821,4898.73672243205,4106.05614754256,5100.63874862188,5049.41491725577,5337.16950555641,5111.22233948963,5178.93103477007,4902.32481020663,2282.56284602239,2284.27490625039,5447.57348959447,3273.58646051259,4470.62398624667,4451.88790838244,2253.5587048145,5188.90010313356,5110.88449634219,4937.61621158097,4961.91951903273,4093.32739457961,2279.13379736151,2286.08096466589
,55.5,5088.25408759913,4763.02662588712,5025.63230620624,3885.86043858481,4228.25081214826,4865.39669448934,3919.84336995344,4500.33698074586,5031.35084978716,3971.74571512323,4822.1832370195,2837.11291200757,5142.08290330855,4831.73584145761,4845.225731835,4989.37281627196,4957.40945301881,4956.04132569478,5165.54972018482,4996.74788105827,4906.42662205827,3176.53149732814,4733.89212930721,4683.9438515493,5212.74077256298,4541.70238266646,5138.86444718657,2760.56824754674,5078.43007122827,4548.42323925327,5375.20316055603,4964.12715389079,5229.74516584269,4958.45061843742,2277.87984654031,2292.79130079949,3951.94422852157,4758.52035399265,3962.04575207736,4794.56296300704,5185.76228629307,5035.10180041028,5054.5192170763,4514.23321077453,5306.42893752741,2378.84790042856,2274.47111890012,2287.66758780065,5342.12190057922,5054.19894299884,4705.84048715943,3197.32124959082,3963.67576151688,5296.58483027253,5185.0123277718,5264.47313867596,5315.83728079034,4610.66791445235,2279.69026756496,2288.62979019906,5097.24930849551,4019.98852130592,4908.07715028375,4216.08149353346,5536.7421139956,5057.41376951454,5207.27276576839,5365.76859167184,5143.49251982085,4034.16075944464,2281.91483013368,2289.88332484855,5108.6289215596,3935.34915888872,4905.81719654963,4122.49046458577,5123.1483368828,5066.02388077521,5347.74557428137,5124.69963989422,5208.30113258328,4923.18913594676,2282.39063124332,2284.49413973036,5456.80903848326,3263.13958888309,4477.18454650051,4457.81446121536,2254.12977957766,5205.06636143038,5117.73334471489,4957.752518415,4970.1781459689,4108.12411503367,2279.48551872632,2285.85512568657
,56,5101.57094205632,4775.28751174753,5044.41478468961,3910.64303760751,4233.66049132993,4874.41109586657,3917.57221193685,4515.42242041067,5044.38353904076,3987.55990277641,4831.34694012733,2830.04998739455,5155.39008766409,4843.65220609022,4863.62687288654,5011.86887302458,4978.67193785506,4967.66354591998,5189.86733996708,5021.7629389463,4925.97063147903,3184.32960467045,4743.63157573345,4682.98393241418,5235.42124713908,4571.36670512974,5152.26976150992,2763.62071279736,5091.95288271444,4566.82061678794,5394.07746605305,4982.39080009265,5251.56606000342,4974.1306721996,2278.05822361589,2293.28110566112,3947.57006377801,4785.54920429475,3977.42602809839,4812.35221783249,5209.33841169952,5047.3966259817,5068.64790942133,4530.67236458497,5325.57656630129,2379.94991321264,2274.66041802261,2288.19866151128,5365.09710306618,5080.57120338753,4714.9200433782,3219.26645140141,3971.77497393072,5315.7392750161,5204.02808417265,5278.72966727498,5340.37120441591,4629.82706387417,2279.62848859195,2288.61913198,5100.6587028144,4031.89426009961,4915.70803768553,4220.59164448942,5563.39545075322,5070.82446507302,5224.54500478886,5380.71884721381,5165.61516596216,4041.4614144615,2281.8298166005,2290.2716181063,5118.55404886836,3946.55401238923,4912.89767066721,4138.92478162898,5145.65792514371,5082.63284429466,5358.32164300634,5138.17694029882,5237.67123039649,4944.05346168688,2282.21841646425,2284.71337321032,5466.04458737205,3252.69271725359,4483.74510675436,4463.74101404828,2254.70085434081,5221.23261972721,5124.58219308758,4977.88882524903,4978.43677290507,4122.92083548773,2279.83724009112,2285.62928670726
,56.5,5114.88779651352,4787.54839760794,5063.19726317298,3935.42563663021,4239.07017051161,4883.4254972438,3915.30105392027,4530.50786007548,5057.41622829437,4003.37409042958,4840.51064323517,2822.98706278152,5168.69727201962,4855.56857072283,4882.02801393808,5034.3649297772,4999.93442269132,4979.28576614517,5214.18495974935,5046.77799683433,4945.51464089978,3192.12771201275,4753.3710221597,4682.02401327906,5258.10172171518,4601.03102759302,5165.67507583326,2766.67317804797,5105.47569420061,4585.21799432261,5412.95177155006,5000.6544462945,5273.38695416416,4989.81072596178,2278.23660069148,2293.77091052275,3943.19589903445,4812.57805459684,3992.80630411942,4830.14147265795,5232.91453710596,5059.69145155311,5082.77660176636,4547.11151839541,5344.72419507517,2381.05192599673,2274.84971714509,2288.7297352219,5388.07230555314,5106.94346377622,4723.99959959696,3241.211653212,3979.87418634456,5334.89371975967,5223.04384057351,5292.98619587401,5364.90512804147,4648.98621329598,2279.56670961895,2288.60847376093,5104.06809713329,4043.7999988933,4923.33892508731,4225.10179544538,5590.04878751085,5084.23516063151,5241.81724380934,5395.66910275579,5187.73781210347,4048.76206947837,2281.74480306733,2290.65991136405,5128.47917617713,3957.75886588974,4919.97814478479,4155.3590986722,5168.16751340462,5099.2418078141,5368.8977117313,5151.65424070341,5267.04132820971,4964.91778742701,2282.04620168518,2284.93260669029,5475.28013626084,3242.24584562408,4490.3056670082,4469.6675668812,2255.27192910396,5237.39887802403,5131.43104146028,4998.02513208306,4986.69539984125,4137.71755594179,2280.18896145593,2285.40344772795
,57,5128.20465097071,4799.80928346836,5081.97974165635,3960.20823565292,4244.47984969329,4892.43989862104,3913.02989590369,4545.59329974029,5070.44891754796,4019.18827808275,4849.67434634301,2815.9241381685,5182.00445637516,4867.48493535544,4900.42915498962,5056.86098652983,5021.19690752758,4990.90798637037,5238.50257953161,5071.79305472235,4965.05865032054,3199.92581935506,4763.11046858595,4681.06409414394,5280.78219629128,4630.6953500563,5179.08039015661,2769.72564329859,5118.99850568678,4603.61537185727,5431.82607704708,5018.91809249636,5295.20784832489,5005.49077972396,2278.41497776707,2294.26071538437,3938.82173429089,4839.60690489893,4008.18658014045,4847.9307274834,5256.49066251241,5071.98627712453,5096.90529411139,4563.55067220585,5363.87182384905,2382.15393878081,2275.03901626757,2289.26080893253,5411.0475080401,5133.31572416491,4733.07915581573,3263.15685502259,3987.9733987584,5354.04816450324,5242.05959697436,5307.24272447303,5389.43905166703,4668.14536271779,2279.50493064594,2288.59781554187,5107.47749145219,4055.70573768699,4930.96981248908,4229.61194640133,5616.70212426847,5097.64585618999,5259.08948282982,5410.61935829776,5209.86045824478,4056.06272449523,2281.65978953416,2291.04820462179,5138.4043034859,3968.96371939025,4927.05861890237,4171.79341571541,5190.67710166553,5115.85077133355,5379.47378045626,5165.131541108,5296.41142602292,4985.78211316714,2281.87398690612,2285.15184017026,5484.51568514963,3231.79897399458,4496.86622726205,4475.59411971412,2255.84300386711,5253.56513632086,5138.27988983298,5018.16143891709,4994.95402677742,4152.51427639585,2280.54068282073,2285.17760874864
,57.5,5141.52150542799,4812.07016932873,5100.76222013962,3984.99083467564,4249.88952887499,4901.45429999821,3910.75873788712,4560.67873940514,5083.48160680162,4035.00246573588,4858.83804945086,2808.86121355546,5195.31164073066,4879.40129998795,4918.83029604114,5079.35704328244,5042.45939236376,5002.53020659555,5262.82019931386,5096.80811261043,4984.60265974122,3207.72392669738,4772.84991501226,4680.10417500875,5303.46267086741,4660.3596725196,5192.48570447993,2772.7781085492,5132.52131717299,4622.01274939196,5450.70038254407,5037.1817386982,5317.02874248564,5021.17083348605,2278.59335484268,2294.75052024602,3934.44756954732,4866.63575520107,4023.56685616153,4865.71998230892,5280.06678791882,5084.28110269596,5111.03398645641,4579.98982601638,5383.01945262293,2383.25595156485,2275.22831539006,2289.79188264313,5434.02271052702,5159.68798455358,4742.15871203443,3285.10205683319,3996.07261117224,5373.20260924679,5261.07535337518,5321.49925307199,5413.97297529262,4687.30451213957,2279.44315167291,2288.58715732282,5110.88688577115,4067.61147648071,4938.6006998909,4234.1220973573,5643.35546102606,5111.05655174845,5276.36172185037,5425.56961383969,5231.98310438605,4063.36337951213,2281.57477600101,2291.43649787949,5148.32943079476,3980.16857289076,4934.13909301994,4188.22773275862,5213.18668992637,5132.459734853,5390.04984918114,5178.60884151254,5325.78152383607,5006.64643890728,2281.70177212707,2285.3710736502,5493.75123403834,3221.35210236508,4503.42678751592,4481.52067254706,2256.41407863027,5269.73139461771,5145.12873820567,5038.29774575114,5003.21265371362,4167.31099684991,2280.89240418553,2284.95176976934
,58,5154.83835988519,4824.33105518914,5119.54469862299,4009.77343369834,4255.29920805667,4910.46870137544,3908.48757987053,4575.76417906994,5096.51429605522,4050.81665338905,4868.00175255869,2801.79828894243,5208.61882508619,4891.31766462056,4937.23143709269,5101.85310003507,5063.72187720002,5014.15242682074,5287.13781909612,5121.82317049846,5004.14666916197,3215.52203403969,4782.58936143851,4679.14425587363,5326.14314544351,4690.02399498288,5205.89101880327,2775.83057379982,5146.04412865916,4640.41012692663,5469.57468804108,5055.44538490005,5338.84963664638,5036.85088724823,2278.77173191826,2295.24032510765,3930.07340480376,4893.66460550316,4038.94713218255,4883.50923713437,5303.64291332526,5096.57592826737,5125.16267880144,4596.42897982682,5402.16708139681,2384.35796434894,2275.41761451254,2290.32295635376,5456.99791301398,5186.06024494227,4751.2382682532,3307.04725864378,4004.17182358608,5392.35705399035,5280.09110977603,5335.75578167102,5438.50689891819,4706.46366156138,2279.38137269991,2288.57649910375,5114.29628009004,4079.5172152744,4946.23158729268,4238.63224831326,5670.00879778369,5124.46724730693,5293.63396087085,5440.51986938166,5254.10575052736,4070.66403452899,2281.48976246784,2291.82479113724,5158.25455810353,3991.37342639127,4941.21956713752,4204.66204980184,5235.69627818728,5149.06869837244,5400.62591790611,5192.08614191713,5355.15162164928,5027.5107646474,2281.529557348,2285.59030713017,5502.98678292713,3210.90523073558,4509.98734776976,4487.44722537998,2256.98515339342,5285.89765291453,5151.97758657837,5058.43405258517,5011.47128064979,4182.10771730397,2281.24412555034,2284.72593079003
,58.5,5164.63799412289,4835.0344674552,5137.9821643045,4030.18728842709,4255.97567379627,4918.63161150248,3902.01662545744,4589.38041215426,5107.8815773989,4064.09558550845,4875.87872263535,2794.52289728051,5218.29208362571,4902.06671622256,4953.86254521493,5118.61004077797,5082.90226316177,5024.05936226524,5306.69447166869,5142.70429080149,5015.73585232527,3222.76467899448,4790.77036707333,4677.75488188029,5343.6985955681,4717.07053233903,5215.32439396999,2777.92858858132,5158.95251980932,4656.58863749107,5480.95502428133,5070.7640959802,5355.00213563893,5052.87695093886,2278.93904282161,2295.53135853445,3921.78095338522,4919.64717236609,4051.99067573552,4897.86822319547,5324.1840006987,5106.45526092406,5137.32306523779,4609.95035191434,5417.23418091524,2385.41053567286,2275.77028194054,2291.1013580525,5473.11404675533,5209.81215647845,4757.23789662817,3325.47652524173,4007.59761350769,5404.09427522285,5295.43186681204,5346.85100529668,5457.49444906415,4720.68244703174,2279.46897534773,2288.7039264512,5115.32164845298,4084.84423310361,4950.67810859814,4236.17109949665,5688.43281706806,5135.30718632571,5307.10212830899,5449.52555254702,5271.99543974921,4075.69392369869,2281.3584707437,2292.14725149352,5164.00971618369,3994.83148897455,4945.45302939374,4217.61397039698,5254.83315839106,5161.17831748139,5407.12622683012,5201.99106531618,5376.91229356003,5044.78137912049,2281.59802365122,2285.6952049522,5498.96152196827,3198.33092409145,4514.65062814126,4486.16595538073,2257.65304643812,5299.37380224154,5155.92706428484,5076.40858211134,5016.51314286818,4194.4938020503,2281.76066907152,2284.56521217628
,59,5169.79659282774,4844.16836728447,5155.14022242074,4045.32717371297,4251.5655737461,4925.52327776242,3892.01970219508,4600.85911323625,5116.87772830551,4074.13939115226,4881.96244716579,2787.19375502256,5222.66553298142,4911.06556855293,4967.42045511698,5127.11825832055,5098.56430689653,5030.84737894542,5319.60336017487,5157.64047133899,5017.77711342572,3228.48793376633,4798.08869669898,4676.63514027818,5352.54525932524,4739.6203930686,5219.40287694468,2778.82084830635,5170.25538491182,4669.93842468321,5482.85532231719,5082.06639503962,5363.19676840983,5068.18309965176,2279.3254025562,2295.5360682851,3909.44421163813,4943.05008848627,4062.24342883277,4906.9527313703,5339.65645788192,5113.0715497791,5146.28941483076,4619.10428801142,5426.79737839752,2386.29850414366,2276.13742455304,2291.54515547096,5479.35171818783,5229.2284376698,4760.1292687025,3339.71325141879,4005.95745197662,5407.55298164183,5305.19137949359,5354.3067648268,5468.69102113887,4728.44706696427,2279.69358524306,2289.18401310424,5113.74292823603,4082.9747669409,4951.97203277621,4227.21836864432,5696.49136100004,5142.71628292837,5314.99362588077,5450.70140489924,5284.22767062724,4077.36274030866,2281.47106792151,2292.66605984154,5164.69399039108,3990.69231005778,4946.33791759454,4225.96217143975,5268.41410144382,5168.06942897355,5408.55039547239,5207.11827892463,5388.84622996708,5056.77476201408,2281.85013144185,2285.63184747899,5482.53428926021,3183.43017619035,4517.01924150325,4477.8370906778,2258.46904715495,5307.89335704792,5156.83326497453,5090.47414282348,5017.23789922197,4203.9380335627,2282.2554513677,2284.44750007277
,59.5,5168.45936300356,4851.02832140183,5168.90109951169,4054.54534481807,4242.3180620349,4930.49307931916,3878.47654687327,4609.04617779368,5121.04560677343,4079.23783623575,4886.07946590393,2779.02897895483,5220.56328249958,4917.75770787547,4975.87142999615,5125.39906605264,5107.85434889082,5033.79807380618,5323.75174816308,5164.67523450665,5010.07120180872,3231.36578229514,4804.11615456033,4674.25545169767,5350.57907290069,4755.76146594057,5216.65776086494,2778.21296466268,5178.34609599064,4679.36692161956,5474.13976416502,5087.72762394903,5361.10687123852,5080.92251443646,2279.89755222485,2295.40060536947,3894.09968487765,4961.13128630702,4069.37558640404,4909.3098725804,5346.43746177296,5115.31514794146,5150.73776368065,4622.80389407083,5428.35190744654,2387.01173170855,2276.64629229319,2292.05624830762,5473.53420537018,5242.94463692922,4759.62416756584,3349.66129113607,3999.2000217393,5402.77335748885,5307.96005223327,5356.78454225247,5470.16061578784,4728.76150166997,2280.17341131127,2289.70551979603,5109.44415243586,4074.92666266666,4949.43838342501,4212.7358214814,5692.81926047775,5145.00941390027,5315.7044944773,5442.2302389147,5288.92949053075,4074.86686323141,2281.61170197542,2293.18687876895,5159.60864236921,3980.07388752333,4944.08299774408,4227.96090911711,5274.65045023981,5169.68806831592,5404.59963079102,5206.61252604182,5390.02320543971,5061.92008778409,2282.21980447287,2285.57567886482,5457.30283060222,3166.69943813144,4516.95535713972,4463.62537119391,2259.37284708386,5309.76392201033,5154.41717549237,5099.13569582681,5013.01787197163,4209.7161155279,2282.50313925971,2284.39967275146
,60,5159.84965085846,4854.07148467263,5176.49948202825,4057.67207772265,4228.41395966171,4932.54360497729,3862.52159702102,4612.33144409172,5118.92816596755,4078.58726161947,4886.2928780862,2769.58679874585,5210.3424276808,4920.18365714867,4976.98907173199,5113.75678999729,5108.84147986184,5032.01740627966,5318.74842639799,5162.60785379313,4994.54818608966,3231.50041417981,4807.67229384424,4669.07760368741,5337.14214360749,4763.51524272579,5206.43628615246,2776.09029964005,5181.00771420058,4684.03602778568,5455.80661455552,5085.71053739989,5348.52215110952,5089.14506949564,2280.46425024335,2295.15242816745,3876.26691251224,4971.11832749175,4072.42005205884,4903.31902231964,5342.29529942252,5111.71882700061,5148.99248174273,4619.61967067052,5420.2595307875,2387.57059897398,2277.0311772663,2292.41757589909,5456.5939014339,5248.95988487279,4755.88639460271,3354.92712336178,3988.0580694976,5390.17256248988,5302.44681722704,5352.2142597129,5460.77825687307,4721.015837027,2280.56471806259,2290.26360824809,5102.06705425087,4061.63862655112,4943.13047912627,4194.38704917481,5677.4607686751,5141.02716945487,5307.65867736225,5424.04380276329,5284.40381217736,4067.50106528577,2281.90970068899,2293.64907905399,5148.72712232631,3964.2810459862,4938.54177378827,4223.21383950726,5272.0404923165,5165.13339250183,5394.93283019279,5199.7321487874,5380.31287747591,5059.06795701213,2282.67329308671,2285.77765007991,5426.04994659145,3148.32743377566,4514.53535538431,4445.28029709784,2260.37895378979,5303.57197888129,5147.85276013617,5100.27677580565,5003.12829031005,4210.64009811103,2282.94846516747,2284.61226883729
,60.5,5144.15769782435,4852.11593808119,5175.65506163712,4055.45639829455,4210.99268618707,4931.2201938752,3845.29687298875,4608.9831263926,5109.16583503657,4072.11948579207,4882.42631246372,2758.64282831353,5192.94074724852,4916.97763184896,4969.67122791148,5094.76620237401,5101.33990777709,5025.6828751009,5305.7418086572,5151.89598377409,4972.92703890897,3228.57654965874,4807.97669673871,4659.20860064085,5314.41735859633,4761.76363165302,5189.09135772315,2772.42581621974,5177.31128650972,4683.6799962941,5429.90771064376,5076.06558185588,5327.30712482707,5090.59134710651,2281.21113305572,2295.01164032616,3857.23521071537,4971.01950240292,4071.84306332304,4890.08694414705,5327.84105211442,5102.38223024997,5140.48203586388,4609.76962182013,5402.79465813513,2387.95962528854,2277.34041911207,2292.85939376634,5430.98627715804,5245.80778872517,4748.76889705763,3356.71205240032,3973.72435482168,5371.17370096235,5288.2876752691,5339.64454693869,5442.0275504699,4706.50417408968,2280.98678208782,2290.64488182092,5091.50310841956,4044.22897274439,4932.48205556563,4173.20586251251,5652.7697009983,5130.2348922234,5291.09278502807,5398.20608663477,5270.56121519409,4055.57254293938,2282.27806654827,2294.10603153547,5132.30617781713,3944.88373981012,4929.68537335474,4212.82612469953,5260.30708815674,5154.78235754944,5379.48068508329,5186.49048099425,5361.58755930282,5047.3727897937,2283.31309872951,2285.87068242182,5391.7941876627,3129.39802727211,4509.44598018312,4423.91020410602,2261.26175722968,5288.94014407664,5136.89412703231,5092.86302747647,4987.40241770029,4206.50870557434,2283.46745114539,2285.09407885332
,61,5122.11116265476,4845.05666555352,5165.68046164128,4049.06293505304,4191.60231224079,4926.00828691168,3827.75362539469,4599.40484854572,5092.28627869225,4061.03834575051,4873.61633390614,2746.65936673434,5168.85735188826,4907.86430556092,4954.6655715356,5069.73605788119,5085.93252148578,5013.99746093671,5286.44774463803,5134.21329967464,4947.30710029221,3223.01090244614,4804.79205859987,4643.32825816775,5285.08193965945,4752.13821554838,5165.90588445945,2767.29597700667,5166.28801105722,4678.36263666385,5398.48180359103,5059.33146749773,5299.53015668818,5082.9741225877,2281.76487078081,2295.10744807861,3837.65386084518,4961.40825698224,4067.03987613602,4870.76398841241,5305.16296645367,5087.31876340866,5125.49578068785,4593.72603017905,5377.96735118532,2388.15698821063,2277.6753046281,2293.14478627274,5399.3664302426,5233.40501976308,4738.5933442255,3355.6289105472,3957.35027168909,5347.63695792913,5267.22698276724,5319.8826153566,5416.71686624338,4687.08581311947,2281.34421285059,2290.9898824446,5077.39725750651,4024.66307213819,4917.77660677456,4150.79630307606,5621.38143649708,5113.75911896961,5267.9986305382,5366.90889590499,5249.47320897574,4039.63755583254,2282.78349257016,2294.68177782434,5110.9460432204,3923.60750818493,4917.61498967423,4198.022175709,5241.63749781506,5139.62856045041,5358.54718583723,5167.55134497835,5336.46985035407,5028.43550950558,2283.92217290396,2286.21787744992,5356.78781009757,3110.00687959393,4501.84572509956,4401.20390193101,2262.15138910188,5267.53657909582,5121.51357400097,5077.27424211929,4966.44454143235,4197.48954921164,2283.82337610635,2285.7531236301
,61.5,5095.12533897829,4832.42826588394,5147.09630904598,4039.83722974277,4171.2093227075,4916.5349745493,3809.97621106022,4584.11791661385,5068.86973861737,4046.44027923113,4860.1371750323,2733.73632768195,5139.70870899273,4892.50364258551,4933.37827211437,5041.09245714223,5064.16440510763,4997.55023891113,5262.37235365402,5111.12440635548,4919.46356318041,3215.35220976845,4797.23243099542,4620.40763943163,5252.03685022299,4736.30540276496,5138.2801685137,2761.02172197639,5148.49367345956,4668.40723049239,5364.07648470459,5036.53824458135,5267.91203834063,5066.96791204999,2282.20287600806,2295.20152870043,3817.97825836662,4943.58967959366,4058.33127728847,4847.07107926369,5276.29274165795,5066.68572007238,5104.601706433,4573.05040152115,5347.79013484154,2388.09568542199,2278.19204470637,2293.68821859038,5364.16102827182,5213.45561256334,4725.24826512009,3352.00076402512,3939.69829648723,5320.759304892,5240.73404109432,5293.63504529711,5386.97865097287,4664.45802035556,2281.57627091936,2291.18897725187,5059.97420360295,4004.41265499231,4898.92753674718,4127.87687138336,5585.98840507696,5092.19705030084,5240.03364005633,5332.07649198942,5222.72638869733,4020.73801813985,2283.15714145528,2295.09771139925,5085.32881441866,3901.65770524229,4902.63124942666,4180.14588245289,5218.4260303605,5120.07746203872,5332.89953920965,5143.67883524946,5307.63267486072,5003.92326298646,2284.54482832192,2286.96888754606,5322.08234471832,3090.7944354546,4491.60456843236,4377.89149520927,2262.96311561683,5241.32874956421,5101.66903351841,5055.37101404103,4941.49520643643,4184.50820981764,2284.16520257191,2286.42313649531
,62,5064.69628783522,4813.96699223133,5121.94472584119,4028.87516063419,4150.021504129,4903.17748685024,3792.33633819834,4564.07811076823,5041.54900932498,4030.16429735218,4841.9967531971,2720.64749886744,5107.06423355341,4871.40186384509,4907.65645436202,5011.28782834483,5038.41504130398,4976.69669336329,5235.67615179743,5084.51687369681,4891.01086914473,3206.92802442722,4785.01665986012,4591.76124728408,5217.37584640682,4716.28520102783,5107.65579220152,2753.9687910478,5125.12385825288,4655.06049304035,5328.67684233695,5009.61948607847,5234.6315354821,5044.47081215737,2282.71896501882,2295.36829835208,3798.04369925734,4920.28650299819,4046.28841234717,4820.65027744668,5244.83212850622,5041.2916504442,5079.22828511537,4549.2256373224,5314.53242426166,2387.70066490183,2278.45173464882,2294.13817712788,5327.77028923565,5187.51282927927,4708.68158838588,3346.23003610216,3921.92698077374,5291.59291934081,5210.63619444308,5262.34594513906,5355.00868474228,4639.87754784269,2281.70480547032,2291.43718310942,5038.84162505438,3983.73828413943,4876.33694296404,4104.41078423175,5548.90944167274,5067.36918302784,5208.74492575302,5295.65433620597,5192.18363439458,3999.8142875661,2283.47589315165,2295.37049304957,5056.66393993492,3879.48353693083,4884.1882956098,4160.94003468628,5192.41187681763,5096.81209542709,5303.26385547453,5116.22350965595,5276.89672682762,4975.85394182732,2285.02247959568,2287.66588175097,5287.20745547422,3071.56407590675,4478.86137581671,4354.43512738782,2263.67539816042,5211.95568368435,5077.7028470035,5028.67264835225,4913.52281810334,4168.3044537925,2284.63362363062,2287.11455893799
,62.5,5032.16632520729,4791.07970761672,5092.4431171112,4016.62813730888,4128.79263260825,4885.58743793536,3774.79006959987,4540.91655494304,5011.766855927,4012.72337284119,4820.31574992225,2707.74371227596,5072.78569946755,4845.97390761441,4879.03365820736,4981.00814322121,5010.31915665439,4952.23980112966,5207.15990176325,5055.75895674958,4861.70648441464,3197.49496932074,4768.15033711689,4558.91414301814,5182.75342502179,4693.39300187023,5075.28898063317,2746.3250528879,5097.74188191704,4638.95975414905,5292.90698198368,4980.39285885348,5200.73560112669,5017.02949139365,2283.12114924502,2295.54521091208,3778.18532286194,4893.42346169159,4031.72048817741,4793.12972451714,5212.58180584455,5012.8045575178,5050.89424448872,4524.1312853166,5279.86121907245,2386.97283219678,2278.9588944591,2294.78954142166,5290.81612270617,5157.22279080095,4688.97305917084,3339.42599209401,3904.27304421374,5260.73002338159,5178.2418579693,5227.91747140785,5322.12959960724,4614.33404495486,2281.97353153145,2291.6008554306,5014.10436371096,3962.84365594121,4850.56185530401,4080.6337749638,5511.53830100161,5040.55762476653,5175.89213132929,5259.02108758133,5159.79625334254,3977.79432645958,2283.91418455971,2295.58845750961,5025.73942484804,3857.46689515474,4862.58846350648,4141.14655666048,5165.14371270143,5071.09208235276,5270.62272224053,5086.73408069286,5245.6724693755,4945.5362714817,2285.45190686177,2288.29232018205,5252.47685903913,3052.80411688054,4463.24381049559,4330.67625864138,2264.42074967603,5180.78924920025,5050.48142079873,4999.18992265704,4883.55482641914,4150.21390072572,2285.01716318533,2287.43990620084
,63,4998.62355715193,4764.95548478147,5060.5380264176,4003.44279865634,4107.45109563672,4864.69992869528,3756.88568368236,4516.11843810367,4980.97987621811,3994.84805440716,4795.72773450843,2695.32016523744,5037.42120295404,4817.34038859482,4849.15495686607,4949.97729761422,4980.80928546173,4924.62954274123,5176.99849085946,5025.9630826232,4832.06350218405,3187.78453519532,4747.26580040737,4523.53122646728,5148.29305137875,4669.21815652689,5041.85424647153,2738.57715271923,5067.53874709646,4620.8152432351,5256.91215267132,4949.5218424956,5166.61995521968,4986.6072341611,2283.52992356032,2296.03602416955,3758.23423668979,4865.17155481896,4014.88808109295,4764.7916242117,5180.13268775266,4982.08102275692,5020.43969569076,4498.12172740723,5244.63748808131,2386.16834435654,2279.3695981273,2295.58565607993,5253.84175309279,5124.78256940857,4666.70252654366,3331.26655089903,3886.94343739953,5228.81572072066,5144.973982747,5192.23894829964,5288.99926784997,4588.32356810449,2282.40803975985,2291.94967555466,4986.15890734925,3942.08225951687,4822.24125159396,4056.91818747454,5473.83848556364,5012.90979461835,5142.60148847453,5221.87205065613,5127.10685507096,3955.13382820836,2284.41297486918,2295.83739544081,4993.18997303981,3835.88091322795,4837.86357884954,4121.05100297598,5137.92360691662,5043.23486104644,5235.69694679147,5056.08904020079,5214.46396154684,4914.66170822315,2285.83316311054,2289.13244775352,5217.87917973306,3033.82120904204,4444.85855861516,4306.56708358476,2265.37823345425,5148.99891476829,5020.26065494352,4968.45536951938,4852.54012123613,4131.04616328552,2285.24599312336,2287.93701191605
,63.5,4964.65999330495,4736.26774030462,5027.4744004499,3989.48632359627,4085.49744624983,4840.74403968457,3738.59986893345,4489.85098777014,4949.1704961525,3976.59219551309,4768.88182885932,2683.07265280777,5001.83900934205,4786.69231454067,4818.46640487904,4918.79681995737,4951.13352962756,4895.10655957827,5145.31507940469,4995.12070645755,4801.97155273506,3177.91323661145,4722.96646828386,4486.77144603912,5113.74709065523,4643.99588835574,5007.61101729661,2730.58752341956,5036.10878312511,4601.23680592909,5221.01098542688,4917.87439168646,5132.23183879184,4955.47491555378,2284.21333521575,2296.80393176706,3738.49453921145,4836.5594811206,3996.96372894229,4735.98427098851,5147.79830386826,4949.8910170614,4988.80973003455,4471.90738216782,5209.32969926584,2385.06296653335,2279.62814598991,2296.35383871599,5217.08139574813,5091.30363670288,4641.84145035732,3321.74726695268,3869.66058026657,5195.91158713237,5111.12171784012,5155.8777226428,5255.104762772,4561.7296673109,2283.1100650082,2292.26308672344,4956.01629428687,3921.22017026271,4791.95029184296,4033.29889746095,5435.92175296479,4984.75225771361,5108.89189683152,5184.50655098009,5093.8187320546,3932.06476592836,2284.86696043993,2296.04127388391,4959.88159695294,3814.39873974915,4810.71319229828,4100.76023986371,5110.1949723779,5013.32158328114,5199.48759163567,5024.7261882203,5183.04513897002,4883.55586356398,2286.28334825494,2289.60964467524,5183.21175735406,3015.24403552209,4423.79445569004,4282.4201917093,2266.28516305916,5116.45423382367,4988.08041302444,4937.28904180615,4821.10340334462,4111.3974250752,2285.599962814,2288.52126199136
,64,4930.19195098033,4706.22810357376,4994.22354178475,3974.75243550551,4063.00936739779,4814.61229351352,3720.13794529544,4462.79590383484,4917.1516812894,3957.75642872946,4740.37910451205,2671.32288787069,4966.36376119745,4755.1557999345,4787.37502859998,4887.31610913832,4920.95443097462,4864.38554668488,5112.52499220703,4963.58432126192,4771.47197850111,3167.88929031383,4695.61139963287,4450.00532416068,5079.12286308102,4617.74586686749,4972.97273248871,2722.76636440032,5004.09185036281,4580.64659830822,5185.16188728072,4885.84524326226,5097.42078475504,4924.02153554765,2284.85748204397,2297.69022613948,3719.16051188118,4807.86759744324,3978.34884712559,4706.91087453028,5115.66405884975,4916.92637541594,4956.66738995116,4445.65946179682,5173.60211396246,2383.65338392452,2279.68682637471,2296.98781812801,5180.89540332514,5057.30619946764,4614.87776637162,3311.35084669634,3852.81284357195,5162.19563395968,5076.83437725332,5118.99588011164,5220.35486425656,4534.61798572161,2283.88375060353,2292.70994424024,4923.99837550186,3900.11552831374,4760.46725804531,4009.58490679772,5397.81607692612,4956.65753555501,5074.96437702429,5147.21672650015,5060.25011809139,3909.02599921013,2285.48656854278,2296.21034618315,4926.48924509145,3793.06543477526,4781.29778349882,4079.7819315,5081.69256131921,4982.06898601308,5162.24427658211,4993.28618793132,5151.51615632408,4852.43780262558,2286.66710833734,2289.89558524278,5148.56168816743,2996.74991476625,4400.73533763686,4258.14787160034,2267.31584767908,5083.40676041958,4954.57062377577,4905.42404052999,4789.17011434843,4091.15613470691,2286.16983759951,2289.15403751708
,64.5,4896.11124078782,4675.85693737538,4960.64704560274,3959.05016118178,4040.44937412945,4786.71295584753,3701.67103083193,4435.37431890599,4884.65503572765,3938.04442994942,4710.68530824547,2659.82576499098,4931.30666709692,4722.9680904822,4755.81879734358,4855.44169141417,4890.37722883186,4832.97886329103,5078.55329631715,4931.29356613702,4740.44994667208,3157.50725282574,4666.04774763691,4413.38187810446,5044.69589462903,4590.62369378561,4938.01226754944,2714.93328186836,4971.7016192856,4558.61995535742,5149.09715195347,4853.65997604916,5062.46338064451,4892.12174920548,2285.3779030105,2298.49139226054,3700.1553331241,4778.6058286874,3959.11944267585,4677.45769984073,5083.33938144259,4883.8996476609,4924.13615314493,4419.18895011538,5137.74436024922,2382.23579627618,2280.01169739242,2297.6218648589,5145.04747247326,5022.70319784409,4586.31536654289,3300.26105880492,3835.88830545978,5127.80276622942,5042.23831495006,5082.30061943303,5184.79402693465,4507.18020644005,2284.83184200661,2293.16845225768,4890.9888843013,3878.98829306475,4728.37921894034,3986.17690989667,5359.42498886536,4928.38250699805,5041.12481583775,5110.14153268433,5026.66720167839,3886.11324723464,2286.08950537603,2296.71762744232,4892.94969076284,3772.01886970115,4750.66526336805,4058.04774509004,5052.12614977917,4949.72732196454,5124.57073769817,4961.88668342688,5119.61920038367,4821.0435953786,2287.04530673841,2290.24577112829,5114.19714257043,2978.51191939354,4375.67130234514,4233.89487590621,2268.42279958415,5050.02768630379,4919.98076123588,4873.273660399,4757.26095872321,4070.77552237625,2286.65640642316,2289.71455649022
,65,4862.24339260434,4644.70414566779,4926.88834076897,3942.73199475128,4017.54689158597,4758.13970981492,3683.10630285817,4407.27558881675,4851.44525768998,3917.94078796573,4680.09631162014,2648.84269041954,4896.62044188071,4690.47598937568,4724.27372866348,4823.29130176718,4859.73979541389,4801.26905899551,5043.60974243195,4898.81819139717,4709.17874983712,3147.4664729543,4635.51840659604,4376.75467500215,5010.16524918451,4562.75962278139,4902.68580688328,2707.26100090809,4939.1583569022,4535.496491403,5112.91233509474,4821.22965862917,5027.4497455267,4860.0737071708,2286.10363587734,2299.55231073953,3681.54217277743,4749.20510494828,3939.32923621546,4647.60767947272,5050.94185885021,4850.52352417279,4891.0995570995,4392.05872204338,5101.96234282874,2380.81258419607,2280.1134526105,2298.07718985433,5109.75066697885,4988.27585215543,4556.60072214722,3288.1045354227,3818.77202250153,5093.06630792539,5007.68684307002,5045.53563542007,5148.26949963138,4479.81951468474,2285.72726701,2293.62419215008,4857.424875117,3857.98953135953,4695.72713171811,3962.94533416516,5320.78621681089,4900.12432582307,5007.46144227867,5072.79526659893,4992.96336147314,3863.40559487348,2286.60721004027,2297.54548949814,4859.48287722265,3750.78335874449,4718.9988679996,4035.52554942547,5021.48521971686,4915.96826715612,5086.35324195941,4930.31127015253,5087.32168768038,4789.63638302715,2287.50401622992,2290.6114118594,5080.01394948042,2960.3896347593,4349.36499674564,4209.44739616309,2269.53331054051,5016.28187931328,4884.63946849805,4840.78340035383,4725.5697715872,4049.96027337874,2287.26807217556,2290.72152094258
,65.5,4828.76930335912,4613.32933980073,4892.99524988643,3925.74580986484,3994.76071409343,4728.97048720718,3664.73464620823,4378.9626487385,4817.91233595384,3897.37258817868,4648.73788836519,2638.04016387142,4862.73702775964,4658.03747101793,4692.680444015,4791.23217412714,4829.35219614349,4769.71100855874,5008.06896040131,4865.73787481796,4677.98386438014,3137.15386929095,4604.38234601671,4340.48007816984,4975.88340619065,4534.40891805467,4867.22751879687,2699.37191871242,4906.84550368259,4511.28743075665,5076.97918473289,4789.16351844369,4992.32620091051,4828.00501806639,2286.66087065282,2300.42460265401,3663.44085114024,4719.33875400096,3919.28931777095,4617.58259073271,5018.64408542616,4816.94334233804,4858.19871568162,4364.87295015918,5066.44914484212,2379.0132199458,2280.45582728754,2298.3235576356,5075.00181462991,4953.63401523066,4525.8421961526,3275.25459872257,3801.33606823811,5057.88153863287,4972.9199917723,5008.51282690586,5110.5651342136,4452.2122904996,2286.30531564977,2294.12548277152,4823.63975118568,3836.89657619496,4662.88841145176,3939.58714735033,5282.3803072903,4871.7446746702,4973.7382161207,5035.43897842043,4958.91020280614,3840.86453755398,2287.17598851547,2298.36199729708,4826.29900565377,3729.39648750578,4686.97627261071,4011.98188581212,4989.60393165599,4881.65250631751,5048.03840906447,4898.48713468282,5054.5958286346,4757.95024968486,2288.05982944797,2290.99032811012,5045.90472560952,2943.00283859269,4322.42277032339,4185.12158212953,2270.34734146602,4982.5257702299,4849.1729789701,4808.04497002028,4694.10882357533,4028.78965310392,2287.90907870043,2291.68283062363
,66,4795.64758558313,4581.65986305859,4859.2080761087,3908.36755805149,3972.31590985148,4699.60307572219,3646.48754301596,4350.89518423292,4784.72024300052,3876.35581098918,4617.25514024082,2627.71552095598,4829.6535911068,4625.55801465917,4661.30594433636,4759.69016814442,4798.64535831612,4738.02519493184,4972.31221975183,4832.2279240168,4646.8808471808,3126.80753250492,4572.69820168098,4304.72683921849,4942.11105898864,4505.60654448443,4831.737943079,2691.71646862806,4874.51875896652,4486.01222189379,5040.97888220162,4757.05456684152,4957.42390368889,4795.56169777069,2287.07168012104,2300.920954351,3645.38808819104,4688.63680475349,3898.64749724534,4587.52616257042,4986.32627125715,4783.26800028875,4825.01062428015,4337.56172154996,5030.64173050406,2377.20649112733,2281.04109111483,2298.5701479918,5040.79423971256,4918.8295107458,4494.44992284596,3261.91552240754,3783.87631984864,5022.29889584303,4937.87094684104,4971.39957668546,5072.19716991421,4424.63089164166,2286.64822426019,2294.74869344752,4789.75074302544,3816.13670055146,4629.87406732253,3916.16771787251,5244.11454333745,4843.05541020595,4940.15546946943,4998.19093243376,4924.85645365001,3818.57302251893,2287.65610038631,2299.23197220748,4793.65905723152,3708.11455342054,4654.338172116,3987.54958750777,4957.2755141154,4847.1059114597,5009.28380792199,4866.65712898395,5021.68945202887,4726.00412590425,2288.50887815081,2291.67132173556,5012.37348230418,2925.81365265808,4295.2161210819,4160.54862646182,2271.09998823759,4949.19229598995,4813.54885478998,4775.1332709643,4662.38746682706,4007.18005459794,2288.43957759019,2292.31541390591
,66.5,4763.42468930796,4549.70609120858,4825.35498635482,3890.52373731172,3949.9685419761,4670.12547213598,3628.1331302546,4322.84982367081,4751.62397640294,3855.12474345762,4585.68550474863,2617.72409885324,4797.50786054862,4592.6483084172,4629.77180843015,4728.76353812507,4768.12193971689,4706.38451818144,4936.5568852437,4798.49513997437,4616.112635709,3116.42479097173,4541.19951278951,4269.37901205717,4909.22013395089,4476.75037035046,4796.15346337301,2683.83460897032,4842.22534846093,4459.77953651193,5004.77049784078,4724.86381572646,4922.63434827766,4762.84895094919,2287.61200867604,2301.43772741867,3627.35219271835,4657.4082678133,3877.42791059395,4557.315417895,4954.16962847367,4749.79954451216,4791.58925267124,4309.91162457335,4994.76199633163,2375.61076196754,2281.71671921297,2298.88649315195,5007.25893396044,4883.80943404131,4462.86087723639,3248.22553665388,3766.12640220531,4986.59007363395,4903.26721457412,4934.67143842396,5033.92281408827,4396.76861159757,2287.0252130161,2295.25567211359,4756.18043973939,3795.2938766961,4596.57472854736,3892.78640601767,5206.08147170062,4814.21679826821,4906.99475392366,4960.65472627286,4890.74745287415,3796.32430649761,2287.99828406413,2300.14629123697,4761.61621120255,3686.86338336404,4621.70865920544,3962.92556891999,4924.56492247099,4812.12687637418,4970.69062033099,4834.92086012515,4988.52438682327,4693.91214993555,2288.95522834149,2292.36963985563,4979.58380066737,2908.91447916602,4267.78793874021,4136.0704770543,2271.55624336092,4915.97874755763,4777.74637650274,4742.37131685535,4630.76204847593,3985.25746124284,2288.87026612071,2292.79318974834
,67,4731.58411583539,4517.51100375954,4791.35242696449,3872.61167719937,3927.71849286008,4640.67070174306,3609.68676509013,4294.71294356105,4718.56517084811,3833.91550821542,4554.11669450803,2607.91425016904,4766.12302493346,4559.92992717424,4598.28094924334,4698.2639683766,4737.90031414482,4674.87033094639,4900.83815817202,4764.70549875663,4585.54579359538,3105.90039211956,4509.91797857775,4234.57829689427,4877.31094150486,4447.55858163925,4760.54257370017,2676.12657710592,4810.14596293704,4433.15781231382,4968.32606094809,4692.10556431324,4887.74451529657,4730.02274238503,2288.27908660547,2302.00439395285,3609.69686324903,4626.01543657834,3855.95807675074,4527.11515858604,4922.28195900494,4716.19041776651,4757.96522573204,4282.41280096105,4958.78415919942,2373.88996770848,2282.28744041631,2299.41322080776,4974.72352078893,4849.18808169546,4431.3386222834,3234.440068257,3748.11052214893,4950.91394468163,4868.65773111999,4897.48343842747,4995.40701473819,4368.84990126655,2287.22475661664,2295.78532901976,4723.2459676768,3774.55967880249,4563.21243679232,3869.12415290436,5168.29086282041,4785.47150487164,4874.01078772262,4922.88040511974,4856.34094837758,3774.07262044028,2288.22532343846,2300.79557066961,4730.40632864614,3665.22340777705,4588.4904774015,3938.06858263483,4891.9761563654,4776.99980433494,4931.52275671361,4802.93625361044,4955.52694607302,4661.80108528303,2289.52024196135,2293.1028747461,4947.48401116205,2892.43094035742,4240.47833587043,4111.04335612187,2272.09697660578,4883.12672915797,4741.91163376823,4709.5623187904,4598.98745417343,3962.96271931192,2289.44617005063,2293.25692572391
,67.5,4700.67368558433,4485.7286887665,4756.97069061622,3854.36287115505,3905.57630541555,4611.34324519054,3591.40318864673,4266.69773467751,4685.96612216025,3812.45796146611,4522.54453415734,2598.07402345271,4735.61181354245,4527.15961959571,4566.88282800033,4668.22977803459,4707.73659582001,4643.48984036024,4865.50479151936,4730.65460867617,4555.21961024188,3094.87803629772,4478.44979523482,4200.51980196208,4846.76286706386,4418.64159595404,4724.98373743772,2668.48564797307,4778.28622679661,4406.11183909065,4931.72002386697,4658.83846111894,4852.86436860524,4696.88007649865,2288.79081651909,2302.27324836756,3592.45123331604,4594.17557832354,3834.34981215936,4497.06538562407,4890.7704165747,4683.09171245173,4724.51979316227,4255.15384463971,4922.43795992338,2372.05178893622,2283.12327570078,2299.99382926127,4943.35973879732,4814.19271628862,4399.72306953246,3220.62991715619,3729.92111597212,4915.11372305226,4833.88927192698,4860.35106637323,4957.42064463188,4340.67960057997,2287.47252487781,2296.49641875155,4691.17945952622,3753.78647649986,4529.95726563633,3845.34430771079,5130.5099843899,4756.48065187789,4841.14443647051,4885.2956721673,4821.95145793182,3751.61415956768,2288.5631751827,2301.14703279244,4700.15269403909,3643.81142909428,4555.20474059676,3913.09270553033,4859.77309927228,4742.32923817926,4892.56462829911,4771.04542520765,4922.39990659129,4629.47255241817,2290.18208931961,2293.77684160355,4916.24463373393,2876.11007826769,4213.28539627028,4086.02365455169,2272.53673023476,4850.60644672164,4706.12526273402,4676.79412763105,4566.77491138415,3940.42947338535,2290.01158758989,2293.50947475746
,68,4670.41985206998,4453.82356598641,4722.59356738397,3835.93379111488,3883.15975188591,4581.70863644731,3573.07584777069,4238.65419183859,4653.47098525012,3790.76547279312,4491.15913276781,2588.58440073075,4705.52010293414,4494.27263261574,4535.37568411292,4638.06964128261,4677.43471217153,4612.38191382738,4830.62242756698,4696.47656965307,4524.7380301763,3084.15942820368,4446.9572244944,4166.83736829649,4817.18440394857,4389.7473810879,4689.47741775342,2661.03269149379,4746.62548102355,4378.32124655207,4894.74449829428,4624.91543079434,4818.18596518842,4663.72013654318,2289.31092799959,2302.47594864243,3575.29503394566,4562.01757797283,3812.26902351811,4467.00560457645,4859.6768684079,4650.49007069018,4690.91603748696,4227.79863712994,4885.56096365805,2370.61279000328,2283.85354252797,2300.40124480863,4912.83435416745,4779.06733174953,4368.37608816247,3206.64014796899,3711.5180743275,4879.19455082347,4799.1662502104,4823.03209396881,4920.11686230683,4312.61874279049,2287.99943856607,2297.13546960583,4660.13734863438,3733.1902542111,4496.98044760333,3821.48227484982,5092.44092709258,4727.09359208828,4808.60728778344,4847.96287490545,4787.32581983355,3729.04636353635,2288.94852981847,2301.540748036,4671.00638275923,3622.38675446414,4521.72089084395,3888.54929354079,4828.04978481582,4707.50588063455,4853.58767954931,4739.79229383337,4888.73307483936,4596.86937438672,2290.65395996802,2294.28179445777,4886.04129612676,2859.751709135,4186.12701355356,4060.6900806434,2272.9335825474,4818.23377243237,4670.43517840189,4644.09546955728,4534.31707360591,3917.68192182147,2290.55930587706,2293.53531094739
,68.5,4640.76520749609,4422.39311922689,4687.94320885369,3817.03931805175,3860.6862829331,4552.30245666932,3554.7541477575,4210.47189563185,4621.2255392579,3768.8764209767,4459.6714546813,2579.09751270008,4675.92654196851,4461.58630253862,4503.86978861475,4607.15516123162,4647.28302452067,4581.91038132486,4795.82573803477,4662.36282385616,4494.03138570395,3073.18203585755,4415.61132860635,4133.4860480094,4788.52820798089,4360.84211624237,4654.17977262156,2653.65345119999,4715.0213191436,4349.92716067114,4857.64858769963,4590.62886916583,4783.19122145343,4630.51176363493,2289.90938408951,2302.82404405212,3558.48483118483,4529.87080150917,3790.19326865544,4436.73035982006,4829.14476813159,4618.66532585516,4657.34840125413,4200.38308158542,4848.76382892285,2369.16180742846,2284.36051785312,2300.98660509839,4883.05670231384,4744.10450272248,4337.40171374871,3192.57818365977,3692.78991302883,4843.46677298656,4764.38790353749,4785.59857414146,4883.46241747975,4284.45574875931,2288.68050554455,2297.76709799338,4629.9317178317,3711.93359856197,4464.25969109888,3797.6130072452,5054.40193816654,4697.55964647018,4776.4844125005,4810.51862745961,4752.61044417636,3706.629566305,2289.4283980132,2301.87125732063,4642.52709075113,3600.78481923595,4488.40324948109,3864.32088554155,4796.67766754081,4672.9093358061,4815.1243163091,4709.1129285459,4854.96211777926,4564.19860084277,2291.23635270236,2294.71717806653,4856.44097560405,2843.64179253158,4158.81569430134,4035.29561780248,2273.37493417459,4786.0555009847,4634.78176836803,4611.38526163108,4502.00899951225,3894.8891278051,2291.14522875369,2293.91239914798
,69,4611.34611416671,4391.00225970403,4652.98320554699,3797.60222204089,3838.3426339763,4523.3370246246,3536.57177875093,4182.30210297197,4588.80503078801,3746.61106101028,4428.0160333842,2569.82603105274,4646.63346615435,4429.29698187422,4472.30672515209,4575.39905100826,4617.29186142966,4551.67425805906,4760.84030955975,4628.08459096227,4462.95469320369,3062.02918074651,4384.0895800893,4100.33947013492,4760.00098397059,4331.64002354989,4618.75561252686,2646.50070386751,4683.60505394177,4321.0795638159,4820.41546591916,4556.20381318337,4748.17417908305,4597.25708971236,2290.30228196458,2303.11203548303,3541.70571191281,4497.3928796206,3767.8507649223,4406.18642798473,4798.83243832947,4587.22070526424,4623.93672149704,4173.16035836664,4812.21864416012,2367.66561638207,2284.95758513464,2301.6159509043,4853.40022384492,4708.72343535717,4306.34039585328,3178.37564283922,3673.88428554042,4807.60200638578,4728.88222219351,4747.97150645339,4846.60310209124,4256.87443914386,2289.5317600394,2298.52541381748,4599.97641847771,3690.69241090206,4431.88166726906,3773.61008885844,5016.11185458757,4667.74088328412,4744.3058435403,4773.34589862618,4717.70108961938,3684.15582873446,2289.97749001937,2302.4188755914,4614.24283302057,3578.92239772398,4454.88927049451,3840.17158030073,4765.79334666089,4638.70822052446,4776.60151571949,4678.52409076045,4820.63977684956,4531.20624505248,2291.99622805374,2295.19026703615,4827.08979246918,2827.81974398651,4131.24659602874,4009.58708311763,2274.13215847876,4754.48566901064,4599.29293047197,4578.50900963264,4469.68935775734,3872.15406521337,2291.59922342126,2294.40300528601
,69.5,4581.99638603364,4359.58568270302,4618.21825469015,3777.36297501363,3815.5437512447,4494.47988508202,3518.42268520634,4154.07481638004,4556.13342588138,3723.73778340278,4396.32169570921,2560.97202783442,4617.20482139997,4396.81314412165,4440.60634642874,4543.09499364094,4587.18462147458,4521.85747809962,4725.92091336594,4593.7320185466,4431.75023416851,3050.8768174056,4352.7667398126,4067.03395217468,4731.30742957849,4302.62223725851,4583.41480437795,2639.44157909692,4652.2542571018,4292.02866861442,4783.36927137614,4521.91018240862,4713.51323120542,4564.12538855876,2290.56471867384,2303.6342041243,3524.43942045345,4464.62641459437,3745.1878961644,4375.61490776229,4768.56806837292,4556.4062904488,4590.88326499728,4145.96716057858,4775.64845727678,2366.34260792632,2285.64428409281,2302.04802950979,4823.48267581145,4672.66592831933,4275.4334576196,3163.6738226413,3654.69144552825,4771.39974167057,4693.29683327565,4710.41313821319,4809.80106418824,4229.44185857682,2290.32662977561,2299.16233418718,4569.78127491141,3669.05145000784,4399.56437532531,3749.85024777177,4977.4913995222,4637.49683029451,4712.31872171537,4736.28080708872,4682.7857266782,3661.63430455462,2290.7880461024,2302.95872931598,4586.07081365103,3557.32661460096,4421.80651344792,3816.08870689612,4735.22112403878,4604.71911157901,4738.73609284436,4648.58261685002,4785.2990974703,4498.16700334844,2292.78770723713,2295.68158535976,4797.67939945704,2812.14322707484,4103.65524445006,3984.21712354358,2274.45074803128,4722.90562666809,4564.23514984736,4545.44580362729,4437.47608281239,3849.4346558275,2292.11728263784,2294.96930881871
,70,4552.00525259495,4328.07877792114,4583.85721892582,3756.56246654673,3792.68999834137,4465.61952505468,3499.94082343992,4125.91582539927,4523.32761160247,3700.68474816222,4364.69521630454,2552.42598960865,4587.3522504711,4364.40509536398,4408.55871741305,4510.10160476856,4557.3897132055,4492.11598816334,4690.96466363576,4559.22191652419,4400.57108585887,3039.84156139131,4321.61614738675,4033.25700417065,4701.93467805942,4273.11622422851,4548.13498794455,2632.25429275737,4621.11829711568,4262.71434109558,4746.32492835664,4487.91218874179,4679.07829607815,4531.0204946544,2291.00877885891,2304.45281807889,3506.18000782628,4431.84910846626,3721.91538537281,4344.91174972293,4738.37597776389,4525.51650344461,4557.92294168156,4118.71643883022,4739.37556823817,2365.18111442214,2286.25375106678,2302.44649361193,4792.74980481712,4636.88443699461,4244.86328515676,3148.62178958303,3635.39074028226,4735.20439002213,4657.65890623431,4672.94468200535,4772.83172100662,4201.98720578465,2291.23256805859,2299.71012196091,4539.31368758759,3647.07499187599,4367.44590758944,3725.92713803732,4938.65830899966,4607.22257565312,4680.60998361092,4699.12952790712,4647.63520652055,3639.31860059373,2291.68212801463,2303.4385155483,4557.47442107646,3535.47579042444,4388.75843927726,3792.19698150829,4704.79315297626,4570.79633520907,4700.71694794113,4618.99872874036,4749.59757023553,4465.30536639875,2293.39421227703,2296.25610579166,4767.73868871667,2796.79846623778,4076.11489369423,3958.74423647876,2274.72750437785,4691.93502470846,4529.47328631546,4512.22095784172,4405.67256228734,3827.0156514572,2292.61442112259,2295.51464170409
,70.5,4521.64574958407,4296.83853827166,4549.61345627662,3735.40281856588,3770.02360303318,4437.08435740273,3481.49027614888,4097.62818066577,4490.65565843479,3677.23470127763,4333.29296960599,2544.10821531878,4557.23273936856,4332.11890178906,4376.52726634439,4477.04652610969,4528.22104195487,4462.3466530507,4655.61192780201,4524.85346744585,4369.2890719092,3028.50114068855,4290.56201166378,3999.07673645086,4671.77173028647,4243.37515165738,4512.83170356053,2625.11076201098,4589.74517838287,4233.76566221318,4709.58900258668,4454.1058459112,4644.36125717269,4497.59746827335,2291.63297242902,2305.30245871928,3487.22982867005,4399.15136835827,3698.15592564521,4314.47847449088,4708.07439609096,4494.5926131747,4524.94368335434,4091.32441434926,4703.50078473853,2363.82697567689,2286.83760649134,2303.06502039806,4761.25967909574,4600.98379306396,4214.56547886637,3133.33814143863,3615.83593817397,4698.90392902625,4621.95152386045,4635.89183472799,4735.66194342868,4174.52962612675,2292.10819649769,2300.29408165159,4507.98110587481,3624.69623368828,4335.36177032735,3702.42390070866,4899.77232752732,4577.00151326063,4648.7399454273,4661.95364197678,4612.6992768546,3617.30873588235,2292.53520911158,2303.95267649445,4527.83571330765,3513.36524853042,4355.67707882146,3768.16917391903,4674.48780079729,4537.31769627437,4662.8372159381,4589.08405040217,4713.9689975538,4432.78764016314,2294.12295083906,2297.00521310938,4737.00851880636,2781.71951243974,4048.35625921888,3933.54722244719,2275.19575792369,4661.45593525666,4494.79225728472,4478.73779660857,4374.14473848268,3804.77779418285,2293.30781471488,2296.22889319883
,71,4490.77950098843,4265.23794299034,4515.63903718365,3713.9018698426,3747.33389052481,4408.75712156839,3463.19602783027,4069.34226969518,4457.66037976395,3653.61919691376,4302.00257093274,2536.35978710045,4526.54877945182,4299.7066952275,4344.29823026752,4444.17485394647,4499.44279399484,4432.31024788584,4620.317624593,4490.31395623999,4338.3107863128,3017.0994463482,4259.53234814538,3964.57592084874,4641.46756814528,4213.15075309948,4477.26903604808,2618.14447395555,4558.85833091901,4205.24920342887,4673.01919443166,4420.46057916552,4610.06708574656,4464.2483099543,2292.19982818916,2306.21528875433,3467.65544384719,4366.12932857063,3673.50325201714,4284.22706896924,4677.44276571308,4463.32383705143,4492.15823258584,4064.03320498657,4667.8453639252,2362.56869171705,2287.5458615753,2303.5408735603,4728.79086586966,4564.6193119528,4184.26495788805,3117.68297054965,3596.24558254674,4662.42844854027,4586.21789749916,4599.07033684235,4697.89460851156,4147.15813844042,2292.90918004236,2300.77486755129,4475.9701398093,3602.50363696103,4303.45621405609,3679.02023936947,4860.62029326555,4546.93196725964,4616.83261882676,4624.82242245273,4577.74413517343,3595.32273368908,2293.47630433028,2304.51750799004,4497.3030441476,3491.26674891468,4322.7575395722,3744.20033915115,4644.02931245579,4503.74348508563,4624.72615088534,4558.70670206851,4677.757077684,4400.40016355763,2294.67996865861,2297.83756661442,4705.44529798719,2766.87200232652,4020.4921533039,3908.656026623,2275.70984004584,4631.20133833168,4460.36349437538,4445.28442214315,4342.99954208999,3782.4569725414,2293.96490137435,2296.61932870224
,71.5,4459.67413882795,4233.78128161744,4481.88286559443,3692.18236262304,3724.72327340363,4380.20939385607,3445.06397456984,4040.87266663854,4424.93267367752,3629.99295732092,4271.07197786346,2528.61988858893,4495.26099604206,4267.27621495254,4312.49496346062,4411.30764691964,4470.88733614968,4402.35785641164,4585.14575638145,4455.8442297254,4307.71422456802,3005.71186392745,4228.94324322316,3929.3417587445,4611.3373784701,4182.55062702434,4441.8772785863,2611.05020831568,4528.18483706869,4176.83798523225,4636.78815652919,4386.7467614792,4576.15597030568,4431.10270307629,2292.86633573876,2307.29969946884,3447.84073248436,4333.12334655558,3648.23432927065,4254.3331938084,4646.72593852428,4432.19102262141,4459.40949984754,4036.60351521413,4632.2082559591,2361.16908584254,2288.04382031969,2304.09009879149,4695.71822703041,4528.5216966679,4154.23172814595,3101.70180725087,3576.55109870391,4625.94513138212,4550.81742773327,4562.2574161501,4659.96366840228,4119.53156536356,2293.47543574666,2300.92224212251,4443.62502593843,3580.30874129835,4271.84512792328,3655.78293477297,4821.34710859417,4517.00752103907,4585.23223283174,4587.85989400145,4542.85733818004,3573.46465281877,2294.31177540377,2304.91856183868,4466.18469726429,3469.33656202092,4290.10644820311,3720.03769468934,4613.22219502473,4470.24776462445,4586.74322976578,4528.25215729391,4641.52043726373,4368.58603277702,2295.12697699294,2298.65277242675,4673.02581485318,2752.1163821031,3993.01284374039,3884.03269490184,2276.07158328646,4600.80797056409,4426.07665018014,4412.00184076111,4312.15566312038,3760.30144256342,2294.7460133784,2297.10514667688
,72,4428.18991594007,4202.34723798108,4448.02255840235,3670.43501528865,3702.76450951391,4351.75677536944,3426.85978790647,4012.20818681966,4392.72770193695,3606.41362709938,4240.27952770497,2520.8733520639,4463.92050752379,4234.9232542467,4281.16784199747,4378.3689364766,4442.70206849163,4372.42299874206,4549.94163263017,4421.50516222973,4277.06861056817,2994.32424637929,4198.28132518247,3893.56644758381,4581.43877117023,4151.00957268218,4406.53760393347,2604.00138283223,4497.66773920784,4148.10049547119,4600.58533702694,4353.22190996433,4542.0719279578,4397.82930228308,2293.67795775908,2308.19690984592,3428.01786946247,4299.99390967565,3622.14851836718,4224.63894766316,4615.97007937199,4401.01590095635,4426.54176612925,4008.87190224645,4596.741875094,2359.66886866701,2288.50764064518,2304.76890134746,4662.19079784454,4492.66045645945,4124.08709188543,3085.43036821514,3556.93895749948,4589.66849253104,4515.37182538934,4525.91859388801,4622.08059879074,4092.00610757499,2294.20070108078,2301.13903919307,4410.93299856578,3558.15291855276,4240.80148272854,3632.43389192457,4782.16713194851,4487.15546552504,4553.72058229499,4551.4337730766,4507.87668699507,3551.70129004709,2295.16603752292,2305.45711983997,4434.41258123132,3447.2937100055,4257.85173689558,3695.85723435485,4582.17532753737,4436.99281942879,4549.07459148897,4497.31309684891,4605.40300908001,4336.77777068029,2295.5500014281,2299.23629221457,4640.12655723491,2737.41574814511,3965.51454954465,3859.24158793009,2276.85073129301,4571.0315157608,4391.74357888826,4378.96414763958,4281.40186405193,3738.22871882572,2295.33879439757,2297.66965609928
,72.5,4396.83430976265,4170.91985888336,4414.19944627028,3648.64005359115,3681.01165385457,4323.50017356227,3408.96241233311,3983.09584920335,4360.86078647576,3582.56216213583,4209.80357089528,2513.33305571768,4432.63781027976,4202.61874176346,4250.36869782997,4345.67416043863,4413.87871176323,4342.86372688893,4514.49076956858,4387.2045953107,4246.32492073932,2982.6801886869,4167.79060958907,3857.30820950034,4551.86984446387,4118.70514279956,4371.37907281162,2597.13262996867,4467.27026048178,4119.32425920132,4564.63639691899,4319.96065956757,4507.74090301271,4365.04894826359,2294.27348395599,2308.86620720526,3408.70856945914,4266.46584027742,3595.44828399106,4194.97342509459,4585.12041117207,4370.19206962349,4393.57705386786,3981.13582025314,4561.19343083762,2358.06126088391,2288.7303405271,2305.3520792159,4628.52450539828,4456.35632859994,4093.87257422448,3068.85493353321,3537.07850636011,4553.57021032006,4479.86960845326,4489.65733233256,4583.72283514799,4064.78347237711,2294.57697232296,2301.47080106172,4377.67663776065,3535.9456419187,4209.92097742543,3609.40396842903,4743.131314182,4457.13298624043,4522.30733786066,4515.4453580527,4472.71750198588,3530.08480902982,2295.86432699617,2306.32152942567,4402.40519592556,3425.39675713635,4225.82413141495,3671.52714590663,4551.06109206831,4403.74574443221,4511.97013284043,4465.84244500129,4569.17604677891,4304.85810816715,2296.08292754182,2299.80216553995,4606.81785349881,2723.07329330415,3938.0166753102,3834.52881547673,2277.67529940028,4541.36060418235,4357.51088847842,4346.03726359613,4250.88782800322,3716.22661780992,2295.96149591836,2298.45550443887
,73,4365.05535760568,4139.38723420303,4380.22088154041,3626.48143832057,3659.24289909512,4295.62950294391,3391.14421834671,3953.60124090633,4329.09180985388,3558.76650811435,4179.26028011368,2505.99336384783,4400.92819436867,4170.32375533351,4220.00916103991,4313.0695202799,4384.12100959742,4313.56158870816,4479.31086587676,4352.67774813736,4215.91718301737,2971.02628910385,4137.20128810748,3820.21507404657,4522.74950567979,4085.17880844655,4336.56426382509,2590.11965060713,4437.41068154085,4090.19756361135,4528.71606072662,4287.04319586691,4473.49285233015,4332.89646592286,2294.84083014237,2309.6769560443,3389.59451259444,4232.39494768162,3568.40060712297,4165.22025719004,4554.33002897517,4339.58877960329,4360.73233195492,3953.58849717115,4525.83096991886,2356.61361176288,2289.12078124535,2305.92270919362,4594.53730371632,4420.09084173174,4063.06676764285,3051.82611487156,3517.50761520461,4517.85156096973,4444.32598964934,4453.07862724249,4545.02405687795,4037.65016031915,2294.7722226602,2301.84342427087,4344.6187232808,3514.05011033107,4179.3001471303,3586.25719788047,4704.337236119,4427.41803432026,4491.57602031401,4479.6276415044,4437.18528185307,3508.14766912299,2296.35883001907,2307.04815340423,4370.72211758085,3403.97737964799,4194.43159486694,3646.94019705365,4519.86853210048,4370.43824037331,4475.38457097937,4434.14050525723,4532.90580175333,4273.03209815618,2296.40053361561,2300.39238855186,4573.18189612754,2708.89482277527,3910.73579682052,3809.63108645553,2278.37859613852,4511.91672535763,4323.37270918734,4313.01881511882,4220.40225982277,3694.25175192274,2296.28854989786,2299.30512733157
,73.5,4333.3650346101,4108.04670842167,4346.20722771601,3604.04357111876,3637.59854805325,4267.83789530897,3373.54527041383,3923.36406409774,4297.61347261557,3534.61038813509,4148.89837664926,2498.31571386002,4369.65502442369,4137.95691808713,4190.14585496532,4280.39099963986,4353.43967173178,4284.65144100346,4443.98733997725,4318.38449265228,4185.31193260732,2959.5142423615,4107.02222983744,3781.52461907356,4492.60243320608,4050.39826702213,4302.18006244845,2582.6664460305,4407.27616273355,4060.90021441522,4492.92372941758,4254.3734035185,4438.7964531077,4300.98159227362,2295.56824363584,2310.46419203789,3370.70601716735,4198.332360566,3540.79644266188,4135.5309501944,4523.72316461223,4309.47855654862,4328.04163189444,3925.90887679782,4490.4094325511,2355.29518596355,2289.5625856325,2306.63509767992,4560.57959703703,4383.95922136247,4032.11181185161,3034.11678248938,3497.79835144552,4482.42989505592,4409.03752006757,4416.41248737638,4506.08241010885,4010.82405818528,2294.83859406704,2302.46127454605,4311.43119882846,3492.36270012182,4148.81281695242,3563.42171699644,4665.62649939765,4397.75067625059,4461.00754246956,4444.03766291883,4401.57835558635,3486.16254201909,2296.71025413709,2307.59830426843,4338.97240553585,3382.59887784575,4162.88962462784,3622.14301615832,4488.83566864785,4337.52400514955,4439.29635328517,4402.33838306657,4496.96095847858,4241.35687090447,2296.86521927161,2300.71318308159,4539.33431820584,2694.93434950988,3883.71184735591,3784.50608847416,2279.00719596181,4482.99612120204,4289.20448474074,4279.77802109477,4189.70042157194,3672.8214596561,2296.80164568248,2300.29832282294
,74,4301.3029730133,4076.65080440897,4312.47314166933,3581.501058382,3615.91366731172,4240.3483641761,3355.83842589688,3892.43819526958,4266.35870301155,3510.16253312955,4118.39132233805,2490.74364010054,4339.32164724066,4105.60144568842,4160.18319673595,4247.92136513396,4321.92962853237,4256.06470920015,4408.80173881033,4284.16764181923,4154.72586373951,2948.09895702002,4076.6230109733,3740.91501354269,4461.35192918614,4014.0068574046,4268.28079372272,2575.17536667241,4377.3392675288,4031.71383248943,4457.14374596609,4222.16129662071,4403.50435476622,4269.28338556897,2296.29424984544,2311.06670955065,3351.72590165696,4163.90387614251,3512.40914063417,4105.97158833558,4493.39275499047,4279.58431484091,4295.56721798962,3898.0404524425,4455.05939930289,2354.1120597054,2290.22313993862,2307.15971433481,4526.80070763038,4347.61196567794,4001.2011106134,3015.34594204567,3478.01711264575,4447.50676505497,4373.89438509763,4380.14320749074,4467.09019765647,3984.27389633574,2294.89260557456,2303.38468628308,4278.10702291979,3470.69552871771,4118.42639486542,3540.88720241135,4627.41996538544,4368.16952138406,4430.58716857019,4408.59769799429,4365.97886122329,3464.28729088647,2297.02466569804,2308.20548705464,4307.85653269766,3361.19778160891,4131.43736494166,3597.6385578072,4457.81537150857,4304.87320116288,4403.6616574797,4370.33002423835,4461.10335280848,4209.49423917017,2297.28482958782,2301.28289217695,4505.65258574345,2681.36230686916,3856.55392398646,3759.23596059316,2279.65044791312,4454.58791241163,4255.18281763889,4246.23351654666,4159.04063388898,3651.43887485304,2297.33587353577,2301.24160785009
,74.5,4269.47994779607,4045.51880386149,4279.13962111913,3558.6760879686,3594.23970270256,4213.04314641396,3338.54117214314,3860.76470116391,4235.29771502611,3485.57775093888,4087.97205279801,2483.00010573348,4309.50347435726,4073.59715694866,4130.15888506644,4215.65524877432,4289.61476182877,4227.74236275817,4373.64981719948,4249.88599344678,4124.64542518285,2936.67445566675,4046.27363181724,3697.73954175902,4428.98919338626,3976.38164772868,4234.90642957825,2567.1289047669,4347.57856030523,4002.89237258094,4421.74099793225,4189.93495480716,4367.88016798505,4238.18775306392,2296.90379954121,2311.64581981979,3332.79914515738,4128.64531182951,3483.14318269727,4076.26893067409,4463.01706297189,4249.93182966978,4263.25345014885,3869.96480596396,4419.87404674194,2352.99843888404,2290.90599450252,2307.63627068027,4493.30314931735,4311.08208952009,3970.24758734647,2995.61337751645,3458.26920428413,4412.88078368502,4339.14947743358,4343.78035688042,4427.7591061633,3957.89017040669,2295.00584625571,2304.55085765136,4245.29799751312,3448.99944182384,4087.88423398876,3518.69123972798,4589.26162299517,4338.87335358173,4400.38903081888,4372.80673592156,4330.5596386022,3442.63408431584,2297.25726088026,2308.78926222588,4276.78702782852,3339.61316631405,4099.74113947673,3573.20567652976,4426.98166763065,4272.3198550932,4367.94685038334,4338.15781998423,4425.56970922988,4177.93432082752,2297.60740074501,2302.06312788908,4471.80832653174,2668.28447803241,3829.37955099453,3734.29847409153,2280.16534651882,4426.03751119975,4221.19260731949,4212.20216197404,4128.61431058471,3630.34943945727,2297.71571906946,2301.9044517829
,75,4237.67437152603,4014.38489055368,4245.72715616569,3535.31001300709,3572.50825340453,4185.50094418658,3321.44835224096,3828.63398373175,4204.20497099345,3461.05132859228,4057.31100735394,2474.71442987614,4280.48887015914,4041.71800705361,4100.19481430721,4183.41473073639,4257.4439030192,4199.77746996294,4338.86675627019,4215.64847349378,4094.88091040351,2925.47217551965,4015.95087951275,3651.30432079144,4395.800392979,3937.43785162462,4202.08232058336,2558.44505294671,4317.95640635575,3974.29058602775,4386.56545709345,4157.77590832768,4332.20896185143,4207.00988421398,2297.80050548671,2312.28959991553,3313.93461067937,4093.06430477584,3453.13089165545,4046.85999605557,4432.54679088231,4220.39051119437,4231.38426326219,3841.60085296908,4384.98842585122,2352.01961536145,2291.88999100665,2308.31465648636,4460.14861434412,4274.51244632529,3939.38717768802,2974.59223626553,3438.86114698127,4378.38434906699,4304.8634818348,4307.73674855389,4388.78111109305,3931.71355363649,2295.47102424104,2305.55296761692,4213.2142480135,3427.38724762581,4057.56613442463,3496.65798360872,4551.30319221973,4309.99630560358,4369.97594960797,4336.92028111652,4295.61184941502,3420.88879308542,2297.56242349676,2309.29439311011,4245.81700640839,3317.69201263817,4068.12229588014,3549.03638179265,4395.99558029955,4240.03453003917,4332.42444701366,4305.90155839933,4390.2603138543,4146.88308210528,2297.97096742377,2302.82835201677,4438.06886296567,2655.08526364944,3802.24701602698,3709.35465772684,2280.62479891955,4397.29460384721,4187.41355336525,4177.9412841435,4097.99927537985,3609.28398042016,2298.0024292561,2302.27080184411
,75.5,4206.39880327197,3983.54005832493,4212.56210793157,3511.65069068326,3550.92536069799,4157.54656802259,3304.39747364325,3796.11222776265,4173.38559993622,3436.53730634001,4026.67385181267,2465.53100160506,4252.94350888605,4010.23217353292,4069.99420482357,4150.89991928888,4225.36178627719,4172.10855827762,4304.21010873173,4181.7533508814,4065.12750034227,2914.13458311829,3986.05834979194,3601.3898417274,4362.05638688013,3897.72436346726,4169.43214950474,2549.293096265,4288.25721322835,3946.04213350888,4351.58692476105,4125.62255965351,4296.59096813526,4175.63503098823,2298.84188521262,2312.72865209494,3295.38996307153,4057.43113418395,3422.32286169906,4017.5207446423,4402.23695280377,4190.85694185852,4199.96506911102,3812.96414122505,4350.30334041646,2350.99262615855,2292.6012365853,2308.90007493947,4427.86289392584,4237.69714763847,3909.15855278136,2951.79336872631,3419.3748470742,4344.2061797217,4270.58588914764,4272.21552064554,4349.77659845733,3905.75910219958,2296.12696879282,2306.46214580638,4181.30975390853,3405.3279461972,4027.28916944783,3474.79833534783,4513.39983404718,4281.04956230238,4339.33668496016,4301.40048660401,4261.26211999998,3399.59498421521,2298.09283551363,2309.9477533444,4214.91373841726,3295.26941338095,4036.20126875358,3525.01421881686,4365.10283541502,4208.08724516761,4296.87813296925,4273.57898701529,4355.05566731121,4116.08226908405,2298.79277985365,2303.51740447573,4404.47515754753,2641.93639816951,3775.42466681573,3684.71227613879,2281.21923295168,4368.22181991289,4154.11986071489,4144.00252809245,4067.47959751107,3588.35795153082,2298.60092396535,2302.49223358845
,76,4175.18339962471,3952.88422506417,4179.43824415647,3487.85099479196,3529.08863875797,4129.10888496835,3287.00983766956,3763.87291343546,4142.61635823547,3412.29563646057,3995.85554435868,2455.55737610178,4225.38550205815,3979.08386643989,4039.75949148453,4118.33378340692,4193.42736497096,4144.37214196557,4269.8245145762,4147.73417823923,4036.16606529322,2902.70542830585,3955.80096482193,3548.40546157054,4328.40150584733,3857.83498325608,4137.08058728987,2539.64790530393,4258.720347592,3917.63116712638,4316.94830724349,4093.69747732651,4261.07263439459,4144.46136997513,2299.60301312018,2313.01723274414,3277.20510329619,4021.64161501511,3391.14536330948,3988.24774591481,4371.75171817618,4161.31213797934,4168.72285484715,3784.20736014217,4316.03536911408,2349.88187691353,2293.13945035338,2309.33207007924,4396.19767866843,4200.90685221563,3879.36592402341,2927.45883155138,3400.22758801335,4310.11949123612,4236.20180782077,4237.41637457238,4311.47781017746,3879.69540029348,2296.91856165902,2307.10535580085,4150.20282314239,3382.9918651858,3997.26929459104,3452.55603281304,4475.98560055471,4251.8572665764,4308.53407171912,4266.29228287861,4226.96146646971,3378.62642805073,2298.63492611923,2310.78765794471,4184.55359863346,3272.78825509117,4004.72161639493,3501.17781383514,4333.94524841669,4176.09292712494,4261.67614758789,4241.13536411684,4320.01236276871,4085.6076411178,2299.58497052081,2304.37716995598,4371.28922836069,2628.51127164464,3748.88313609563,3660.30642132821,2281.84748705372,4338.57745953984,4121.01241557935,4110.21627110068,4037.34947571375,3567.18595697979,2299.02817407534,2302.95287492891
,76.5,4144.30720726577,3922.34501706439,4146.04591447583,3463.5430898408,3507.19369025197,4100.12977838627,3269.78902747206,3732.1879261846,4111.99634229279,3388.26550097451,3964.90966161505,2444.25845278782,4197.11010914834,3948.07057391925,4009.90317407867,4085.82606754351,4161.67120734548,4116.45318759745,4235.30809572609,4113.56699680916,4007.49435719123,2891.02464162871,3925.62040700113,3492.61927345838,4295.40221472953,3818.45441426416,4104.80912323445,2529.36189303642,4228.61799218356,3889.09004959821,4282.57092505137,4061.75548825903,4225.56958329581,4113.3139268347,2300.517105744,2313.58999858487,3259.64628818055,3985.85134317474,3359.87785052147,3958.96523661525,4340.97449450902,4131.45148115708,4137.55412747875,3755.51389992979,4281.91009657234,2348.7644630579,2293.50211539772,2309.90503860153,4365.03295270884,4164.15143772423,3849.83003373854,2901.85616749572,3381.04583325101,4275.80933190458,4201.39449931124,4202.72520291966,4273.46329950457,3853.50656524639,2297.89783524825,2307.90374424213,4119.69619512616,3360.31972131669,3967.33695530612,3430.58248261625,4438.43368385103,4222.50032048496,4277.22395624679,4231.25835009029,4192.74875585241,3357.85274298093,2299.39936605024,2311.4730429643,4153.5379033888,3250.0030778222,3973.39412935461,3477.14141027787,4302.99752163655,4144.10949265855,4226.87481029768,4208.51093087769,4285.23346019518,4055.42175606508,2300.49818582926,2304.827652414,4338.37188863351,2614.27688248459,3722.64695303674,3636.18015003392,2282.44955484915,4308.35763400769,4088.07873803134,4076.85107354029,4007.39325267886,3546.33891009025,2299.43417151753,2303.40580615719
,77,4113.92732235748,3891.97295382096,4112.04779888024,3438.82602844991,3484.96125039743,4070.44571224017,3252.33209436709,3701.42000372125,4081.28720933107,3364.37255662148,3933.92432182954,2432.12141123353,4168.43194050331,3917.06299506846,3980.38449450632,4053.51044740398,4130.04353128539,4088.16159119516,4200.86051704498,4079.35545570547,3978.97899540208,2879.25548019105,3895.74066667075,3434.08812040262,4262.94618852988,3779.57955248712,4072.5177812496,2518.81176064982,4198.24384973981,3860.1775705833,4248.29924082511,4030.3569546991,4189.72675017908,4082.0045482042,2301.51176249086,2314.15132609587,3242.49243524531,3951.15019283624,3328.94448356288,3930.08946636091,4310.26150510852,4101.42094818118,4106.57672833833,3726.99648848016,4247.83347349246,2347.70777482704,2293.77121861827,2310.46535299115,4334.50229163697,4127.58181779928,3820.86797887373,2875.14873992819,3361.74580546607,4241.54097630352,4165.59079551749,4168.50352947029,4236.14465480628,3827.13198863728,2298.80809931155,2308.41076927269,4089.26285859009,3337.60453254276,3937.71035976564,3408.62248214457,4401.34328430704,4192.67286784046,4245.5141516317,4196.55268845498,4158.63745850803,3337.2344575345,2300.10371819752,2312.05270777397,4123.10390399491,3227.09691506505,3942.45705189096,3453.31591020945,4271.88035259792,4112.02776281973,4192.55910424806,4175.76319878414,4250.44663437638,4025.43824655362,2301.606732377,2305.35342306037,4306.05933073416,2598.8420953669,3696.84525477772,3611.84274373059,2283.0974601013,4277.73164311482,4055.82021060979,4044.25009539307,3977.492674669,3525.51701456119,2300.15277991198,2304.13165748125
,77.5,4083.84056501757,3862.04055529603,4077.98344404849,3414.08370100378,3462.66474556216,4040.16256454423,3234.70683932117,3671.52408797101,4050.86318434584,3340.40252532506,3903.25760588112,2419.43529947034,4138.97239373751,3886.45598199054,3950.91939516056,4021.26179063417,4097.97640031148,4059.11667767514,4166.05062170895,4045.371328382,3950.43081829299,2867.40212805516,3865.7056162009,3371.80294963487,4231.02942594867,3741.75974715834,4040.21286460255,2508.33039039724,4167.25187829781,3830.7394665557,4214.08488438699,3998.98144118225,4153.23221114982,4050.96192171723,2302.10279196598,2314.72257692698,3225.63033119433,3916.98257414272,3298.11828072013,3901.52678200729,4279.39590887589,4070.90771517103,4075.27299580177,3698.86197521345,4213.74860031169,2346.39113663503,2294.01201164876,2311.12783227021,4304.09742442324,4091.38772277059,3792.17895701012,2847.83936756988,3342.24584555795,4207.28932720384,4128.66273533211,4134.20605551761,4199.07129068652,3800.38888831337,2299.5449059966,2308.93286767653,4058.72477250778,3314.94120483872,3908.27442001698,3386.73391422187,4364.3986498581,4162.03838327542,4213.83945969445,4162.13654840587,4124.4909949995,3317.09385357088,2300.77507472334,2312.4011371757,4093.10002833557,3204.57880537173,3911.77142495829,3429.23784633883,4240.69017852398,4080.10752770928,4158.41659923556,4142.87946743482,4215.50240639082,3995.56233398255,2302.65939745635,2305.78212915411,4274.45267941652,2581.88539301792,3671.45079490734,3587.7700351907,2283.9058506164,4246.84245523437,4023.64782948582,4011.94400589633,3947.62235188473,3504.60074605026,2301.12123479687,2304.82014032697
,78,4053.92146084722,3832.10083274998,4043.82450576097,3388.81620046094,3440.0706699057,4009.60649071504,3217.1627867873,3642.41193563793,4020.36548726297,3316.34720421212,3872.77529172752,2406.99413403008,4108.30013241077,3855.80092814142,3921.86594245018,3989.36899175301,4065.63146163467,4029.0835289985,4130.67920085095,4011.19098262161,3921.58044344975,2855.72851082297,3835.18587208254,3302.59555164205,4199.34530516329,3704.692637013,4008.27773540455,2498.27500014647,4135.68587671184,3800.75996337546,4179.65705640897,3967.78301617835,4115.8080334448,4020.43860725385,2302.31430227884,2315.52842655554,3209.08026687323,3883.22276916364,3267.36691948552,3873.27065409874,4247.84912858896,4040.3434255989,4043.80496577529,3671.05618702312,4179.02599528177,2344.53744372463,2294.50246796275,2311.84149426814,4273.58936031244,4055.74555054809,3763.68838809053,2821.24548138208,3322.31484424021,4172.56397453851,4091.28630493044,4100.13795305466,4162.56997482203,3773.51730141706,2300.09032639203,2309.56036283805,4028.46658757642,3292.47708380921,3879.16727020101,3364.83764119079,4327.56980129293,4130.53075610668,4181.50754680716,4127.56903155568,4090.05027188473,3297.16615757918,2301.39049392487,2312.67763894587,4063.17644114835,3182.19221367474,3881.40609567787,3405.51232610518,4208.95654604591,4047.80094741978,4124.55318021885,4109.85001310262,4180.12646494497,3965.65226100223,2303.34889875244,2306.36284524559,4243.54615328373,2562.43057303795,3645.96087843834,3563.77900541729,2284.45263629956,4215.45121494089,3991.14769432473,3979.62937245445,3917.83980904109,3483.64604968275,2301.93838359327,2305.61564379922
,78.5,4024.19717018661,3802.26705547667,4009.61333797461,3362.87998022212,3417.69026061798,3978.72007809014,3199.77984668322,3613.88797838473,3989.94865017228,3292.34040333675,3842.65646898634,2395.2699791797,4077.38711094051,3825.13887282366,3892.8669127768,3957.80518228048,4032.99097741007,3998.34289315133,4094.88815633993,3977.3847735963,3891.32399358756,2844.06956448443,3804.30821886981,3221.63895508521,4168.07307874836,3667.79062485219,3976.5677149936,2488.85740694205,4103.37667235652,3770.18131475319,4144.5044699691,3936.5124117854,4077.52666864111,3989.79744963472,2302.60182390215,2316.52557687835,3192.58785208161,3849.64210438477,3236.54513139558,3845.67260913532,4215.95339677089,4008.8747701355,4011.93709279481,3643.50366748155,4143.58314250764,2342.00404115923,2295.10540150104,2312.70346210096,4243.14307520015,4020.2654155011,3735.2663805695,2795.46498031281,3301.69865033139,4137.44843630551,4053.22397674781,4065.72448654528,4125.84663830955,3746.38497951601,2300.64383213344,2310.10346091516,3997.69784800493,3269.93162656654,3850.22143591373,3343.18393543209,4290.61413762085,4098.32859097378,4148.63192405388,4092.88916744209,4055.80621729877,3277.19806231388,2302.19096562448,2313.0339726322,4033.27934780089,3159.5924605131,3851.04382520758,3381.74480093751,4176.80686996753,4015.09180496334,4090.76218575119,4076.71104236768,4143.92083894038,3935.60413306946,2304.06047429248,2307.07595598867,4213.01160114271,2538.94573002391,3620.2822047715,3539.69615293336,2285.26283665625,4183.41780154065,3958.46491839649,3947.32230841625,3887.75433354574,3462.72331650006,2303.02327003332,2306.11289136052
,79,3994.61296631125,3772.70522669467,3975.31748177221,3336.57007239965,3394.98952019965,3947.39606912183,3181.92601001923,3585.81330989252,3959.44338794746,3268.26415647633,3812.80757848618,2385.03791647912,4046.20264217724,3794.68093267343,3863.47756222124,3925.94061967155,3999.56945948109,3966.98804238448,4058.77495799929,3943.9216512944,3860.031063425,2832.85512129455,3772.04072302116,3125.9984382994,4136.54497737177,3630.3592279066,3944.95668577073,2480.42803565577,4070.52667165171,3738.56995624031,4107.76893229335,3905.5885590035,4038.29632106819,3959.44233259575,2302.64504188539,2317.14275494582,3175.9574644616,3816.35045484373,3205.53535876152,3818.40912052187,4183.13238547298,3976.98447586101,3979.74734395821,3616.22558749892,4107.739013205,2338.95220299428,2295.9624099892,2313.45582228888,4212.20994233739,3985.06581646306,3706.73533635709,2770.80369870824,3280.71969348609,4101.46278556442,4014.94296042709,4031.57204364402,4088.87210966531,3719.08748640284,2301.2089504475,2310.46023528352,3966.89737683491,3247.62424539056,3821.69240381351,3320.78487222586,4253.74026078314,4064.65554093742,4115.14153705314,4058.58865796644,4021.49198170706,3257.28062900444,2303.03759751454,2313.44433941568,4003.76849770691,3137.10233251224,3820.61406948905,3358.01652201145,4143.75512123596,3981.66517153937,4056.74158157213,4043.69165547868,4106.73116291869,3905.52357228306,2304.73352876954,2308.07344176086,4182.64637710242,2510.68453597047,3594.26237542949,3515.2960629192,2286.19834201929,4150.71558945207,3925.33615469821,3914.81509515855,3857.09128652951,3441.16311856396,2303.99579612154,2306.52936731494
,79.5,3964.33641843642,3742.9759432713,3941.28869250676,3309.66237398353,3371.96007845772,3915.68083824009,3163.51028670353,3557.83789902267,3928.88849385379,3243.85670705049,3782.81717452767,2376.38391977862,4014.53066533837,3764.39779093863,3833.52326464037,3893.3781662402,3965.12319785789,3934.64071133455,4022.20864473002,3910.66940140013,3827.41211956469,2821.87813153321,3737.19192654907,3015.21524856681,4104.87776839123,3592.4437481691,3913.39332980422,2472.90724037907,4036.54931536061,3705.54985570991,4068.73204606114,3874.37110326703,3998.41365192721,3929.04904928454,2302.77719480291,2317.90201641434,3159.16710964236,3782.65236348418,3173.90331422914,3790.98575130757,4148.77817258751,3944.01990334476,3946.79610412413,3589.45785500259,4071.13796513159,2335.34056656916,2297.03717404004,2314.3612557671,4180.05518886054,3949.90692423823,3677.90058385483,2747.10761878034,3259.20132236359,4064.43149600421,3977.08283648597,3997.43232894421,4051.19550192049,3691.80114251889,2301.89801387191,2310.81798331741,3935.90853212913,3225.46956230573,3793.06606162641,3297.96276538082,4216.51974761042,4029.16973204558,4080.67499664644,4024.47345357016,3986.82580498624,3237.42711793866,2303.94280948004,2313.97225016191,3973.63777314691,3114.49863625253,3789.85177962414,3333.70657924002,4109.59540889132,3947.61104261336,4022.05921640843,4010.64494793993,4068.62785291556,3875.12512697499,2305.41486342823,2309.02506868883,4152.16549949426,2477.66391943446,3567.75211143822,3490.71986657285,2287.07194255145,4117.18046512474,3890.73117353591,3881.85864701339,3826.06082730153,3419.24073304191,2305.00818447359,2306.80638040191
,80,3933.5387801565,3713.19249724796,3907.0485636339,3281.54192501215,3348.46731118145,3883.50191038801,3144.11489791218,3529.95855844293,3897.6228571771,3219.23887891446,3752.11395809484,2369.38491174922,3982.2270345624,3733.93163470951,3803.30970363192,3860.32606083261,3929.94255073511,3900.90400346973,3985.49209308308,3877.32249064333,3793.79536174885,2811.04718184243,3699.67556755871,2893.43596228779,4072.63077103699,3553.45343267444,3881.89066810531,2466.12560644048,4001.70067547074,3670.60607337718,4027.25914180464,3843.19619549527,3958.09992388972,3898.44579506266,2303.29744292046,2318.68603276228,3141.92527153814,3748.5101589975,3141.65442284395,3763.07144563191,4112.8568198464,3910.01576129731,3913.36480988652,3562.6752792609,4033.66998978196,2331.70712962937,2298.16040011925,2315.14047538252,4147.23647974251,3914.51832553216,3648.67627262517,2724.10406700439,3236.81751695358,4026.34094238163,3939.60545368415,3963.56122179016,4012.85795000977,3664.5676804474,2302.81185883771,2311.29005460673,3904.9079862502,3202.99971538051,3764.26779046186,3274.57708665484,4179.22958001898,3991.70091809612,4044.52566508308,3990.5341747196,3951.41353997851,3217.17823094943,2305.02932124633,2314.74447651231,3942.78551503713,3090.87082138633,3758.66671036565,3309.41106408874,4074.21961503054,3912.45906224672,3987.20839950124,3977.41478971634,4029.36560156485,3844.38378837773,2305.97070508771,2310.06611529569,4121.02406775977,2441.4391939503,3540.56874974265,3465.55311423379,2287.95600471918,4082.21784751033,3854.27328785435,3849.01276346359,3794.5639603798,3397.30143778304,2305.79029470002,2307.54651663049
,80.5,3901.9516132717,3683.32904700118,3872.15453707268,3252.07692383208,3324.58316672189,3849.52380699998,3123.52045226091,3502.28719159235,3865.28226174777,3194.0683595689,3720.40719527498,2363.75270280559,3949.51370645715,3703.51391825717,3772.62211983631,3826.6638557643,3893.45510726993,3865.43632866132,3948.86692586507,3844.26015010145,3759.51916953916,2800.13857643411,3658.62731898435,2769.8870243456,4039.4507310996,3513.56733987843,3850.30114607689,2459.87342895429,3965.3556972063,3632.04285491787,3983.67499276661,3811.78620454145,3917.44184832018,3867.19077500427,2304.00571831462,2319.26451501613,3124.1205067007,3713.80993857756,3108.71637699314,3734.73041177719,4075.16646557009,3872.92136589347,3878.68242271515,3535.68360911225,3995.58426728344,2328.72020671462,2299.20699911439,2316.05401768596,4113.31832991073,3878.58302874761,3618.84720108627,2700.92020036548,3213.76095026506,3987.68844635,3902.25888029603,3929.31573324423,3973.64028497337,3637.06539974204,2304.092546085,2311.68636067875,3873.15725251045,3180.18683840436,3735.19934606316,3250.57118780678,4141.60897670975,3951.82672772313,4006.74193548916,3956.87465329499,3914.9614142744,3196.66453047959,2306.11831059834,2315.59576808685,3911.10797557808,3066.26680316832,3726.84749264539,3284.49908325911,4037.16865574976,3876.31355594869,3951.99517451859,3943.44250496828,3989.16328078464,3813.29845250763,2306.79204203541,2310.94687479131,4088.76755780501,2404.27064622894,3512.8504373333,3439.49712936723,2289.30402960655,4045.04865227165,3815.88726717871,3815.80384410238,3762.4035516811,3375.05080517747,2306.54818140698,2308.21967325299
,81,3869.21791075937,3653.45550925466,3836.71999428714,3220.67766654286,3299.9802736826,3812.54726602435,3101.74334601708,3474.11751983395,3832.01502612318,3167.91490553045,3687.1622476294,2359.44505248715,3915.25186193419,3673.06645242457,3741.22788061645,3791.98664395746,3855.62826821635,3826.77301765285,3911.74040001436,3810.74165894332,3725.19293484849,2789.28186106572,3613.15987674457,2656.26774591809,4004.41694413488,3473.14646323981,3818.47978939565,2454.21763787343,3926.99952362393,3588.39026410613,3938.79231036862,3780.42283255281,3876.46621186678,3835.82937751736,2304.78777536219,2319.78175354484,3105.44078392404,3677.44132703356,3075.18447423574,3705.51337654622,4034.24470966514,3831.08905796675,3843.07580676194,3508.15437288174,3957.01524338524,2326.43312212162,2300.3746823443,2316.8531343119,4077.12740831698,3842.23633710907,3588.29031104462,2677.77644685778,3189.99734444331,3948.8401691652,3865.14499108029,3894.04602023388,3933.66547598836,3609.36911027209,2305.38489948396,2312.46843469156,3840.8739113311,3156.88321397396,3705.71356031312,3226.12251732016,4103.56121625113,3908.24210738464,3966.18383118205,3923.40250199056,3877.26734275078,3175.9445821811,2306.99585682822,2316.31728589909,3877.95588407364,3040.35970135908,3694.59647706665,3259.07317903828,3997.90636397175,3839.05146386416,3916.0897180301,3908.05389747833,3948.2601844258,3781.88186553454,2307.6588998279,2311.72446196583,4054.98976914017,2370.37082323078,3484.86780496834,3412.8621315903,2290.2362556222,4003.39250044092,3775.89479755769,3782.13675501255,3729.76568764054,3352.52237130276,2307.07989243218,2308.88560649299
,81.5,3834.06558072777,3623.42038713483,3800.84809485269,3187.10348503712,3274.81961726212,3770.3136045475,3079.55169519251,3445.24178157722,3797.58481987815,3141.28717437694,3651.97259563276,2356.1440789266,3878.36058002002,3642.20255367476,3709.42149216309,3756.93272221827,3816.39182326148,3782.3762463808,3874.0645536499,3776.35113348581,3690.24164289952,2777.73487599427,3563.46696197033,2561.31502403938,3966.29717943698,3431.91390173803,3786.37447442514,2449.05157572498,3884.4672595862,3537.41375184931,3894.11604876433,3748.2912008405,3835.57829410424,3803.66227377597,2305.77838584612,2320.67044683105,3085.13581603905,3636.74005574027,3040.93427730885,3675.69590815285,3988.74819784032,3779.29578893343,3806.1175382144,3479.80512093749,3917.7242722532,2324.78778600911,2301.38282937864,2317.7075046241,4037.90734821614,3805.01720659642,3557.46718376769,2654.57925824689,3164.8237033972,3910.93155137461,3827.71722629441,3855.78428866445,3893.40586473683,3581.15764129174,2306.64707988606,2313.30101613537,3806.16415451131,3132.89320576638,3675.34803699442,3201.48589965966,4064.95177070503,3859.97398648589,3921.92491579155,3889.63163340093,3838.66677188264,3154.87986249393,2307.64098417935,2317.17493308499,3842.41929742719,3012.43262266382,3662.08264533199,3232.82585337554,3956.05344760368,3800.31479979601,3879.59179401935,3869.68752994975,3906.6734781079,3749.8712612347,2308.45371909504,2312.44384291161,4018.51815003826,2342.98074441033,3456.78942022527,3385.68209894745,2291.32392829501,3952.70906349806,3734.24380306512,3747.61874437002,3696.92567326573,3329.93689243017,2307.95860191805,2309.65491552341
,82,3793.55795884966,3592.72329743833,3764.32913900724,3151.3650048116,3248.91008564477,3719.26094269846,3056.92985302343,3415.28931777241,3761.92035216208,3114.11347347066,3614.01046596466,2353.2066991386,3835.3377581659,3610.44008949625,3677.01917357818,3721.2202871776,3775.56205305465,3729.32753875961,3835.37104181631,3740.08369500844,3654.60460510579,2765.15550526926,3509.20867769195,2489.35697575357,3921.48556917188,3387.45171608801,3753.78706558958,2444.5252897021,3833.78287367477,3476.07161060026,3850.66121011398,3715.40155539852,3794.66570432258,3770.77171203797,2306.56303045825,2321.36185378291,3061.2564397113,3588.14138570769,3006.09177907006,3645.69149647152,3936.26193167074,3712.6738397446,3767.32030465451,3449.96325712722,3878.30191101151,2323.89309386833,2302.19950595648,2318.34270157007,3992.97287769848,3766.47782569326,3525.77675873972,2630.90100454452,3138.13165979875,3873.65771394207,3789.66015103686,3813.80753050766,3852.88992456548,3551.83591128292,2307.56189796955,2314.21321702757,3766.51302104136,3107.87919172633,3644.36059583818,3176.56723123305,4025.67151219687,3805.93014035492,3871.54377632595,3855.42680002735,3799.09062973547,3132.90661565043,2308.39616980497,2318.00203349172,3801.97885797885,2982.68798050085,3629.33545131346,3204.89584687209,3910.78692680473,3759.41857549151,3842.48833241376,3826.77302995009,3864.08432422897,3717.33062642227,2309.00145793909,2313.18232334761,3976.64339059049,2323.49767291175,3428.83075185139,3358.19218409874,2292.57188684554,3884.80879478236,3691.40903299805,3711.56728809908,3663.61524656999,3306.77132250042,2308.61868204172,2310.63287988038
,82.5,3739.76472626973,3560.64371546731,3727.40152053357,3113.35492252313,3221.45197541788,3653.38392181857,3033.74344567866,3383.00462467554,3725.04008956416,3085.82978659912,3572.01317234252,2350.34649685582,3777.42740187141,3576.8186976873,3642.98320631335,3684.27161813097,3732.08363575933,3662.33073583185,3794.46663788367,3699.87813192637,3617.80069658213,2750.50489356843,3449.18243672252,2439.21567221101,3860.58741727342,3339.19842797275,3719.48809676576,2440.67590961639,3770.3125397742,3401.97712176027,3807.21962444671,3680.62392903944,3753.14898233909,3736.57155282971,2307.21731918458,2322.19809742933,3029.20286136621,3531.18636922909,2969.41928226459,3615.25648524262,3872.91517414906,3627.72973537495,3725.08101101206,3417.47025357478,3838.6898063503,2323.32636748372,2302.9065172534,2318.98380140408,3933.10896304932,3725.82247973815,3492.88262214768,2606.03060742751,3109.79325292045,3836.84564243204,3750.00653134711,3766.3569574749,3811.6334533227,3520.71305814026,2308.1501129818,2315.15666456955,3713.9008578102,3081.72162159277,3612.32156386925,3150.92721507546,3984.52399950937,3742.87648746822,3812.95894303523,3819.03359867789,3758.8666201439,3109.71046943558,2308.96018988546,2318.77136746696,3749.52653124088,2951.6486114679,3596.2712948792,3172.11609718407,3860.39718320745,3715.5177854617,3802.84775624362,3777.41774092211,3819.85237651596,3683.21509708443,2309.69249378113,2314.02461710194,3922.24169205692,2311.40506086729,3400.69709446823,3330.41272673839,2293.72348508395,3789.09160926769,3647.64641045997,3672.35309295262,3630.0980827906,3282.17889228799,2309.47445029328,2311.27150614863
,83,3660.64995836645,3525.28138249184,3688.95208954217,3073.06916336849,3190.77628358135,3569.67509682536,3008.71244658092,3345.6550379359,3686.31080504035,3055.08376333216,3523.08460867705,2347.0914277572,3691.95273348303,3538.63483359196,3605.95349270211,3645.37556471602,3683.89467883027,3577.12664739442,3747.88981713235,3651.96259007712,3578.18088768254,2731.54514070046,3382.62359352305,2405.68649519385,3771.3954457952,3285.55598936144,3681.71886937698,2437.29730398624,3690.88147241811,3316.43077547454,3759.07689979106,3641.35257143534,3709.33114102301,3700.19937800187,2307.7396493894,2323.09118234914,2982.49953907483,3464.6125585631,2925.97992814759,3583.43939560576,3794.73986887985,3524.32107788701,3676.93647636406,3378.7468733958,3797.60421775635,2322.77652156939,2303.65812947444,2319.54160600252,3844.89188028938,3681.0361431947,3457.22923483179,2578.2280219865,3078.6195908597,3798.48707982115,3705.22718252127,3709.90486022615,3768.03067660764,3487.04222020461,2308.55686131617,2316.19987466419,3637.29944908011,3053.46225260327,3577.24872722866,3124.1771695135,3938.9985150608,3667.20056705455,3742.11772392702,3776.74186011732,3716.96091566489,3084.34784547621,2309.49474035877,2319.57533386857,3673.38051384373,2919.03190162478,3562.19573305788,3127.78443520545,3801.70467059097,3666.58121742107,3758.06018703056,3718.22019891522,3772.33392642766,3646.12959668971,2310.09940796276,2315.00539824069,3843.31314997302,2305.73202306153,3371.80598186771,3302.12200589438,2294.64964394193,3661.28146467575,3600.00826743767,3628.18027470957,3595.04187023807,3255.1782524683,2310.34423758977,2312.09533121849
,83.5,3543.21015713489,3483.38299516513,3644.55571487692,3030.51217596954,3154.24393833417,3465.97528668107,2979.72062570441,3299.92765591509,3641.05994090584,3020.29929895411,3463.88729854569,2343.34673017493,3565.44573128059,3493.07577331557,3562.86722814243,3602.03258760971,3627.93123968796,3470.81616808273,3692.4705011057,3592.54939528858,3530.99645058494,2706.04465393136,3307.80086699165,2382.85166627917,3639.15854674652,3223.57278291054,3636.95337730555,2434.45461492638,3592.36231044505,3221.25967326099,3702.19443103428,3594.674894931,3658.06482401389,3658.77552357442,2308.46583173462,2324.00273039614,2914.62777339714,3388.05407134733,2871.71986527056,3547.47926840495,3696.88086844289,3402.71351424887,3619.91245820551,3330.83891390477,3750.06590195494,2322.45005032968,2304.35749214898,2320.39804123158,3712.48694161663,3628.73664173603,3417.26112469062,2547.09062551855,3043.01398971296,3757.00999791804,3651.41485754867,3643.04341284115,3717.04506536674,3448.33391920129,2309.1574588333,2316.97813811231,3521.7297069272,3021.69750328376,3536.4829159882,3094.1702807307,3885.71067178997,3572.59969664152,3657.02664676066,3725.37561185426,3669.21362943429,3054.93719655,2310.10231339383,2320.40667926725,3558.61579448868,2883.57714528069,3523.44216748487,3065.87720850091,3728.3660406151,3610.70028005781,3705.84930416769,3646.6680152461,3717.17631991925,3603.06347947616,2310.47357530594,2315.84704893546,3723.07864257048,2303.63267711191,3338.89866415962,3271.13666696237,2295.91003483732,3502.51301804064,3544.40197819881,3575.907132525,3554.87922152807,3223.32715495607,2311.19800217696,2313.19143683858
,84,3384.64510864319,3432.7121263035,3590.6447125003,2982.42398343618,3109.20480760727,3344.18348963882,2944.17174326428,3243.72123114115,3585.99555465073,2976.55729776973,3392.60156931818,2339.10672216797,3396.90529100366,3437.89429002854,3510.85901806804,3546.84854153151,3561.85972418563,3345.77505357196,3625.06354091882,3519.27633891809,3472.95333197694,2672.3280221478,3224.65754483098,2366.03246583439,3462.70883236803,3153.57758329246,3581.88482508829,2432.13581263154,3476.36736479972,3120.56854188583,3631.16052490948,3538.01294708068,3594.50316845641,3607.36761737375,2309.18389937544,2324.54003505706,2825.48269423818,3305.16996528831,2806.42605547194,3501.18516112385,3579.46155109767,3270.96533728205,3551.57351967887,3271.48908216066,3692.10572120518,2322.32912760759,2305.01459254366,2321.30588106643,3531.5071397684,3567.54144926437,3371.51172167745,2513.08379745171,3001.86028987511,3710.7406130794,3585.80758408706,3564.04539335326,3654.00776977891,3399.53984253614,2309.61508019323,2317.64708877642,3364.2738434761,2985.16811003537,3488.59286555016,3057.01217436401,3821.37030542477,3459.41444975081,3556.10343725791,3659.73327356193,3611.67650502608,3017.98740763558,2310.90309620258,2321.14784742244,3400.80135751995,2844.19486971172,3476.72848171251,2984.19254163828,3637.70319638464,3546.67645384845,3641.38257775697,3560.39837617171,3650.84145694405,3547.61728476152,2310.92652426395,2316.55854177575,3554.92893520425,2303.31346687114,3298.97598456038,3233.51311554023,2296.85245995037,3320.56099268877,3477.22686799065,3512.36356752665,3506.91419349454,3181.64428820424,2311.81736145086,2314.20486428574
,84.5,3192.26164514074,3369.23741871284,3521.38139837772,2926.58775982114,3050.6873616296,3208.86987471301,2898.22949232028,3172.79435963229,3513.793240024,2920.34570975977,3305.19025692067,2335.21784671845,3194.37562293402,3367.1676303107,3444.93574156835,3471.74417313251,3477.74966906352,3205.63085214106,3538.5211330564,3427.9167322672,3397.50485774443,2628.43265174966,3131.26820355202,2352.73403391234,3250.19542293197,3078.25286140185,3509.58211024988,2430.20489587027,3345.84028275852,3018.93602386382,3533.0751999239,3462.61819470759,3512.07711394959,3538.75262382351,2309.95784096344,2325.31305716877,2719.73080654381,3221.30433878835,2730.75193484422,3435.22526341168,3442.51133505857,3136.98732858076,3464.48281741193,3193.8648435984,3614.54979359362,2322.06911743843,2305.83003729981,2322.30900669418,3309.13809587103,3493.88746760302,3319.33680371111,2477.94142934599,2950.63075047135,3657.23538809398,3499.91844261725,3463.51292275308,3571.87614607809,3333.79364750666,2310.47683104578,2318.44481948824,3171.20484802504,2941.72784104872,3429.77197121838,3007.99534457273,3737.84256019975,3326.1587538079,3435.01063751806,3566.99311413104,3537.80067825872,2969.28499699502,2311.51687986163,2321.99839325693,3206.37138997752,2799.95185143793,3415.56375768278,2883.77249907116,3524.21660306764,3470.27402179345,3553.09705174499,3451.54454295119,3567.98330153607,3470.00681831696,2311.59711246896,2317.03338748009,3344.71388757681,2303.57018302404,3246.21076343256,3183.86221224392,2297.89558093022,3131.023499447,3389.70173121953,3430.84925474018,3444.53979454189,3123.9799657086,2312.61886797845,2315.10970605392
,85,2983.29166912286,3286.40771018043,3424.66558060986,2860.37253845756,2972.91897305768,3067.22543115212,2835.73263864776,3082.2741860757,3407.86983235202,2847.13066577365,3195.92328393145,2331.71975666064,2977.11183012224,3274.20384447978,3357.61682213665,3364.24557887951,3368.16050624434,3055.58150399805,3424.93471466077,3315.37016997457,3291.27028181664,2575.6990020292,3024.22786613716,2342.55395229201,3022.06458724323,2995.62273478644,3409.84655113946,2428.5538405416,3202.18256153787,2919.99020995304,3400.92716093156,3361.31862528241,3397.32531442855,3443.30747094872,2310.81947159359,2325.79496092014,2607.96135224167,3135.3599666209,2647.69200153361,3336.44185130858,3284.22819228228,3002.38058856212,3352.32599972852,3093.28327819412,3498.80029450881,2321.93964288438,2306.74669678285,2323.25364293465,3064.72928141787,3403.20370452057,3259.35138046471,2444.31540869143,2887.2483240575,3596.20315770649,3385.09288587832,3338.97100853018,3457.91596436329,3244.16685018029,2311.34824968044,2319.31467806313,2959.36813560205,2888.81481771971,3356.34705283492,2942.1875002701,3629.38690203438,3174.21528735633,3290.0321375481,3439.4671586018,3436.1007947677,2903.65299636491,2312.11013339338,2322.67468100209,2990.96797332721,2748.55561949586,3328.73200171805,2769.46310049935,3383.2188548612,3380.67522118352,3430.86969420481,3315.55768091943,3461.61504479607,3359.10638786482,2312.26272528131,2317.35135927834,3108.21102909538,2304.0344246127,3169.58783045343,3115.98423078575,2299.07408482182,2953.94226706848,3272.31611977117,3327.22253100775,3356.78266212798,3043.73736866009,2313.38663593603,2316.08155937545
,85.5,2783.37376336772,3188.13763659205,3302.43840498846,2786.05533905209,2878.74243127047,2928.38997022261,2759.20938273453,2978.06394330621,3268.71754246217,2760.96350739865,3070.60106458375,2329.27633750062,2771.76233115212,3163.9927259477,3251.22054630151,3225.98544886169,3238.2037346686,2906.72197452554,3290.10254522719,3188.58649426438,3156.75794559831,2519.24260598227,2908.09096042986,2335.75114091091,2805.41671603209,2909.2307398629,3285.2661690204,2427.34361036289,3054.0302476468,2826.97600861825,3244.40432570693,3239.05926717711,3252.05109626608,3322.1139834035,2311.95731742127,2326.29558746465,2504.03359545494,3050.35422376479,2567.99644120771,3204.3814218168,3114.3082595375,2873.08252835186,3220.37309309222,2977.08719316707,3345.90289437925,2321.96271917997,2307.68083528307,2324.10991300328,2827.32192069116,3298.46131152975,3193.85844920214,2416.68998443518,2814.90181841756,3530.97088951759,3247.79629610226,3196.65506033876,3315.15083318159,3132.20452636252,2312.18710973474,2320.09128465411,2753.43187653912,2826.80466641555,3270.91916578172,2859.36488042731,3501.49160703293,3013.12490125459,3130.72207804476,3284.39450017575,3307.3019680162,2821.88414007745,2312.9025349105,2323.19447051478,2779.91465849852,2689.72739046443,3217.74286126961,2655.97099104654,3223.71756682032,3281.91290490965,3280.37547862422,3161.02549972646,3333.50300531785,3217.65595587786,2313.18367625921,2317.48650209375,2872.00316286546,2304.46494199303,3069.78549063514,3029.6895899874,2300.3042570413,2801.93382494857,3131.98154194022,3205.93756650838,3245.11413105495,2942.75520672275,2314.1999561152,2316.99700033642
,86,2621.20241658269,3080.44247933837,3162.11625763015,2705.81110402895,2773.8827110373,2801.76927255382,2673.57645342004,2868.33978316535,3105.96522922903,2666.17974700865,2936.76911628772,2327.70279621582,2608.86846981843,3042.34202003555,3131.57768788204,3063.2039607167,3094.38271325956,2770.18371737488,3140.85919107843,3055.94988611464,3004.03571407723,2463.76897270108,2790.51526592885,2331.58590019921,2633.30721292715,2825.58862094343,3142.38828490464,2426.57734915896,2911.03442688687,2742.74937418285,3070.39240652498,3101.18794155646,3086.87376212859,3179.07819461158,2312.8286714891,2326.83032493641,2422.8955444713,2970.81234139358,2500.63088303724,3044.78235370018,2947.65532807452,2757.03740431605,3075.26775854336,2852.48446517535,3166.19780688505,2321.93405994354,2308.66863112231,2324.52082526924,2632.77458573728,3186.14676546364,3122.13563544669,2396.2818279144,2737.51939467738,3464.22065006497,3095.78214994848,3040.85730135712,3154.06932862818,3003.40708885818,2312.63105150502,2321.03520634923,2585.1997006807,2758.71919753127,3174.65502880959,2763.16138002861,3360.92485751325,2859.90597282444,2965.49674475373,3108.3038082401,3157.85976893865,2728.12720353152,2313.74059754461,2323.7654951929,2605.73721447703,2627.40952035188,3089.95086790959,2556.65251693065,3060.90208328507,3177.78324408203,3107.2662217536,2995.50967825186,3191.18449622192,3051.8516633683,2314.29195016379,2318.00305562968,2672.40947677373,2305.42975164964,2953.30712589457,2927.50460010034,2301.5273345865,2681.01885682232,2976.88682576366,3072.8416669888,3114.38401141835,2825.12194326894,2315.2586413258,2317.73707670666
,86.5,2507.24182727256,2967.40918349565,3008.18732680649,2627.02787440334,2664.80649510388,2691.6847894549,2583.66988837826,2758.14761454308,2927.29277566757,2572.25833851399,2800.47431574494,2327.17972729218,2495.95596756627,2913.86633119415,3000.97679790886,2890.58803738829,2942.59862029668,2649.83667287988,2983.39275267811,2923.46203903333,2841.39370671758,2414.2773139934,2675.77580424693,2329.60852461251,2513.75264954864,2746.52759955262,2986.58204258811,2425.67231839223,2777.58089690294,2667.75600965055,2889.03147038357,2954.20525001158,2911.54845047017,3024.12797128203,2313.78214350385,2327.79647181364,2367.9990939152,2897.71789025716,2447.16869141477,2870.09852101144,2790.83505122503,2654.31124099451,2923.59887095454,2724.96869791737,2968.64227882652,2321.92852413658,2309.69795997499,2324.93108487806,2495.02684468212,3069.35995882215,3034.77758714036,2382.53847058352,2659.57669328117,3398.62594135738,2935.77478241871,2878.93827533463,2983.18231953657,2868.06598159324,2313.30446042223,2322.03605183159,2466.27670605926,2686.91800865886,3061.74606115743,2661.73083626394,3214.3789822158,2720.26402141573,2802.57577523606,2921.64428584853,2995.08773701151,2629.46798615094,2314.50969911812,2324.58928080479,2481.76540914329,2565.80204844548,2951.86849149319,2478.00422639105,2902.84293342125,3070.21521282126,2922.02899095555,2828.27326353865,3041.15295247782,2875.52154561144,2315.5100693459,2318.8613734853,2527.4988408305,2306.3951336423,2826.43714604794,2816.67635347977,2302.90615270753,2590.93388943468,2815.64288088274,2934.95247920983,2968.2822824572,2701.4151669009,2316.27806626122,2318.70647604131
,87,2437.83277768219,2857.957746763,2852.12825851092,2555.44387470772,2562.73611673261,2601.3482629105,2498.53906540693,2657.19283868724,2748.39789498659,2487.89812424669,2673.75988508354,2326.80889755319,2428.84038421625,2790.69384521757,2868.79201339051,2726.68582568944,2800.47318425721,2550.18865539321,2833.80314024886,2801.42033003784,2683.39439400718,2376.28265855436,2573.18858732941,2329.22604006466,2442.3675127632,2673.37605384787,2832.30728496286,2424.71356253533,2661.82181305995,2604.77735328841,2726.88915397735,2816.74230105166,2740.34490186479,2871.35378081652,2314.89651421547,2328.61429806977,2336.84500540124,2831.52621759334,2408.01867521232,2699.7985159058,2654.2305699151,2566.66449113808,2783.99799188719,2609.76767898469,2771.6765046222,2322.26421952591,2310.74523260694,2325.37136787294,2410.80712391086,2955.43320123376,2932.58560728591,2374.39903872117,2591.09877432082,3339.62415662381,2785.35662354549,2731.99372055404,2816.86766883598,2740.31888650135,2313.64291092054,2323.02876957339,2393.70715362931,2615.51780421358,2938.93005951047,2565.07170385633,3078.28312057883,2603.68135109767,2659.91184274218,2750.94152774196,2833.43626957179,2535.85172066996,2315.49807992625,2325.33675807203,2405.09153782036,2507.19854403285,2816.11571856188,2422.44401676222,2764.94867774832,2964.47021039603,2750.38674518588,2680.65779327808,2894.12900443183,2709.07783313629,2316.66116270066,2319.99760989126,2435.39001616215,2307.49999487648,2700.14740693598,2707.16821511261,2304.28354013423,2526.78534760986,2667.31968673312,2807.06658378454,2819.37294466754,2585.37042822724,2317.39087691995,2319.68970840146
,87.5,2403.59574092266,2764.46158862855,2717.78062434228,2498.92878709018,2482.37019099772,2536.44360862886,2432.94304711673,2578.47355422322,2604.70036110595,2425.15748591069,2573.81442060578,2327.05613374077,2397.14280944998,2687.19843810088,2750.98921601783,2598.43330228603,2686.89910431909,2480.12763680862,2712.03365383156,2701.74735822267,2559.10682159113,2350.97534952605,2496.00045023466,2329.61884789689,2408.54275381209,2612.70596515385,2703.33445849144,2423.81617317928,2575.94392159087,2556.99254614959,2603.51567104348,2706.54467845785,2602.68580770503,2741.63356391359,2316.00850845785,2329.79130022669,2323.64358115318,2776.56368774966,2382.80981887114,2562.29959834389,2555.09369184896,2503.52090770594,2674.71588945969,2521.22652562446,2614.12329039424,2322.7420043217,2311.70412718711,2325.96784081521,2369.81235347644,2854.233668319,2821.08302120713,2369.85766284812,2537.76507602206,3287.94736679569,2665.8455618785,2611.12993871538,2682.54387477795,2635.87595547575,2314.52113972659,2323.88579201692,2358.54808173869,2551.00379676313,2815.65865435581,2484.78963784875,2966.3592552018,2519.70612659644,2554.17445453163,2617.05618777109,2696.99427278169,2459.94000897149,2316.55993791544,2326.4546696242,2367.24675409891,2456.69054291577,2705.06773814903,2389.72116861776,2663.39819645638,2860.94008103508,2618.15482427944,2568.58709038355,2766.84143001938,2578.33943532383,2317.86598619749,2321.55642863182,2388.11064822728,2308.60008148592,2597.08140191934,2612.12822964263,2305.55093267452,2483.33499540082,2553.67931987974,2701.15171788022,2690.15503383113,2492.92995206211,2318.27350297518,2320.66207311256
,88,2391.02915343226,2682.31002963461,2606.43960624406,2455.9468778822,2423.89805208634,2492.75405545598,2386.97251285569,2518.73830612758,2500.20324694528,2381.8704150371,2499.68606544033,2327.33088599533,2386.58163301701,2600.70908464002,2647.71983745736,2505.57130347929,2600.21903166931,2433.92745505152,2617.2110353542,2620.46915958676,2469.82294982098,2335.82430283462,2442.51218273327,2330.26437601021,2397.66255891775,2561.6250745002,2600.42512937768,2422.9871133937,2515.59742682487,2521.73094773794,2514.19519468494,2622.2758512179,2501.80729915872,2636.28199401116,2317.03363350327,2331.06330031742,2320.86250414889,2729.84652627819,2366.19083227923,2462.48466478982,2488.75662056253,2461.30073644145,2594.84457275546,2457.12354360543,2500.07473820267,2323.30406080412,2312.56240333048,2326.89071186112,2356.85956288081,2763.44634221338,2701.77106856717,2366.92712911905,2497.56863711336,3240.26787458661,2575.23411802893,2516.97830487493,2579.81552416169,2554.57192931494,2315.3233671306,2324.83756338259,2347.81445337659,2495.75711521977,2693.72909338293,2423.64654116986,2874.73434340848,2464.03229363121,2481.0401099477,2517.04765495767,2590.02574609327,2403.5335206871,2317.52048452268,2327.59421997384,2355.02402179587,2416.83551878077,2617.73630252592,2372.42028186169,2593.10034770346,2759.84683797751,2523.00830677005,2487.96907768311,2661.0774194643,2483.62744148898,2318.84638375296,2323.14221352853,2371.37708416564,2309.4367186931,2518.06085511358,2533.87917344154,2306.87725279056,2453.76238779577,2472.03784084104,2615.06873537912,2582.66471024776,2425.04403237854,2319.34687901371,2321.43604539618
,88.5,2384.66343580814,2609.28925231685,2517.36495337508,2425.61660995076,2384.88234817347,2464.62836659939,2357.67558575696,2473.59224066436,2430.40267219128,2355.87917490174,2448.97750893322,2327.97042692302,2380.96651536564,2529.68080405752,2558.6555151625,2445.16100571603,2537.69886579311,2404.96213248762,2547.5172548494,2553.30568325771,2410.69563334649,2328.29994044471,2408.41545733875,2331.19391955568,2392.24789880521,2516.8751742306,2522.12814948507,2421.88355212455,2474.83178239871,2496.35961155317,2456.19587416193,2561.70363505519,2433.11171503957,2555.94020188946,2318.29172599729,2332.31528395136,2320.4829981575,2687.9937751244,2353.76465682686,2398.47421604895,2446.58224656408,2434.21400250907,2539.70430161999,2414.21348964117,2424.75547572936,2323.98371776751,2313.1994480188,2328.07185122313,2352.86716999519,2679.27399687605,2582.52370797109,2364.4202014577,2468.06861776807,3187.39216485055,2510.70736492483,2449.787009655,2503.88798423309,2493.88938232978,2316.59106423366,2325.74174763769,2344.84909963622,2449.20086407013,2579.92354443732,2380.98700472314,2795.80046823405,2428.2008824601,2435.56501087434,2448.69557882476,2513.30286608979,2365.0861480687,2318.77010109252,2328.77605752785,2351.31653651978,2386.07268698044,2549.35277156467,2363.48198568802,2545.12619002307,2661.90805485627,2461.91866013688,2434.6554897298,2575.84891657753,2422.61506193484,2319.74247330965,2324.44037924876,2366.03510698439,2309.81519564355,2459.81080867158,2473.57227752313,2308.199621788,2433.4382465875,2418.82502183057,2546.97501103036,2498.92890361923,2381.75101589589,2320.02718804853,2322.32868105541
,89,2378.03628485332,2545.27827992402,2453.60410613518,2404.78603887519,2362.20565198925,2448.26361641563,2342.67389479807,2440.59759226133,2391.4593312006,2342.73188283695,2418.48174490095,2328.36882587687,2375.05779861623,2473.62082940519,2488.76427125451,2410.69603791663,2497.42643230635,2389.70072626361,2501.60271309583,2498.27503048979,2377.76323552178,2325.59162234898,2390.36859347494,2332.11785212599,2387.00717714504,2478.05084681686,2469.35855953908,2421.10341421868,2450.08153342022,2479.18202953262,2425.11847738361,2521.39057020354,2392.62484423112,2497.84680589802,2319.34311524224,2333.22845872519,2319.84199031857,2647.3921623031,2345.18093936805,2364.8411697244,2423.73411587913,2419.09249299787,2506.10410867861,2390.2361703085,2383.6740599724,2324.62711400542,2313.94650210944,2329.28063254828,2349.75301706423,2602.42214014125,2486.59908643854,2362.35202397959,2446.94217288535,3113.85158800537,2469.7425315751,2407.77003851721,2452.40530899919,2449.95419496732,2317.68686527317,2326.79705529499,2342.56503558633,2411.23099338212,2492.11765501863,2353.90050525185,2726.87734274503,2408.02866119134,2412.34191350758,2408.6881110327,2464.25614301843,2342.0858078823,2320.09643998084,2329.7822447039,2348.30494656531,2362.58031482014,2497.87958950171,2358.83287787746,2514.778591155,2570.24555337667,2429.83148373439,2404.03077437797,2510.19962015367,2389.10946864795,2320.38792333664,2325.36893946202,2362.09196797429,2310.09028443884,2419.65476347598,2429.95757775049,2309.61054931637,2419.44890522999,2389.77393169749,2494.94171122247,2441.01708273967,2358.0312795845,2320.90018846778,2323.13711545851
,89.5,2370.93123276991,2488.29832212385,2411.24222254658,2390.9348066924,2350.71336251614,2439.45858463836,2337.24702231434,2416.10764159736,2376.00681398829,2337.68422801102,2401.60892659458,2329.03242146068,2368.72550636285,2428.96161384816,2436.92678327463,2392.66712951664,2470.95483477184,2383.60617815972,2471.65510719911,2452.96580663407,2364.03351551694,2324.83253520683,2382.09135079214,2332.66304590732,2381.97879961005,2445.24830272411,2436.09945352878,2420.44765886027,2435.17513726614,2466.78680224469,2407.10950723282,2491.58176521112,2373.61560577045,2457.20652000803,2320.30574038309,2334.22601103475,2318.91923857006,2603.22091308479,2339.90233595891,2351.66816485028,2412.76673194695,2411.78635550931,2483.89313350884,2378.02461920924,2368.17980069234,2325.08653269485,2314.57669935569,2330.6188774586,2346.77613324692,2532.29659360261,2418.10948578707,2360.56893473328,2429.141065673,3017.4238572359,2444.11990145205,2381.16038348451,2419.82311035968,2418.04463355856,2319.1621506416,2327.61115003191,2340.27113008096,2381.99034452362,2429.99282799174,2337.64295561878,2660.83574596062,2397.2426728279,2400.56620847371,2384.90268565585,2435.81176401076,2330.05605856361,2321.34715336347,2330.68591934968,2345.21035474294,2345.87708303091,2458.55345279431,2356.31221454537,2493.20990311565,2491.50174882644,2413.72368207851,2385.1350398229,2461.72245220318,2373.25802738595,2321.05748446582,2326.43982896352,2358.36942595889,2310.19978760947,2393.79795115094,2399.61497880415,2310.86615145646,2409.68194454798,2375.51581768368,2453.62787443713,2404.94610529663,2347.2003747282,2321.47321250612,2324.04676378287
,90,2363.68173966828,2436.56387375036,2380.63725759841,2379.97939604802,2342.65572392497,2431.62860386416,2333.14255179873,2394.62487120805,2366.15773587441,2334.08462486782,2388.83206229702,2329.37219278311,2362.23421526783,2392.39456626266,2398.35085932739,2377.86766123483,2448.37362700562,2378.35129539509,2447.33589530415,2412.79536781429,2354.78509540767,2324.5522431804,2375.70675003552,2333.05751607595,2376.96601683001,2416.20210482594,2410.61785113868,2419.87450264352,2421.25991348246,2455.58842195554,2391.3301348034,2463.58826202416,2361.19347096279,2424.33762197502,2321.0928342385,2334.84969394071,2317.75728574921,2554.18722246222,2336.68910291779,2344.56063764977,2402.56303474644,2405.11539132107,2462.98989383449,2369.38710286299,2358.78902637419,2325.50603166533,2315.2832245878,2331.87136888858,2343.85895897681,2467.99938990271,2373.58760177205,2359.34437564759,2411.97214755013,2899.58714967695,2422.62757980963,2363.62053572838,2393.36903363256,2391.35844370506,2320.21538336286,2328.40627500374,2338.21455471869,2359.04852582808,2388.96753417927,2326.8960212273,2592.01616950098,2388.6100688323,2390.24262045643,2366.3674623683,2415.65727822078,2322.53866586021,2322.69659840583,2331.50716662896,2342.38304473251,2333.88065762113,2422.40731633863,2354.36093456223,2470.76039228097,2433.03712890934,2399.54238439149,2369.50881260988,2423.51591191479,2362.20073975953,2321.72752375509,2326.88931658055,2354.61175014608,2310.33254912733,2372.37355520864,2376.50203931291,2312.37553982433,2400.9385588865,2364.67278359788,2418.11942304368,2380.05108175436,2340.97279937216,2322.0731153001,2325.17152670134
,90.5,2356.87472261527,2396.86626271474,2360.84371333724,2371.90220004495,2337.19545909908,2423.72832727173,2329.46540416554,2377.00383570509,2358.99436285129,2331.91175126101,2378.87869352451,2329.83740236393,2356.29996380547,2365.97483190587,2372.78929533279,2366.35953727269,2429.22490738716,2373.53528489596,2427.77290933374,2380.59640629413,2348.13499186438,2324.52626616371,2370.39620086093,2333.31372051273,2372.44298381541,2393.42064290978,2391.88542968319,2419.28330124619,2408.10412136431,2445.43497763352,2378.23469115477,2437.31744426596,2352.54827808774,2398.71517324857,2322.03303088713,2335.49109176028,2316.6931993997,2504.2549620953,2335.07719403728,2340.36658079392,2392.81239769475,2398.75062487426,2442.73216179528,2363.07869319436,2351.98404013625,2325.73465857887,2316.13055592097,2333.01829536215,2341.06630291942,2415.36899861229,2350.98240053447,2358.24702977681,2396.11763417974,2765.03930982167,2404.95191494216,2352.40387683197,2373.29575807311,2370.37873589479,2321.28049742817,2329.24084052136,2336.28284163277,2341.65195447509,2366.71535248039,2319.88534940568,2524.27928544257,2381.16990639743,2380.76636396865,2353.44547513305,2400.50056110871,2317.78177498321,2324.07383985753,2332.45502498684,2339.54334876936,2325.20215052495,2391.93708686911,2352.68226045353,2448.05890921722,2393.09851668821,2387.24459728499,2357.19809496229,2394.99925902676,2354.43607175237,2322.60015347101,2327.51038136663,2351.09915403197,2310.84303785028,2355.6639941304,2359.70649656381,2313.70474202684,2392.70792602253,2356.41158437405,2389.94022963224,2364.55186240091,2337.84451629697,2322.54640572488,2326.37054909203
,91,2350.85310678149,2369.08449159693,2349.74458795806,2366.35801825485,2333.83959157729,2415.6176925381,2326.62911759049,2364.17507526522,2354.01490383282,2330.72751844551,2370.81491471548,2330.0017770063,2351.12909176614,2348.74662673334,2358.552399049,2358.23479129873,2413.69674530002,2369.15456675328,2412.13232024938,2357.95039153364,2343.7126381136,2324.69309091743,2365.63152355121,2333.5602390561,2368.55570017319,2377.09087996491,2379.07989097385,2418.97054797818,2396.24455216783,2435.8821409178,2367.95953255243,2413.17225688061,2346.94017692277,2379.47513874465,2322.7774477269,2336.30577913536,2315.7870567389,2455.31565889558,2334.58313980953,2338.05480741841,2383.65771843494,2392.21639024055,2425.53177078128,2358.39542308141,2347.08342716104,2326.095452552,2317.28829893735,2334.28788099262,2338.81316201157,2377.62765936917,2345.13879971009,2357.44133578844,2382.4382513475,2630.54096400863,2390.68714249824,2345.43812957545,2359.95107350537,2355.59864150974,2321.95450661141,2330.07093959088,2334.4972404501,2329.59877442129,2358.38956379855,2316.0185489699,2468.12923698573,2374.18999062866,2372.28700024337,2345.4037213243,2387.57733448174,2315.32587116236,2325.05737936164,2333.41173391037,2337.19990093096,2319.42582169608,2369.95117900382,2351.25056079144,2427.09100469551,2369.41061423303,2377.45410845535,2348.54662324101,2374.6260570988,2349.5679656989,2323.31152569613,2328.25574940866,2347.98468282877,2311.75423144983,2344.01599930202,2348.31196011119,2315.02948427035,2384.95070633764,2350.29432269512,2369.99016238997,2355.31208448891,2336.04362018823,2323.47737898914,2327.55412373431
,91.5,2346.29940739392,2352.04474782312,2343.37668234068,2362.63708959243,2332.22775116557,2407.49521194521,2324.30856831224,2356.20799055574,2351.12489935109,2330.29552476813,2364.11299081512,2330.33309204821,2347.0647770612,2339.283379242,2351.16735404438,2352.63075550725,2401.02633087901,2364.97464983637,2399.21685423687,2344.16163548998,2341.06288887181,2325.11513477801,2361.34247403078,2333.8909043636,2365.50982242658,2366.39338907178,2369.67434700034,2418.7704518859,2386.22866267484,2426.89910623149,2359.78309924838,2392.11126527147,2343.21522097762,2365.21170863257,2323.63181971731,2337.27990624348,2315.34925134358,2411.48398523132,2334.39455193414,2336.81251840512,2375.48404844499,2385.868393042,2411.19482119072,2354.49222608512,2343.92503023978,2326.79306422394,2318.53787902721,2335.51962650952,2336.87961772886,2353.14084937977,2343.42182802811,2356.89861336066,2370.4876313423,2524.96309890557,2379.23788303495,2340.78820683395,2351.57736933391,2346.61123540348,2322.72303716442,2330.8970221942,2332.96553607705,2322.297055367,2353.80287457304,2314.00502487605,2424.17206911722,2367.6283571069,2364.90408049588,2340.37203561097,2376.31266109675,2314.47639643958,2325.96195863916,2334.28668678706,2335.09009697741,2316.22729602738,2355.29216180085,2350.16846121229,2408.20870485262,2359.0814086738,2369.8465172988,2342.71180513205,2361.20619312588,2346.57933572023,2324.22347479318,2329.17395311365,2345.35419999168,2312.70731492627,2337.16504788539,2340.91520260532,2316.28447689572,2377.86761624435,2345.84336603585,2356.91608247029,2349.36334629729,2335.31264106019,2324.3321281159,2328.68282055911
,92,2343.18848799873,2343.53096668083,2340.53853654247,2360.19778617227,2331.50416710214,2399.39551967253,2322.33280755771,2351.65753256036,2349.3176218308,2330.5484809366,2358.68561754969,2330.61553065932,2344.12796965978,2335.42268612547,2347.81683081192,2349.36787068697,2390.44258433001,2361.02209955683,2388.4421043305,2336.73498620872,2339.65672293258,2325.4470989525,2358.16583024938,2334.48631234348,2363.26322477509,2359.84459156277,2362.68661938941,2418.72359975603,2377.43338094399,2418.05284515633,2353.86995756175,2375.48692332785,2340.79022003064,2354.58546377071,2324.57648136714,2338.15208539842,2315.14305689101,2379.51184006382,2333.94924331909,2336.48577176862,2368.43447280008,2379.61379439127,2399.48776016534,2350.6495110856,2341.78038250905,2327.6412808357,2319.83110771885,2336.61690400232,2335.51522617216,2339.88916736893,2341.96581639232,2356.37320686147,2360.62768950608,2449.13919104565,2369.84649509301,2337.36736650517,2346.72003053633,2341.11212166111,2323.37464650266,2331.98621581292,2332.04309065325,2318.21361664476,2350.53175562705,2313.36924803022,2392.38221921027,2361.58875091791,2358.61678387365,2337.30188771755,2366.8067922461,2314.36956642798,2326.71979991669,2335.40320772225,2333.69269983982,2314.6243519483,2346.7363554144,2349.23809280208,2392.15634629015,2354.99987429494,2363.57037768003,2338.97946360372,2352.36948545918,2344.83550062909,2325.24167153252,2329.82707739476,2343.14220837972,2313.80608706248,2333.46860790435,2336.27324854885,2317.43886612365,2371.4540473045,2342.35072545508,2348.76843948897,2345.1388530436,2335.13089804124,2325.57927913365,2329.63377351802
,92.5,2341.33551463443,2340.17855150604,2338.84379689039,2358.44279580382,2331.25615070142,2391.31675359571,2321.19370336079,2349.21907737015,2348.41123998301,2330.95320191411,2354.38033381886,2331.25702187672,2342.41033678642,2333.83738710792,2345.86073494278,2347.70643737222,2381.51305714594,2357.61727921746,2379.53569334704,2333.65162739818,2338.88322367263,2325.80704463563,2355.66579181911,2335.1939608681,2361.956805036,2355.65676912415,2357.76819024068,2418.91735931702,2370.21629728453,2409.28896200474,2350.04305032734,2362.72206946765,2339.32929681403,2347.1302026499,2325.63946188225,2339.35145610051,2315.33845236398,2358.77540370344,2333.41541182343,2336.52580243827,2362.44872216717,2373.38234839906,2390.32439158963,2347.34708255893,2340.11971551083,2328.58417114564,2321.1142000442,2337.79667287462,2334.87502217146,2334.28073901211,2340.83346804203,2355.87125214055,2352.5258076057,2401.26899379046,2362.65784096168,2334.81820848473,2343.98499344331,2338.28002839206,2324.08412460435,2333.16838614565,2331.44548083847,2316.3425231428,2347.77436220098,2313.22116509495,2372.540636567,2356.31568645878,2353.45788305721,2335.90306490015,2359.58697520791,2314.71021520246,2327.38700523081,2336.38704232119,2332.685957224,2313.96775873198,2342.37338303609,2348.37150914345,2379.63850230869,2351.36335301518,2358.62662867651,2336.84275806575,2346.69411006253,2343.4510128753,2326.30557781733,2330.93016004574,2341.43169954549,2315.00071552463,2331.68827216594,2333.80911104101,2318.27487445239,2365.14805958053,2339.41225503932,2344.54860421832,2341.97302806528,2335.14211266593,2327.25739005805,2330.45422199251
,93,2340.24990415107,2338.15398493528,2337.65767596382,2357.2538748477,2330.93634512513,2383.87954703875,2320.56842138774,2348.06283594124,2347.87741387943,2331.43913044476,2350.92817578168,2331.91662044152,2341.36660837194,2333.01308194374,2344.55135420701,2346.87692449171,2374.29337971119,2354.70489131274,2371.97351468975,2332.73349726821,2338.48324760894,2326.20583476689,2353.72553791056,2335.83834043992,2361.34416466651,2352.49055431476,2354.46011292551,2419.3153278289,2364.4848994038,2400.55376708519,2347.54938122349,2353.48159321724,2338.28707699434,2342.57564249159,2326.44414486273,2340.51279889892,2315.75583311428,2346.51444447423,2333.13337676273,2336.53634992665,2357.5698095294,2367.10319456048,2383.09347486577,2344.59648237359,2338.79401911758,2329.71520855682,2322.35501717523,2338.84170649498,2334.84274788734,2332.11793020554,2340.11056520557,2355.20970059561,2345.76559206888,2378.7923500542,2357.0440070037,2333.08983871831,2342.63661484649,2337.13764268193,2325.24217333307,2334.31060582322,2331.28655871393,2315.74727173777,2345.59790479963,2313.55409119901,2362.31456486779,2351.9105037483,2349.34941757823,2335.25086629074,2354.55107840422,2315.53318573772,2327.96493416267,2337.53582818502,2332.46780474826,2313.91490468313,2340.39049463407,2347.74037794875,2370.11574805667,2348.15999026024,2354.5865803324,2335.59730437665,2342.99165264495,2342.67653166263,2327.39250835732,2331.99104876317,2340.21574569497,2315.93027340992,2330.84576604155,2332.8873489515,2319.33580236759,2359.28839559263,2337.09988863154,2342.64171108906,2339.84993509168,2335.13969321406,2328.90772824294,2331.62322363113
,93.5,2339.88508414631,2337.0859320477,2336.78922474304,2356.3673879523,2330.65443826718,2376.79819903482,2320.38547252556,2347.17668657527,2347.5941676858,2332.12935081237,2347.95143329352,2332.8758550193,2340.96601971535,2332.47563246371,2343.48397755224,2346.26946169058,2367.7536413226,2352.26750947241,2365.03342858648,2332.42923201004,2338.46829207455,2326.67367152203,2352.45019954971,2336.2317356046,2361.32680250415,2349.9369913725,2352.27838873159,2419.57948576051,2359.9081513529,2392.32714517736,2345.87573829394,2347.10089044728,2337.83101615116,2339.84145589074,2327.34680657495,2341.37175318463,2316.30557267507,2341.36099360395,2332.79891335381,2336.86196420072,2353.62327457916,2361.37378590267,2376.4554045624,2342.67347138618,2338.02646765194,2330.48915853625,2323.38110046546,2339.83489856066,2335.19086191218,2331.15013325689,2339.21578933367,2354.31332200288,2339.90862281371,2372.82027100213,2352.41504275056,2331.96970663377,2341.6999418162,2336.8801219773,2326.77948214882,2335.38714905224,2331.61963074094,2316.01577144927,2343.83289100042,2313.82304867589,2355.31856856188,2348.21095023554,2345.67801040332,2334.90885750673,2351.98219486223,2316.61156958507,2328.5987454764,2338.75897589104,2332.39273577487,2314.18839166875,2338.7000150981,2347.10547453488,2362.56728547283,2345.22708254168,2350.82173169061,2334.7349477159,2340.68402327833,2341.76317959296,2328.63243888783,2332.98635692582,2339.45143909016,2316.65206038022,2330.39136158858,2332.75653057519,2320.20601783796,2353.88709465711,2334.98479463671,2341.57774643277,2338.54422312569,2335.30185663313,2330.43509945738,2332.75706909164
,94,2339.62594071276,2336.34155740036,2336.34131841986,2355.47875824183,2330.24426663192,2370.82367777228,2320.84551644793,2346.43617274482,2347.5810110915,2332.8239160299,2345.43759426075,2333.80925503562,2340.73027313028,2332.4484264212,2342.90084968393,2345.59009349502,2362.33266916405,2349.98633391508,2358.8886336719,2332.33202419974,2338.65353649683,2327.12871819246,2351.83057059894,2336.09101831242,2361.60710332333,2347.92981550373,2351.00027699358,2419.81852256819,2355.91375328239,2384.0062995332,2344.61729418295,2343.38158159292,2337.80632858654,2339.00878127322,2328.18970628949,2342.3394474216,2317.0332132907,2340.59801359647,2333.01633066539,2337.1058895537,2350.55635078921,2356.08101604597,2370.28126450007,2341.98587459779,2337.10143551328,2330.8577047862,2323.96201056462,2340.71382493627,2335.60740116994,2330.61480380743,2338.81929323133,2353.55950373184,2335.28082697844,2368.63813250367,2348.14624702726,2331.64151752744,2341.55106370635,2336.7305156354,2328.89764109186,2336.5262151485,2332.48092884167,2316.66539031376,2342.26535082629,2314.48319994446,2350.83556806303,2345.36104274438,2342.44163320899,2335.03198802415,2351.10881382874,2317.54590443355,2329.23324725626,2340.4433805318,2333.02003844076,2314.36364490524,2337.80983774589,2347.21348534073,2356.66400709738,2342.60077569893,2347.37144836115,2334.18956964403,2339.13985719603,2341.6481011639,2329.79251794713,2334.09359855723,2339.10098689777,2317.39388494005,2330.51258713875,2333.25446337267,2321.64456290603,2349.23620281019,2333.33139628106,2340.76063149887,2338.44947898968,2335.0734522994,2331.65733915272,2334.1728013304
,94.5,2339.37079071553,2335.96662302398,2335.73789401194,2354.70595920718,2329.69502479012,2364.98772335569,2321.55642436244,2345.70529788587,2347.67970560554,2333.37460946155,2343.20292089935,2334.90206110703,2340.67977779732,2332.47066091419,2342.42941820299,2344.88587871018,2357.15072692295,2348.03717868715,2352.96227259633,2332.29426150579,2338.75945749939,2327.63870192448,2351.21296482895,2335.86418521542,2362.03487624976,2345.85993187478,2350.20181204928,2420.08866840756,2352.42471106752,2375.89637056743,2343.54045311068,2340.06450446367,2337.92734830528,2339.00075394954,2328.88265763192,2343.3198720297,2317.83278520535,2340.3341816678,2333.45286250169,2337.24669096704,2347.82945429456,2350.7950567517,2364.28149935528,2341.8274063385,2336.31213174663,2331.15614036902,2324.64009177237,2341.62729986947,2336.20557422935,2330.196314734,2338.54401202077,2352.69747223295,2330.85238575873,2364.64820646206,2344.45616933675,2331.49300429682,2341.60727218446,2336.99432846654,2331.17464751934,2337.52856196559,2333.35050694301,2317.41956551997,2340.75015931816,2315.18715149391,2347.58817373865,2342.80380577431,2339.59537630522,2335.40436854045,2351.25265209168,2318.6548888017,2329.92795631646,2342.11833586956,2333.76828025017,2314.72143950019,2337.07544834286,2347.32734920766,2351.43646752937,2340.06532557709,2344.04232309368,2333.87091658238,2338.05942509523,2341.43153945438,2330.97251113668,2335.26907791095,2338.97809816791,2318.01437309401,2330.71535599552,2333.90137673923,2323.11008309059,2344.57400256768,2331.84111263795,2340.57092612128,2338.70000001829,2334.81609323527,2332.78444592616,2335.84482742801
,95,2339.17098424353,2335.85131508776,2335.66320593904,2353.41085025653,2329.36483594037,2361.47529825686,2322.9789788611,2345.33251477156,2348.24661609818,2334.23419004659,2340.91961503394,2335.76106397547,2340.3332761096,2333.4188034435,2342.53056633034,2343.44724772183,2353.8928260343,2345.5298294446,2348.05104257746,2332.33931588618,2339.1498851615,2328.19946157536,2351.13826231904,2334.56962716653,2362.54979806644,2344.91437201617,2349.94186793502,2420.11577350674,2349.39551703555,2367.52205198842,2342.53748590548,2339.42164703259,2338.32595379643,2340.48722293694,2329.65097387696,2344.41509597689,2319.0406329953,2339.73949484594,2334.95119102686,2337.29051678716,2346.15198426819,2346.58342397156,2359.11770478103,2343.29589201099,2334.87908767094,2330.91538197272,2324.43302111836,2342.25489378065,2336.18067282871,2329.56637164571,2339.34218672425,2352.64272944905,2327.69977483778,2361.68369833511,2340.26518717127,2332.55100077264,2342.76384935866,2337.08333633865,2334.44419193127,2338.84302973162,2334.99430856026,2318.36913342064,2339.6155785595,2316.57657650434,2345.20899912812,2341.11371264021,2336.54129314183,2335.66600752026,2352.11564752096,2319.28793143183,2330.64613299155,2344.49387850511,2335.06532058375,2314.82021175664,2337.47727681326,2349.11924121862,2347.22274231511,2338.38055463341,2341.68491396054,2333.5328307884,2337.32082247515,2342.94836759307,2331.82705585087,2336.5229578244,2339.56315173403,2318.63895904913,2332.28155801704,2335.43353315917,2325.94511579101,2341.42924206894,2330.9695893667,2339.57263788418,2340.35614903113,2333.81925277515,2332.89566973171,2337.68895055654
